,Room Description,Guest Room Info
183,FLEXIBLE RATE|1KING HEARING ACCESSIBLE STUDIO SUITE NOSMOK VISUAL FIRE ALARM/DOOR/PHONE ALERT,Accessible Room
185,2X POINTS PACKAGE|1KING HEARING ACCESSIBLE STUDIO SUITE NOSMOK VISUAL FIRE ALARM/DOOR/PHONE ALERT,Accessible Room
237,SEMI-FLEX|1KING HEARING ACCESSIBLE STUDIO SUITE NOSMOK VISUAL FIRE ALARM/DOOR/PHONE ALERT,Accessible Room
242,FLEXIBLE RATE|1KING HEARING ACCESSIBLE SUITE NONSMOKING VISUAL FIRE ALARM/DOOR/PHONE ALERT,Accessible Room
250,2X POINTS PACKAGE|1KING HEARING ACCESSIBLE SUITE NONSMOKING VISUAL FIRE ALARM/DOOR/PHONE ALERT,Accessible Room
268,SEMI-FLEX|1KING HEARING ACCESSIBLE SUITE NONSMOKING VISUAL FIRE ALARM/DOOR/PHONE ALERT,Accessible Room
505,FLEXIBLE RATE|1 KING 1BDRM MOBILITY ACCESS W/ TUB NO SMOK WIFI AVL-SLEEPER SOFA-MICROWAVE-REFRIGERATOR,Accessible Room
538,FLEXIBLE RATE|1KING MOBILTY/HEARING ACCESS RI SHWR SUITE NS VISUAL FIRE ALARM/DOOR/PHONE ALERT,Accessible Room
540,BOOKS FOR KIDS|1KING HEARING ACCESSIBLE STUDIO SUITE NOSMOK VISUAL FIRE ALARM/DOOR/PHONE ALERT,Accessible Room
557,2X POINTS PACKAGE|1KING MOBILTY/HEARING ACCESS RI SHWR SUITE NS VISUAL FIRE ALARM/DOOR/PHONE ALERT,Accessible Room
566,FLEXIBLE RATE|1 KING 1BDRM MOBILITY ACCESS W/ TUB NO SMOK WIFI AVL-SLEEPER SOFA-MICROWAVE-REFRIGERATOR,Accessible Room
616,SEMI-FLEX|1KING MOBILTY/HEARING ACCESS RI SHWR SUITE NS VISUAL FIRE ALARM/DOOR/PHONE ALERT,Accessible Room
636,FLEXIBLE RATE|1 KING 1BDRM MOBILITY ACCESS W/ TUB NO SMOK WIFI AVL-SLEEPER SOFA-MICROWAVE-REFRIGERATOR,Accessible Room
642,BEST AVAILABLE RATE|MOBILITY ACCESSIBLE GUESTROOM KING WITH SOFABED -TUB,Accessible Room
677,JEAN GEORGES BED AND BREAKFAST|ADA ACCESSIBLE ROOM. KING BED. 450 SQFT. COURTYARD VIEW. COMP WIFI,Accessible Room
678,BEST AVAILABLE RATE|ADA ACCESSIBLE ROOM. KING BED. 450 SQFT. COURTYARD VIEW. COMP WIFI,Accessible Room
693,FLEXIBLE RATE|1 KING 1BDRM MOBILITY ACCESS W/ TUB NO SMOK WIFI AVL-SLEEPER SOFA-MICROWAVE-REFRIGERATOR,Accessible Room
720,BEST AVAILABLE RATE|MOBILITY ACCESSIBLE GUESTROOM KING WITH SOFABED -ROLL-IN SHOWER,Accessible Room
775,PREFERRED SUITES|ADA ACCESSIBLE ROOM. KING BED. 450 SQFT. COURTYARD VIEW. COMP WIFI,Accessible Room
819,FLEXIBLE RATE|1 KING MOBILITY/HEARING ACCESSIBLE RI SHWR VIS FIREALRM/DOOR/PHN ALRT,Accessible Room
826,FLEXIBLE RATE|URBAN 2 DOUBLE HEARING ACCESSIBLE 30USD MAND CHG/VIS FIREALRM/DOOR/PHN ALRT,Accessible Room
827,FLEXIBLE RATE|URBAN 1 KING MOBILITY ACCESS BATHTUB 30USD MAND CHG/VIS FIREALRM/DOOR/PHN ALRT,Accessible Room
841,FLEXIBLE RATE|1 KING MOBILITY/HEARING ACCESSIBLE W/ BATHTUB VIS FIREALRM/DOOR/PHN ALRT,Accessible Room
843,BEST AVAILABLE RATE|2 QUEENS HEARING ACCESSIBLE NONSMOKING VIS FIREALRM/DOOR/PHN ALRT/HDTV,Accessible Room
844,SEMI-FLEX|URBAN 2 DOUBLE HEARING ACCESSIBLE 30USD MAND CHG/VIS FIREALRM/DOOR/PHN ALRT,Accessible Room
847,SEMI-FLEX|URBAN 1 KING MOBILITY ACCESS BATHTUB 30USD MAND CHG/VIS FIREALRM/DOOR/PHN ALRT,Accessible Room
850,2X POINTS PACKAGE|1 KING 1BDRM MOBILITY ACCESS W/ TUB NO SMOK WIFI AVL-SLEEPER SOFA-MICROWAVE-REFRIGERATOR,Accessible Room
899,2X POINTS PACKAGE|1 KING MOBILITY/HEARING ACCESS W/TUB NONSMOK VIS FIREALRM/DOOR/PHN ALRT,Accessible Room
909,2X POINTS|1 KING MOBILITY/HEARING ACCESSIBLE W/ BATHTUB VIS FIREALRM/DOOR/PHN ALRT,Accessible Room
925,FLEXIBLE RATE|2 QUEEN HEARING ACCESSIBLE ROOM VIS FIREALRM/DOOR/PHN ALRT,Accessible Room
933,FLEXIBLE RATE|2 QUEEN MOBILITY ACCESSIBLE W/ BATHTUB COMP WIFI- BED WITH ADJUSTABLE FIRMNESS DIAL,Accessible Room
936,FLEXIBLE RATE|1 KING MOBILITY/HEARING ACCESS W/RI SHWR VIS FIREALRM/DOOR/PHN ALRT,Accessible Room
941,FLEXIBLE RATE|1KING HEARING ACCESSIBLE STUDIO SUITE NOSMOK VISUAL FIRE ALARM/DOOR/PHONE ALERT,Accessible Room
947,SEMI-FLEX|2QUEEN HEARING ACCESSIBLE STUDIO SUITE NOSMOK VISUAL FIRE ALARM/DOOR/PHONE ALERT,Accessible Room
964,2X POINTS PACKAGE|1 KING 1BDRM MOBILITY ACCESS W/ TUB NO SMOK WIFI AVL-SLEEPER SOFA-MICROWAVE-REFRIGERATOR,Accessible Room
966,2X POINTS PACKAGE|2QUEEN HEARING ACCESSIBLE STUDIO SUITE NOSMOK VISUAL FIRE ALARM/DOOR/PHONE ALERT,Accessible Room
972,SEMI-FLEX|1 KING MOBILITY/HEARING ACCESSIBLE RI SHWR VIS FIREALRM/DOOR/PHN ALRT,Accessible Room
988,PARK AND GO|2QUEEN HEARING ACCESSIBLE STUDIO SUITE NOSMOK VISUAL FIRE ALARM/DOOR/PHONE ALERT,Accessible Room
1075,FLEXIBLE RATE|1KING MOBILTY/HEARING ACCESS RI SHWR SUITE NS VISUAL FIRE ALARM/DOOR/PHONE ALERT,Suite
1076,2X POINTS PACKAGE|1KING MOBILTY/HEARING ACCESS RI SHWR SUITE NS VISUAL FIRE ALARM/DOOR/PHONE ALERT,Suite
1077,PARK AND STAY AAA|1KING MOBILTY/HEARING ACCESS RI SHWR SUITE NS VISUAL FIRE ALARM/DOOR/PHONE ALERT,Suite
1078,PARK AND STAY AARP|1KING MOBILTY/HEARING ACCESS RI SHWR SUITE NS VISUAL FIRE ALARM/DOOR/PHONE ALERT,Suite
1079,PARK AND GO|1KING MOBILTY/HEARING ACCESS RI SHWR SUITE NS VISUAL FIRE ALARM/DOOR/PHONE ALERT,Suite
1107,SEMI-FLEX|1KING MOBILTY/HEARING ACCESS RI SHWR SUITE NS VISUAL FIRE ALARM/DOOR/PHONE ALERT,Suite
1481,BOOKS FOR KIDS|1KING MOBILTY/HEARING ACCESS RI SHWR SUITE NS VISUAL FIRE ALARM/DOOR/PHONE ALERT,Suite
1581,"REGULAR RATE|FLEXIBLE RATE, 1 BEDROOM SUITE, 1 KING",Suite
1694,"REGULAR RATE|FLEXIBLE RATE, 1 BEDROOM LARGER SUITE, 1 KING, SOFA BED",Suite
1697,"REGULAR RATE|FLEXIBLE RATE, 1 BEDROOM SUITE, 1 KING, SOFA BED",Suite
1903,"REGULAR RATE|FLEXIBLE RATE, 1 BEDROOM SUITE, 1 KING",Suite
1965,"REGULAR RATE|FLEXIBLE RATE, SUITE, 1 KING, SOFA BED",Suite
1969,"REGULAR RATE|FLEXIBLE RATE, 1 BEDROOM 2 ROOM SUITE, 1 KING, SOFA BED",Suite
2029,"REGULAR RATE|FLEXIBLE RATE, EXECUTIVE SUITE, 1 BEDROOM EXECUTIVE SUITE, 1 KING, SOFA BED",Executive/Club Suite
2038,"REGULAR RATE|FLEXIBLE RATE, EXECUTIVE SUITE, 1 KING",Executive/Club Suite
2047,"REGULAR RATE|FLEXIBLE RATE, 1 BEDROOM EXECUTIVE SUITE, 1 KING, SOFA BED",Executive/Club Suite
2068,"REGULAR RATE|FLEXIBLE RATE, 1 BEDROOM EXECUTIVE SUITE, 1 KING, SOFA BED",Executive/Club Suite
2095,"REGULAR RATE|FLEXIBLE RATE, 1 BEDROOM EXECUTIVE SUITE, 1 KING",Executive/Club Suite
2102,"REGULAR RATE|FLEXIBLE RATE, 1 BEDROOM EXECUTIVE SUITE, 1 KING",Executive/Club Suite
2109,"REGULAR RATE|FLEXIBLE RATE, EXECUTIVE SUITE, 1 KING, SOFA BED",Executive/Club Suite
2123,"REGULAR RATE|FLEXIBLE RATE, 1 BEDROOM EXECUTIVE SUITE, 1 KING, SOFA BED",Executive/Club Suite
2129,"REGULAR RATE|FLEXIBLE RATE, EXECUTIVE SUITE, 1 KING",Executive/Club Suite
2162,"REGULAR RATE|FLEXIBLE RATE, 1 BEDROOM EXECUTIVE SUITE, 1 BEDROOM LARGER SUITE, 1 KING",Executive/Club Suite
2167,"REGULAR RATE|FLEXIBLE RATE, EXECUTIVE SUITE, 1 KING, SOFA BED",Executive/Club Suite
2168,"REGULAR RATE|FLEXIBLE RATE, 1 BEDROOM EXECUTIVE SUITE, 1 KING, SOFA BED",Executive/Club Suite
2173,"REGULAR RATE|FLEXIBLE RATE, EXECUTIVE SUITE, 1 KING",Executive/Club Suite
2177,"REGULAR RATE|FLEXIBLE RATE, EXECUTIVE SUITE, 1 KING, SOFA BED",Executive/Club Suite
2187,"REGULAR RATE|FLEXIBLE RATE, EXECUTIVE SUITE, 1 KING, SOFA BED",Executive/Club Suite
2191,"REGULAR RATE|FLEXIBLE RATE, 1 BEDROOM EXECUTIVE SUITE, 1 KING, SOFA BED",Executive/Club Suite
2193,"REGULAR RATE|FLEXIBLE RATE, EXECUTIVE SUITE, 1 KING",Executive/Club Suite
2196,"REGULAR RATE|FLEXIBLE RATE, EXECUTIVE SUITE, 1 KING, SOFA BED",Executive/Club Suite
2197,"REGULAR RATE|FLEXIBLE RATE, EXECUTIVE SUITE, 1 KING, SOFA BED",Executive/Club Suite
2204,"REGULAR RATE|FLEXIBLE RATE, EXECUTIVE SUITE, 2 QUEEN",Executive/Club Suite
2223,"REGULAR RATE|FLEXIBLE RATE, EXECUTIVE SUITE, 1 BEDROOM EXECUTIVE SUITE, 1 KING, SOFA BED",Executive/Club Suite
2230,"REGULAR RATE|FLEXIBLE RATE, EXECUTIVE SUITE, 1 KING",Executive/Club Suite
2231,FLEXIBLE RATE|EXECUTIVE SUITE 2 DBL BEDS 30USD MAND CHG/SITTING AREA/EXEC LOUNGE/1BDRM,Executive/Club Suite
2234,SEMI-FLEX|EXECUTIVE SUITE 2 DBL BEDS 30USD MAND CHG/SITTING AREA/EXEC LOUNGE/1BDRM,Executive/Club Suite
2239,"MARRIOTT SENIOR DISC.|MARRIOTT SENIOR DISCOUNT, INCLUDES 62 YEARS AND OLDER VALID ID REQUIRED, EXECUTIVE SUITE, 1 KING, SOFA BED",Executive/Club Suite
2243,FLEXIBLE RATE|2 ROOM EXECUTIVE SUITE-1 KING BED-NONSMOKING CONFERENCE TABLE FOR 8-WIFI AVAILABLE,Executive/Club Suite
2244,"REGULAR RATE|FLEXIBLE RATE, 1 BEDROOM EXECUTIVE SUITE, 1 KING",Executive/Club Suite
2251,"REGULAR RATE|FLEXIBLE RATE, 1 BEDROOM EXECUTIVE SUITE, 1 KING, SOFA BED",Executive/Club Suite
2257,"AAA HOT DEALS|AAA CAA HOT DEALS, MEMBERSHIP CARD REQUIRED, 1 BEDROOM EXECUTIVE SUITE, 1 KING",Executive/Club Suite
2266,"REGULAR RATE|FLEXIBLE RATE, EXECUTIVE SUITE, 1 KING, SOFA BED",Executive/Club Suite
2270,"REGULAR RATE|FLEXIBLE RATE, EXECUTIVE SUITE, 1 KING",Executive/Club Suite
2274,"REGULAR RATE|FLEXIBLE RATE, EXECUTIVE SUITE, 1 KING",Executive/Club Suite
2275,"REGULAR RATE|FLEXIBLE RATE, EXECUTIVE SUITE, 1 KING, SOFA BED",Executive/Club Suite
2284,2X POINTS PACKAGE|2 ROOM EXECUTIVE SUITE-1 KING BED-NONSMOKING CONFERENCE TABLE FOR 8-WIFI AVAILABLE,Executive/Club Suite
2292,"REGULAR RATE|FLEXIBLE RATE, 1 BEDROOM EXECUTIVE SUITE, 1 KING, SOFA BED",Executive/Club Suite
2310,FLEXIBLE RATE|EXECUTIVE SUITE 1 KING BED 30USD MAND CHG/SITTING AREA/EXEC LOUNGE,Executive/Club Suite
2319,SEMI-FLEX|EXECUTIVE SUITE 1 KING BED 30USD MAND CHG/SITTING AREA/EXEC LOUNGE,Executive/Club Suite
2331,PREMIUM WI-FI|2 ROOM EXECUTIVE SUITE-1 KING BED-NONSMOKING CONFERENCE TABLE FOR 8-WIFI AVAILABLE,Executive/Club Suite
2335,"REGULAR RATE|FLEXIBLE RATE, EXECUTIVE SUITE, 1 KING",Executive/Club Suite
2338,"REGULAR RATE|FLEXIBLE RATE, EXECUTIVE SUITE, 1 KING, SOFA BED",Executive/Club Suite
2339,"REGULAR RATE|FLEXIBLE RATE, 1 BEDROOM EXECUTIVE SUITE, 1 KING, SOFA BED",Executive/Club Suite
2343,"REGULAR RATE|FLEXIBLE RATE, EXECUTIVE SUITE, 1 KING, SOFA BED",Executive/Club Suite
2352,"REGULAR RATE|FLEXIBLE RATE, EXECUTIVE SUITE, 1 KING",Executive/Club Suite
2361,"PREPAY NONREF|PREPAY NON-REFUNDABLE, CHANGES UP TO 1 DAY PRIOR TO STAY, SEE RATE DETAILS, EXECUTIVE SUITE, 1 KING, SOFA BED",Executive/Club Suite
2394,"AAA AMERICAN AUTO ASSN|AAA CAA RATE, MEMBERSHIP CARD REQUIRED, 1 BEDROOM EXECUTIVE SUITE, 1 KING, SOFA BED",Executive/Club Suite
2395,"REGULAR RATE|FLEXIBLE RATE, EXECUTIVE SUITE, 1 KING",Executive/Club Suite
2405,"REGULAR RATE|FLEXIBLE RATE, EXECUTIVE SUITE, 1 KING, SOFA BED",Executive/Club Suite
2407,"AAA AMERICAN AUTO ASSN|AAA CAA RATE, MEMBERSHIP CARD REQUIRED, EXECUTIVE SUITE, 1 KING, SOFA BED",Executive/Club Suite
2408,"MEMBER RETAIL RATE|MEMBER RATE FLEXIBLE, EXECUTIVE SUITE, 1 KING",Executive/Club Suite
2412,"REGULAR RATE|FLEXIBLE RATE, 1 BEDROOM EXECUTIVE SUITE, 1 KING, SOFA BED, BALCONY",Executive/Club Suite
2427,"REGULAR RATE|FLEXIBLE RATE, EXECUTIVE SUITE, 1 KING, SOFA BED",Executive/Club Suite
2428,"AAA AMERICAN AUTO ASSN|AAA CAA RATE, MEMBERSHIP CARD REQUIRED, 1 BEDROOM EXECUTIVE SUITE, 1 KING, SOFA BED",Executive/Club Suite
2429,"PREPAY NONREF NO CHNG|PREPAY NON-REFUNDABLE NON-CHANGEABLE, PREPAY IN FULL, SEE RATE DETAILS, EXECUTIVE SUITE, 1 KING",Executive/Club Suite
2437,"MARRIOTT SENIOR DISC.|MARRIOTT SENIOR DISCOUNT, INCLUDES 62 YEARS AND OLDER VALID ID REQUIRED, EXECUTIVE SUITE, 1 KING, SOFA BED",Executive/Club Suite
2441,"REGULAR RATE|FLEXIBLE RATE, EXECUTIVE SUITE, 1 KING",Executive/Club Suite
2453,"AAA AMERICAN AUTO ASSN|AAA CAA RATE, MEMBERSHIP CARD REQUIRED, 1 BEDROOM EXECUTIVE SUITE, 1 KING, SOFA BED",Executive/Club Suite
2474,FLEXIBLE RATE|2 ROOM EXECUTIVE SUITE-1 KING BED-NONSMOKING CONFERENCE TABLE FOR 8-WIFI AVAILABLE,Executive/Club Suite
2475,"MARRIOTT SENIOR DISC.|MARRIOTT SENIOR DISCOUNT, INCLUDES 62 YEARS AND OLDER VALID ID REQUIRED, 1 BEDROOM EXECUTIVE SUITE, 1 KING, SOFA BED",Executive/Club Suite
2481,"REGULAR RATE|FLEXIBLE RATE, 1 BEDROOM EXECUTIVE SUITE, 1 KING, SOFA BED, BALCONY",Executive/Club Suite
2484,"REGULAR RATE|FLEXIBLE RATE, 1 BEDROOM EXECUTIVE SUITE, 1 KING, SOFA BED",Executive/Club Suite
2494,"REGULAR RATE|FLEXIBLE RATE, 1 BEDROOM EXECUTIVE SUITE, 1 KING, SOFA BED",Executive/Club Suite
2496,"REGULAR RATE|FLEXIBLE RATE, EXECUTIVE SUITE, 1 KING, SOFA BED",Executive/Club Suite
2518,"REGULAR RATE|FLEXIBLE RATE, EXECUTIVE SUITE, 1 KING, SOFA BED",Executive/Club Suite
2527,2X POINTS PACKAGE|2 ROOM EXECUTIVE SUITE-1 KING BED-NONSMOKING CONFERENCE TABLE FOR 8-WIFI AVAILABLE,Executive/Club Suite
2531,SEMI-FLEX|2 ROOM EXECUTIVE SUITE-1 KING BED-NONSMOKING CONFERENCE TABLE FOR 8-WIFI AVAILABLE,Executive/Club Suite
2538,BEST AVAILABLE RATE|EXECUTIVE SUITE,Executive/Club Suite
2563,"REGULAR RATE|FLEXIBLE RATE, 1 BEDROOM EXECUTIVE SUITE, 1 KING",Executive/Club Suite
2566,"REGULAR RATE|FLEXIBLE RATE, EXECUTIVE SUITE, 1 KING, SOFA BED",Executive/Club Suite
2570,"MARRIOTT SENIOR DISC.|MARRIOTT SENIOR DISCOUNT, INCLUDES 62 YEARS AND OLDER VALID ID REQUIRED, EXECUTIVE SUITE, 1 KING, SOFA BED",Executive/Club Suite
2571,"MEMBER RETAIL RATE|MEMBER RATE FLEXIBLE, 1 BEDROOM EXECUTIVE SUITE, 1 KING, CITY VIEW",Executive/Club Suite
2572,"REGULAR RATE|FLEXIBLE RATE, EXECUTIVE SUITE, 1 KING",Executive/Club Suite
2573,"REGULAR RATE|FLEXIBLE RATE, EXECUTIVE SUITE, 1 BEDROOM EXECUTIVE SUITE, 1 KING",Executive/Club Suite
2575,BEST AVAILABLE RATE|EXECUTIVE SUITE,Executive/Club Suite
2579,"MEMBER RETAIL RATE|MEMBER RATE FLEXIBLE, 1 BEDROOM EXECUTIVE SUITE, 1 KING",Executive/Club Suite
2583,FLEXIBLE RATE|2 ROOM EXECUTIVE SUITE-1 KING BED-NONSMOKING CONFERENCE TABLE FOR 8-WIFI AVAILABLE,Executive/Club Suite
2590,"REGULAR RATE|FLEXIBLE RATE, EXECUTIVE SUITE, EXECUTIVE SUITE, 1 KING",Executive/Club Suite
2591,"REGULAR RATE|FLEXIBLE RATE, 1 BEDROOM EXECUTIVE SUITE, 1 KING, SOFA BED",Executive/Club Suite
2592,"PREPAY NONREF|PREPAY NON-REFUNDABLE, CHANGES UP TO 1 DAY PRIOR TO STAY, SEE RATE DETAILS, EXECUTIVE SUITE, 1 KING, SOFA BED",Executive/Club Suite
2595,"PREPAY NONREF|PREPAY NON-REFUNDABLE, CHANGES UP TO 1 DAY PRIOR TO STAY, SEE RATE DETAILS, EXECUTIVE SUITE, 1 KING, SOFA BED",Executive/Club Suite
2611,"REGULAR RATE|FLEXIBLE RATE, EXECUTIVE SUITE, 1 BEDROOM EXECUTIVE SUITE, 1 KING",Executive/Club Suite
2624,"REGULAR RATE|FLEXIBLE RATE, 1 BEDROOM EXECUTIVE SUITE, 1 KING, SOFA BED",Executive/Club Suite
2627,"REGULAR RATE|FLEXIBLE RATE, EXECUTIVE SUITE, EXECUTIVE SUITE, 1 KING",Executive/Club Suite
2647,"REGULAR RATE|FLEXIBLE RATE, 1 BEDROOM EXECUTIVE SUITE, 2 QUEEN, SOFA BED",Executive/Club Suite
2658,"REGULAR RATE|FLEXIBLE RATE, EXECUTIVE SUITE, 1 KING, BALCONY",Executive/Club Suite
2680,"REGULAR RATE|FLEXIBLE RATE, 1 BEDROOM EXECUTIVE SUITE, 1 KING, SOFA BED, CITY VIEW",Executive/Club Suite
2681,"REGULAR RATE|FLEXIBLE RATE, EXECUTIVE SUITE, 1 KING",Executive/Club Suite
2695,"MEMBER RETAIL RATE|MEMBER RATE FLEXIBLE, EXECUTIVE SUITE, 1 KING",Executive/Club Suite
2700,"REGULAR RATE|FLEXIBLE RATE, 1 BEDROOM EXECUTIVE SUITE, 1 KING, SOFA BED, CORNER ROOM",Executive/Club Suite
2706,2X POINTS PACKAGE|2 ROOM EXECUTIVE SUITE-1 KING BED-NONSMOKING CONFERENCE TABLE FOR 8-WIFI AVAILABLE,Executive/Club Suite
2709,"AAA AMERICAN AUTO ASSN|AAA CAA RATE, MEMBERSHIP CARD REQUIRED, EXECUTIVE SUITE, 1 KING, SOFA BED",Executive/Club Suite
2711,"REGULAR RATE|FLEXIBLE RATE, 1 BEDROOM EXECUTIVE SUITE, 1 KING, SOFA BED",Executive/Club Suite
2718,"REGULAR RATE|FLEXIBLE RATE, EXECUTIVE SUITE, 1 BEDROOM SUITE, 1 KING, SOFA BED",Executive/Club Suite
2735,"MEMBER RETAIL RATE|MEMBER RATE FLEXIBLE, EXECUTIVE SUITE, 1 KING",Executive/Club Suite
2739,"AAA AMERICAN AUTO ASSN|AAA CAA RATE, MEMBERSHIP CARD REQUIRED, EXECUTIVE SUITE, 1 KING, SOFA BED",Executive/Club Suite
2746,"REGULAR RATE|FLEXIBLE RATE, EXECUTIVE SUITE, 1 KING, SOFA BED, CITY VIEW",Executive/Club Suite
2748,"REGULAR RATE|FLEXIBLE RATE, SEE RATE DETAILS, 1 BEDROOM EXECUTIVE SUITE, 1 KING, SOFA BED",Executive/Club Suite
2754,"STAY PASS|WORK ANYWHERE STAY PASS, SEE RATE DETAILS, EXECUTIVE SUITE, 1 KING",Executive/Club Suite
2768,"REGULAR RATE|FLEXIBLE RATE, EXECUTIVE SUITE, 1 KING, SOFA BED",Executive/Club Suite
2786,"REGULAR RATE|FLEXIBLE RATE, EXECUTIVE SUITE, 1 BEDROOM EXECUTIVE SUITE, 1 KING, SOFA BED",Executive/Club Suite
2792,"REGULAR RATE|FLEXIBLE RATE, 1 BEDROOM EXECUTIVE SUITE, 1 KING, SOFA BED",Executive/Club Suite
2796,"REGULAR RATE|FLEXIBLE RATE, EXECUTIVE SUITE, 2 QUEEN, SOFA BED",Executive/Club Suite
2799,"REGULAR RATE|FLEXIBLE RATE, 1 BEDROOM EXECUTIVE SUITE, 1 KING, SOFA BED",Executive/Club Suite
2807,"REGULAR RATE|FLEXIBLE RATE, EXECUTIVE SUITE, 1 KING, SOFA BED",Executive/Club Suite
2812,"REGULAR RATE|FLEXIBLE RATE, 1 BEDROOM EXECUTIVE SUITE, 1 KING",Executive/Club Suite
2817,EVERY 3RD NIGHT FREE|TOWERS EXECUTIVE SUITE KING - 655 SF OR 61 SM - OVERLOOKING ICONIC ST PATRICKS CATHEDRAL,Executive/Club Suite
2823,"REGULAR RATE|FLEXIBLE RATE, EXECUTIVE SUITE, 2 QUEEN, SOFA BED",Executive/Club Suite
2824,"REGULAR RATE|FLEXIBLE RATE, EXECUTIVE SUITE, SUITE, 1 KING",Executive/Club Suite
2829,"REGULAR RATE|FLEXIBLE RATE, 1 BEDROOM EXECUTIVE SUITE, 1 KING, SOFA BED",Executive/Club Suite
2834,"REGULAR RATE|FLEXIBLE RATE, EXECUTIVE SUITE, 1 KING, CORNER ROOM",Executive/Club Suite
2835,"BREAKFAST FOR ONE|ROOM AND BREAKFAST RATE, INCLUDES BREAKFAST FOR 1 GUEST, EXECUTIVE SUITE, 1 KING, SOFA BED",Executive/Club Suite
2837,"AAA AMERICAN AUTO ASSN|AAA CAA RATE, MEMBERSHIP CARD REQUIRED, EXECUTIVE SUITE, 1 KING, SOFA BED",Executive/Club Suite
2845,"REGULAR RATE|FLEXIBLE RATE, 1 BEDROOM EXECUTIVE SUITE, 1 KING",Executive/Club Suite
2846,BEST AVAILABLE RATE MASTER|EXECUTIVE SUITE -RIVER VIEW. LIVING ROOM. FREE WIFI.,Executive/Club Suite
2847,"REGULAR RATE|FLEXIBLE RATE, EXECUTIVE SUITE, 1 KING, SOFA BED",Executive/Club Suite
2861,"MEMBER RETAIL RATE|MEMBER RATE FLEXIBLE, EXECUTIVE SUITE, 1 KING, SOFA BED",Executive/Club Suite
2872,"REGULAR RATE|FLEXIBLE RATE, EXECUTIVE SUITE, 2 QUEEN, SOFA BED",Executive/Club Suite
2875,"REGULAR RATE|FLEXIBLE RATE, 1 BEDROOM EXECUTIVE SUITE, 1 KING, SOFA BED, CORNER ROOM",Executive/Club Suite
2878,"REGULAR RATE|FLEXIBLE RATE, EXECUTIVE SUITE, 1 KING, SOFA BED",Executive/Club Suite
2879,"REGULAR RATE|FLEXIBLE RATE, EXECUTIVE SUITE, 1 BEDROOM EXECUTIVE SUITE, 1 KING, SOFA BED",Executive/Club Suite
2880,"AAA AMERICAN AUTO ASSN|AAA CAA RATE, MEMBERSHIP CARD REQUIRED, EXECUTIVE SUITE, 1 KING",Executive/Club Suite
2882,"REGULAR RATE|FLEXIBLE RATE, 1 BEDROOM EXECUTIVE SUITE, 2 QUEEN, SOFA BED",Executive/Club Suite
2886,"REGULAR RATE|FLEXIBLE RATE, EXECUTIVE SUITE, 1 KING, SOFA BED, BALCONY",Executive/Club Suite
2888,"REGULAR RATE|FLEXIBLE RATE, EXECUTIVE SUITE, 1 KING, SOFA BED, BALCONY",Executive/Club Suite
2889,"REGULAR RATE|FLEXIBLE RATE, EXECUTIVE SUITE, 1 KING",Executive/Club Suite
2898,"REGULAR RATE|FLEXIBLE RATE, 1 BEDROOM EXECUTIVE SUITE, 1 KING, SOFA BED",Executive/Club Suite
2903,"AAA AMERICAN AUTO ASSN|AAA CAA RATE, MEMBERSHIP CARD REQUIRED, EXECUTIVE SUITE, 1 KING",Executive/Club Suite
2909,"MARRIOTT SENIOR DISC.|MARRIOTT SENIOR DISCOUNT, INCLUDES 62 YEARS AND OLDER VALID ID REQUIRED, EXECUTIVE SUITE, 1 KING, SOFA BED",Executive/Club Suite
2913,"MARRIOTT SENIOR DISC.|MARRIOTT SENIOR DISCOUNT, INCLUDES 62 YEARS AND OLDER VALID ID REQUIRED, 1 BEDROOM EXECUTIVE SUITE, 1 KING, SOFA BED",Executive/Club Suite
2923,"REGULAR RATE|FLEXIBLE RATE, EXECUTIVE SUITE, 1 KING",Executive/Club Suite
2939,"MEMBER RETAIL RATE|MEMBER RATE FLEXIBLE, 1 BEDROOM EXECUTIVE SUITE, 1 KING, SOFA BED",Executive/Club Suite
2942,"AAA AMERICAN AUTO ASSN|AAA CAA RATE, MEMBERSHIP CARD REQUIRED, 1 BEDROOM EXECUTIVE SUITE, 1 KING, SOFA BED",Executive/Club Suite
2944,"MEMBER RETAIL RATE|MEMBER RATE FLEXIBLE, 1 BEDROOM EXECUTIVE SUITE, 1 KING, SOFA BED",Executive/Club Suite
2949,"REGULAR RATE|FLEXIBLE RATE, EXECUTIVE SUITE, 1 KING, SOFA BED",Executive/Club Suite
2950,"MARRIOTT SENIOR DISC.|MARRIOTT SENIOR DISCOUNT, INCLUDES 62 YEARS AND OLDER VALID ID REQUIRED, EXECUTIVE SUITE, 1 KING, SOFA BED",Executive/Club Suite
2963,"MEMBER RETAIL RATE|MEMBER RATE FLEXIBLE, 1 BEDROOM EXECUTIVE SUITE, 1 KING, SOFA BED",Executive/Club Suite
2978,"AAA AMERICAN AUTO ASSN|AAA CAA RATE, MEMBERSHIP CARD REQUIRED, EXECUTIVE SUITE, 1 KING, SOFA BED",Executive/Club Suite
2983,"REGULAR RATE|FLEXIBLE RATE, EXECUTIVE SUITE, 1 KING, SOFA BED",Executive/Club Suite
2988,"MARRIOTT SENIOR DISC.|MARRIOTT SENIOR DISCOUNT, INCLUDES 62 YEARS AND OLDER VALID ID REQUIRED, EXECUTIVE SUITE, 1 KING, SOFA BED",Executive/Club Suite
2994,"REGULAR RATE|FLEXIBLE RATE, 1 BEDROOM EXECUTIVE SUITE, 1 KING, SOFA BED",Executive/Club Suite
2999,"REGULAR RATE|FLEXIBLE RATE, EXECUTIVE SUITE, 1 KING, SOFA BED",Executive/Club Suite
3006,STANDARD RATE ADA DBL TUB NOSB|ADA DOUBLE ROOM WITH ACCESSIBLE BATHTUB,Double Bed
3052,MRATE AVAIL BOOK WITH CONFIDEN|DOUBLE ROOM WITH 1 DOUBLE BED,Double Bed
3131,BEST AVAILABLE RATE|DOUBLE ROOM FOR SINGLE USE WITH BREAKFAST,Double Bed
3149,CCS RATE DBB AND FREE DRINK|SPACIOUS DOUBLE ROOM,Double Bed
3150,CCS PUBLIC SECTOR RATE BB|SPACIOUS DOUBLE ROOM,Double Bed
3156,MRATE AVAIL FLEXIBLE RATE - BB|DOUBLE ROOM WITH 1 DOUBLE BED,Double Bed
3157,MRATE AVAIL FLEXIBLE RATE|DOUBLE ROOM WITH 1 DOUBLE BED,Double Bed
3180,BEST AVAILABLE RATE|DOUBLE ROOM FOR SINGLE USE ONLY ROOM,Double Bed
3181,BEST AVAILABLE RATE|DOUBLE ROOM FOR SINGLE USE WITH BREAKFAST,Double Bed
3191,FLEXIBLE RATE ROOM ONLY|SPACIOUS DOUBLE ROOM,Double Bed
3192,FLEXIBLE RATE INC BREAKFAST|SPACIOUS DOUBLE ROOM,Double Bed
3198,MRATE AVAIL BOOK WITH CONFIDEN|DOUBLE ROOM WITH 1 DOUBLE BED,Double Bed
3207,CCS PUBLIC SECTOR RATE RO|SPACIOUS DOUBLE ROOM,Double Bed
3208,CCS ACCOMMODATIO/BB-NEGOTIATED|DOUBLE ROOM WITH 1 DOUBLE BED,Double Bed
3244,MRATE AVAIL BOOK WITH CONFIDEN|DOUBLE ROOM WITH 1 DOUBLE BED,Double Bed
3260,CCS ACCOMMODATIO/BB-NEGOTIATED|DOUBLE ROOM WITH 1 DOUBLE BED,Double Bed
3269,MRATE AVAIL FLEXIBLE RATE|DOUBLE ROOM WITH 1 DOUBLE BED,Double Bed
3270,MRATE AVAIL FLEXIBLE RATE - BB|DOUBLE ROOM WITH 1 DOUBLE BED,Double Bed
3277,RACK RATE|DOUBLE ROOM - NON SMOKING,Double Bed
3314,CCS ACCOMMODATIO/BB-NEGOTIATED|DOUBLE ROOM WITH 1 DOUBLE BED,Double Bed
3328,CCS ACCOMMODATIO/BB-NEGOTIATED|DOUBLE ROOM WITH 1 DOUBLE BED,Double Bed
3342,CCS PUBLIC SECTOR RATE BB|SPACIOUS DOUBLE ROOM,Double Bed
3343,MRATE AVAIL BOOK WITH CONFIDEN|COMPACT DOUBLE ROOM,Double Bed
3351,BEST AVAILABLE RATE|DOUBLE ROOM FOR SINGLE USE WITH BREAKFAST,Double Bed
3352,BEST AVAILABLE RATE|DOUBLE ROOM FOR SINGLE USE ONLY ROOM,Double Bed
3367,MRATE AVAIL BOOK WITH CONFIDEN|DOUBLE ROOM WITH 1 DOUBLE BED,Double Bed
3384,CCS RATE DBB AND FREE DRINK|SPACIOUS DOUBLE ROOM,Double Bed
3385,MRATE AVAIL FLEXIBLE RATE - BB|DOUBLE ROOM WITH 1 DOUBLE BED,Double Bed
3386,MRATE AVAIL FLEXIBLE RATE|DOUBLE ROOM WITH 1 DOUBLE BED,Double Bed
3391,MRATE AVAIL BOOK WITH CONFIDEN|DOUBLE ROOM WITH 1 DOUBLE BED,Double Bed
3404,BEST FLEXIBLE RATE INC BREAKFA|DOUBLE ROOM SEALY DOUBLE BED FREE WIFI FLAT SCREEN SATELLITE TV TEA COFFEE MAKING BEST FLEXIBLE RATE INC BREAKFAST,Double Bed
3405,BEST FLEXIBLE RATE INC ROOM ON|DOUBLE ROOM SEALY DOUBLE BED FREE WIFI FLAT SCREEN SATELLITE TV TEA COFFEE MAKING BEST FLEXIBLE RATE.  ROOM ONLY,Double Bed
3409,MRATE AVAIL FLEXIBLE RATE|SUPERIOR DOUBLE ROOM,Double Bed
3411,STAYCATION ANYWHERE RO|DOUBLE ROOM ENSUITE WIFI TV AIR CON SAFE - USB PORTS - HAIRDRYER,Double Bed
3414,WORLD RAINBOW HOTELS BAR  RO|DOUBLE ROOM ENSUITE WIFI TV AIR CON SAFE - USB PORTS - HAIRDRYER,Double Bed
3415,CORPORATE RATE BY HOTELREZ RO|DOUBLE ROOM ENSUITE WIFI TV AIR CON SAFE - USB PORTS - HAIRDRYER,Double Bed
3416,GOVERNMENT RATE BY HOTELREZ RO|DOUBLE ROOM ENSUITE WIFI TV AIR CON SAFE - USB PORTS - HAIRDRYER,Double Bed
3417,CCS ACCOMMODATIO/BB-NEGOTIATED|DOUBLE ROOM WITH 1 DOUBLE BED,Double Bed
3423,ADVANCE SAVER RATE INC ROOM ON|DOUBLE ROOM SEALY DOUBLE BED FREE WIFI FLAT SCREEN SATELLITE TV TEA COFFEE MAKING ADVANCE SAVER RATE - PAY NOW. ROOM ONLY. NONREF,Double Bed
3424,ADVANCE SAVER RATE INC BREAKFA|DOUBLE ROOM SEALY DOUBLE BED FREE WIFI FLAT SCREEN SATELLITE TV TEA COFFEE MAKING ADVANCE SAVER RATE - PAY NOW. INC BREAKFAST. NONREF,Double Bed
3438,MRATE AVAIL BOOK WITH CONFIDEN|DOUBLE ROOM WITH 1 DOUBLE BED,Double Bed
3439,MRATE AVAIL BOOK WITH CONFIDEN|DOUBLE ROOM WITH 1 DOUBLE BED,Double Bed
3440,MRATE AVAIL BOOK WITH CONFIDEN|DOUBLE ROOM WITH 1 DOUBLE BED,Double Bed
3450,CCS ACCOMMODATIO/BB-NEGOTIATED|DOUBLE ROOM WITH 1 DOUBLE BED,Double Bed
3461,MRATE AVAIL FLEXIBLE RATE - BB|SUPERIOR DOUBLE ROOM,Double Bed
3467,CWT BUSINESS RATES|DOUBLE ROOM SEALY DOUBLE BED FREE WIFI FLAT SCREEN SATELLITE TV TEA COFFEE MAKING CWT BUSINESS RATES GYM ACCESS WI-FI AND PARKING INCLUDED,Double Bed
3489,MRATE AVAIL BOOK WITH CONFIDEN|DOUBLE ROOM WITH 1 DOUBLE BED,Double Bed
3498,MRATE AVAIL FLEXIBLE RATE - BB|DOUBLE ROOM WITH 1 DOUBLE BED,Double Bed
3499,MRATE AVAIL FLEXIBLE RATE|DOUBLE ROOM WITH 1 DOUBLE BED,Double Bed
3512,CTM|DOUBLE ROOM WITH 1 DOUBLE BED,Double Bed
3514,CTM|DOUBLE ROOM WITH 1 DOUBLE BED,Double Bed
3517,GOVERNMENT UK 20/BB-NEGOTIATED|DOUBLE ROOM WITH 1 DOUBLE BED,Double Bed
3524,CCS ACCOMMODATIO/BB-NEGOTIATED|DOUBLE ROOM WITH 1 DOUBLE BED,Double Bed
3528,PREFERRED CONSORTIA RATE|SUPERIOR DOUBLE ROOM,Double Bed
3545,BEST FLEXIBLE RATE INC ROOM ON|DOUBLE ROOM SEALY DOUBLE BED FREE WIFI FLAT SCREEN SATELLITE TV TEA COFFEE MAKING BEST FLEXIBLE RATE.  ROOM ONLY,Double Bed
3546,FLEXIBLE RATE INC BREAKFAST|SPACIOUS DOUBLE ROOM,Double Bed
3548,BEST FLEXIBLE RATE INC ROOM ON|DOUBLE ROOM SEALY DOUBLE BED FREE WIFI FLAT SCREEN SATELLITE TV TEA COFFEE MAKING BEST FLEXIBLE RATE.  ROOM ONLY,Double Bed
3549,MRATE AVAIL BOOK WITH CONFIDEN|DOUBLE ROOM WITH 1 DOUBLE BED,Double Bed
3558,MRATE AVAIL FLEXIBLE RATE - BB|DOUBLE ROOM WITH 1 DOUBLE BED,Double Bed
3559,MRATE AVAIL FLEXIBLE RATE|DOUBLE ROOM WITH 1 DOUBLE BED,Double Bed
3560,MRATE AVAIL BOOK WITH CONFIDEN|DOUBLE ROOM WITH 1 DOUBLE BED,Double Bed
3561,WORLD RAINBOW HOTELS BAR  RO|DOUBLE ROOM NO WINDOW ENSUITE WIFI TV AIR CON SAFE - USB PORTS - HAIRDRYER,Double Bed
3564,CORPORATE RATE BY HOTELREZ RO|DOUBLE ROOM NO WINDOW ENSUITE WIFI TV AIR CON SAFE - USB PORTS - HAIRDRYER,Double Bed
3565,GOVERNMENT RATE BY HOTELREZ RO|DOUBLE ROOM NO WINDOW ENSUITE WIFI TV AIR CON SAFE - USB PORTS - HAIRDRYER,Double Bed
3566,BESTREZ RO INC VAT|DOUBLE ROOM NO WINDOW ENSUITE WIFI TV AIR CON SAFE - USB PORTS - HAIRDRYER,Double Bed
3571,MRATE AVAIL BOOK WITH CONFIDEN|DOUBLE ROOM WITH 1 DOUBLE BED,Double Bed
3573,CCS ACCOMMODATIO/BB-NEGOTIATED|DOUBLE ROOM WITH 1 DOUBLE BED,Double Bed
3575,CCS ACCOMMODATIO/BB-NEGOTIATED|DOUBLE ROOM WITH 1 DOUBLE BED,Double Bed
3585,RACK RATE|DOUBLE ROOM - NON SMOKING,Double Bed
3591,MRATE AVAIL BOOK WITH CONFIDEN|DOUBLE ROOM WITH 1 DOUBLE BED,Double Bed
3600,BEST FLEXIBLE RATE INC ROOM ON|DOUBLE ROOM SEALY DOUBLE BED FREE WIFI FLAT SCREEN SATELLITE TV TEA COFFEE MAKING BEST FLEXIBLE RATE.  ROOM ONLY,Double Bed
3621,MRATE AVAIL FLEXIBLE RATE - BB|COMPACT DOUBLE ROOM,Double Bed
3622,MRATE AVAIL FLEXIBLE RATE|COMPACT DOUBLE ROOM,Double Bed
3625,STAYCATION ANYWHERE|DOUBLE ROOM WITH WINDOWS ENSUITE WIFI TV AIR CON - SAFE - USB PORTS - HAIRDRYER,Double Bed
3626,BESTREZ RO INC VAT|DOUBLE ROOM WITH WINDOWS ENSUITE WIFI TV AIR CON - SAFE - USB PORTS - HAIRDRYER,Double Bed
3628,WORLD RAINBOW HOTELS BAR  RO|DOUBLE ROOM WITH WINDOWS ENSUITE WIFI TV AIR CON - SAFE - USB PORTS - HAIRDRYER,Double Bed
3629,GOVERNMENT RATE BY HOTELREZ RO|DOUBLE ROOM WITH WINDOWS ENSUITE WIFI TV AIR CON - SAFE - USB PORTS - HAIRDRYER,Double Bed
3631,CORPORATE RATE BY HOTELREZ RO|DOUBLE ROOM WITH WINDOWS ENSUITE WIFI TV AIR CON - SAFE - USB PORTS - HAIRDRYER,Double Bed
3638,BEST FLEXIBLE RATE INC BREAKFA|DOUBLE ROOM SEALY DOUBLE BED FREE WIFI FLAT SCREEN SATELLITE TV TEA COFFEE MAKING BEST FLEXIBLE RATE INC BREAKFAST,Double Bed
3645,WORLDWIDE INDEPENDENT TRAVEL N|DOUBLE ROOM WITH 1 DOUBLE BED,Double Bed
3650,ADVANCE SAVER RATE INC ROOM ON|DOUBLE ROOM SEALY DOUBLE BED FREE WIFI FLAT SCREEN SATELLITE TV TEA COFFEE MAKING ADVANCE SAVER RATE - PAY NOW. ROOM ONLY. NONREF,Double Bed
3652,GOVERNMENT UK 20/BB-NEGOTIATED|DOUBLE ROOM WITH 1 DOUBLE BED,Double Bed
3658,BEST FLEXIBLE RATE INC ROOM ON|DOUBLE ROOM SEALY DOUBLE BED FREE WIFI FLAT SCREEN SATELLITE TV TEA COFFEE MAKING BEST FLEXIBLE RATE.  ROOM ONLY,Double Bed
3659,MRATE AVAIL BOOK WITH CONFIDEN|DOUBLE ROOM WITH 1 DOUBLE BED,Double Bed
3665,ADVANCE SAVER RATE INC ROOM ON|DOUBLE ROOM SEALY DOUBLE BED FREE WIFI FLAT SCREEN SATELLITE TV TEA COFFEE MAKING ADVANCE SAVER RATE - PAY NOW. ROOM ONLY. NONREF,Double Bed
3667,CTM|DOUBLE ROOM WITH 1 DOUBLE BED,Double Bed
3669,CCS ACCOMMODATIO/BB-NEGOTIATED|DOUBLE ROOM WITH 1 DOUBLE BED,Double Bed
3672,CCS RATE DBB AND FREE DRINK|SPACIOUS DOUBLE ROOM,Double Bed
3673,MRATE AVAIL FLEXIBLE RATE - BB|DOUBLE ROOM WITH 1 DOUBLE BED,Double Bed
3674,MRATE AVAIL FLEXIBLE RATE|DOUBLE ROOM WITH 1 DOUBLE BED,Double Bed
3683,BEST AVAILABLE RATE|DOUBLE ROOM FOR SINGLE USE HALF BOARD,Double Bed
3684,BEST AVAILABLE RATE|DOUBLE ROOM FOR SINGLE USE ONLY ROOM,Double Bed
3685,BEST AVAILABLE RATE|DOUBLE ROOM FOR SINGLE USE WITH BREAKFAST,Double Bed
3692,STAYCATION ANYWHERE|DOUBLE ROOM NO WINDOW ENSUITE WIFI TV AIR CON SAFE - USB PORTS - HAIRDRYER,Double Bed
3694,WORLD RAINBOW HOTELS BAR  RO|DOUBLE ROOM NO WINDOW ENSUITE WIFI TV AIR CON SAFE - USB PORTS - HAIRDRYER,Double Bed
3695,CORPORATE RATE BY HOTELREZ RO|DOUBLE ROOM NO WINDOW ENSUITE WIFI TV AIR CON SAFE - USB PORTS - HAIRDRYER,Double Bed
3696,GOVERNMENT RATE BY HOTELREZ RO|DOUBLE ROOM NO WINDOW ENSUITE WIFI TV AIR CON SAFE - USB PORTS - HAIRDRYER,Double Bed
3699,BESTREZ RO INC VAT|DOUBLE ROOM NO WINDOW ENSUITE WIFI TV AIR CON SAFE - USB PORTS - HAIRDRYER,Double Bed
3711,BEST FLEXIBLE RATE INC BREAKFA|DOUBLE ROOM SEALY DOUBLE BED FREE WIFI FLAT SCREEN SATELLITE TV TEA COFFEE MAKING BEST FLEXIBLE RATE INC BREAKFAST,Double Bed
3714,RACK RATE|DOUBLE ROOM - NON SMOKING,Double Bed
3728,MRATE AVAIL FLEXIBLE RATE|DOUBLE ROOM WITH 1 DOUBLE BED,Double Bed
3729,MRATE AVAIL FLEXIBLE RATE - BB|DOUBLE ROOM WITH 1 DOUBLE BED,Double Bed
3730,RACK RATE|DOUBLE ROOM - SMOKING,Double Bed
3733,ADVANCE SAVER RATE INC BREAKFA|DOUBLE ROOM SEALY DOUBLE BED FREE WIFI FLAT SCREEN SATELLITE TV TEA COFFEE MAKING ADVANCE SAVER RATE - PAY NOW. INC BREAKFAST. NONREF,Double Bed
3734,GOVERNMENT UK 20/BB-NEGOTIATED|DOUBLE ROOM WITH 1 DOUBLE BED,Double Bed
3738,RACK RATE|DOUBLE ROOM - NON SMOKING,Double Bed
3739,ADVANCE SAVER RATE INC ROOM ON|DOUBLE ROOM SEALY DOUBLE BED FREE WIFI FLAT SCREEN SATELLITE TV TEA COFFEE MAKING ADVANCE SAVER RATE - PAY NOW. ROOM ONLY. NONREF,Double Bed
3742,CCS ACCOMMODATIO/BB-NEGOTIATED|DOUBLE ROOM WITH 1 DOUBLE BED,Double Bed
3743,MRATE AVAIL FLEXIBLE RATE|DOUBLE ROOM WITH 1 DOUBLE BED,Double Bed
3747,GOVERNMENT RATE BY HOTELREZ RO|DOUBLE ROOM ENSUITE WIFI TV AIR CON SAFE - USB PORTS - HAIRDRYER,Double Bed
3750,BEST AVAILABLE RATE|DOUBLE ROOM LARGE BED,Double Bed
3751,WORLD RAINBOW HOTELS BAR  RO|DOUBLE ROOM ENSUITE WIFI TV AIR CON SAFE - USB PORTS - HAIRDRYER,Double Bed
3752,BESTREZ RO INC WIFI - VAT|DOUBLE ROOM ENSUITE WIFI TV AIR CON SAFE - USB PORTS - HAIRDRYER,Double Bed
3753,STAYCATION ANYWHERE RO|DOUBLE ROOM ENSUITE WIFI TV AIR CON SAFE - USB PORTS - HAIRDRYER,Double Bed
3754,BEST AVAILABLE RATE|DOUBLE ROOM FOR SINGLE USE ONLY ROOM,Double Bed
3755,CORPORATE RATE BY HOTELREZ RO|DOUBLE ROOM ENSUITE WIFI TV AIR CON SAFE - USB PORTS - HAIRDRYER,Double Bed
3756,BEST AVAILABLE RATE|DOUBLE ROOM FOR SINGLE USE WITH BREAKFAST,Double Bed
3758,WORLD RAINBOW HOTELS BAR  RO|DOUBLE ROOM NO WINDOW ENSUITE WIFI TV AIR CON SAFE - USB PORTS - HAIRDRYER,Double Bed
3759,CORPORATE RATE BY HOTELREZ RO|DOUBLE ROOM NO WINDOW ENSUITE WIFI TV AIR CON SAFE - USB PORTS - HAIRDRYER,Double Bed
3761,GOVERNMENT RATE BY HOTELREZ RO|DOUBLE ROOM NO WINDOW ENSUITE WIFI TV AIR CON SAFE - USB PORTS - HAIRDRYER,Double Bed
3765,STAYCATION ANYWHERE RO|DOUBLE ROOM NO WINDOW ENSUITE WIFI TV AIR CON SAFE - USB PORTS - HAIRDRYER,Double Bed
3771,ADVANCE SAVER RATE INC ROOM ON|DOUBLE ROOM SEALY DOUBLE BED FREE WIFI FLAT SCREEN SATELLITE TV TEA COFFEE MAKING ADVANCE SAVER RATE - PAY NOW. ROOM ONLY. NONREF,Double Bed
3772,MRATE AVAIL FLEXIBLE RATE|DOUBLE ROOM WITH 1 DOUBLE BED,Double Bed
3773,MRATE AVAIL FLEXIBLE RATE - BB|DOUBLE ROOM WITH 1 DOUBLE BED,Double Bed
3779,MRATE AVAIL FLEXIBLE RATE - BB|DOUBLE ROOM WITH 1 DOUBLE BED,Double Bed
3783,GOVERNMENT UK 20/BB-NEGOTIATED|DOUBLE ROOM WITH 1 DOUBLE BED,Double Bed
3784,RACK RATE|DOUBLE ROOM - NON SMOKING,Double Bed
3786,CCS PUBLIC SECTOR RATE RO|SPACIOUS DOUBLE ROOM,Double Bed
3787,BEST FLEXIBLE RATE INC BREAKFA|DOUBLE ROOM SEALY DOUBLE BED FREE WIFI FLAT SCREEN SATELLITE TV TEA COFFEE MAKING BEST FLEXIBLE RATE INC BREAKFAST,Double Bed
3788,CWT BUSINESS RATES|DOUBLE ROOM SEALY DOUBLE BED FREE WIFI FLAT SCREEN SATELLITE TV TEA COFFEE MAKING CWT BUSINESS RATES GYM ACCESS WI-FI AND PARKING INCLUDED,Double Bed
3798,CCS ACCOMMODATIO/BB-NEGOTIATED|DOUBLE ROOM WITH 1 DOUBLE BED,Double Bed
3801,CTM|DOUBLE ROOM WITH 1 DOUBLE BED,Double Bed
3807,MRATE AVAIL FLEXIBLE RATE|DOUBLE ROOM WITH 1 DOUBLE BED,Double Bed
3808,MRATE AVAIL FLEXIBLE RATE - BB|DOUBLE ROOM WITH 1 DOUBLE BED,Double Bed
3810,GOVERNMENT RATE BY HOTELREZ RO|DOUBLE ROOM ENSUITE WIFI TV AIR CON SAFE - USB PORTS - HAIRDRYER,Double Bed
3812,WORLD RAINBOW HOTELS BAR  RO|DOUBLE ROOM ENSUITE WIFI TV AIR CON SAFE - USB PORTS - HAIRDRYER,Double Bed
3813,CORPORATE RATE BY HOTELREZ RO|DOUBLE ROOM ENSUITE WIFI TV AIR CON SAFE - USB PORTS - HAIRDRYER,Double Bed
3815,STAYCATION ANYWHERE RO|DOUBLE ROOM ENSUITE WIFI TV AIR CON SAFE - USB PORTS - HAIRDRYER,Double Bed
3820,WORLD RAINBOW HOTELS BAR  RO|DOUBLE ROOM NO WINDOW ENSUITE WIFI TV AIR CON SAFE - USB PORTS - HAIRDRYER,Double Bed
3821,CORPORATE RATE BY HOTELREZ RO|DOUBLE ROOM NO WINDOW ENSUITE WIFI TV AIR CON SAFE - USB PORTS - HAIRDRYER,Double Bed
3822,STAYCATION ANYWHERE RO|DOUBLE ROOM NO WINDOW ENSUITE WIFI TV AIR CON SAFE - USB PORTS - HAIRDRYER,Double Bed
3823,GOVERNMENT RATE BY HOTELREZ RO|DOUBLE ROOM NO WINDOW ENSUITE WIFI TV AIR CON SAFE - USB PORTS - HAIRDRYER,Double Bed
3829,MRATE AVAIL BOOK WITH CONFIDEN|DOUBLE ROOM WITH 1 DOUBLE BED,Double Bed
3830,BEST AVAILABLE ROOM ONLY|SPACIOUS DOUBLE ROOM,Double Bed
3839,MRATE AVAIL FLEXIBLE RATE|DOUBLE ROOM WITH 1 DOUBLE BED,Double Bed
3840,ADVANCE SAVER RATE INC BREAKFA|DOUBLE ROOM SEALY DOUBLE BED FREE WIFI FLAT SCREEN SATELLITE TV TEA COFFEE MAKING ADVANCE SAVER RATE - PAY NOW. INC BREAKFAST. NONREF,Double Bed
3841,MRATE AVAIL FLEXIBLE RATE - BB|DOUBLE ROOM WITH 1 DOUBLE BED,Double Bed
3845,CCS ACCOMMODATIO/BB-NEGOTIATED|DOUBLE ROOM WITH 1 DOUBLE BED,Double Bed
3851,RACK RATE|DOUBLE ROOM - NON SMOKING,Double Bed
3859,CCS ACCOMMODATIO/BB-NEGOTIATED|DOUBLE ROOM WITH 1 DOUBLE BED,Double Bed
3863,WIN NETWORK INC BREAKFAST|DOUBLE ROOM SEALY DOUBLE BED FREE WIFI FLAT SCREEN SATELLITE TV TEA COFFEE MAKING WIN NETWORK INC BREAKFAST GYM ACCESS WI-FI AND PARKING INCLUDED,Double Bed
3864,WIN WORLD INDEPENDENT NETWORK|DOUBLE ROOM SEALY DOUBLE BED FREE WIFI FLAT SCREEN SATELLITE TV TEA COFFEE MAKING WIN WORLD INDEPENDENT NETWORK ROOM ONLY GYM ACCESS WI-FI AND PARKING INCLUDED,Double Bed
3871,BEST FLEXIBLE RATE INC BREAKFA|DOUBLE ROOM SEALY DOUBLE BED FREE WIFI FLAT SCREEN SATELLITE TV TEA COFFEE MAKING BEST FLEXIBLE RATE INC BREAKFAST,Double Bed
3872,CCS PUBLIC SECTOR RATE RO|SPACIOUS DOUBLE ROOM,Double Bed
3876,FLEXIBLE - RATE WITH BREAKFAST|SUPERIOR DOUBLE ROOM,Double Bed
3882,BRITISH TELECOMMUNI-NEGOTIATED|DOUBLE ROOM WITH 1 DOUBLE BED,Double Bed
3885,MRATE AVAIL BOOK WITH CONFIDEN|PRIVILEGE DOUBLE ROOM,Double Bed
3886,GENERIC GOVERNMENT RATE BB|SPACIOUS DOUBLE ROOM,Double Bed
3887,FLEXIBLE - RATE|SUPERIOR DOUBLE ROOM,Double Bed
3889,BRITISH TELECOMMUNIC-CHAIN DIS|DOUBLE ROOM WITH 1 DOUBLE BED,Double Bed
3897,MRATE AVAIL BOOK WITH CONFIDEN|DOUBLE ROOM WITH 1 DOUBLE BED,Double Bed
3902,RACK RATE|DOUBLE ROOM - NON SMOKING,Double Bed
3905,CTM|DOUBLE ROOM WITH 1 DOUBLE BED,Double Bed
3910,ADVANCE SAVER RATE INC ROOM ON|DOUBLE ROOM SEALY DOUBLE BED FREE WIFI FLAT SCREEN SATELLITE TV TEA COFFEE MAKING ADVANCE SAVER RATE - PAY NOW. ROOM ONLY. NONREF,Double Bed
3923,CORPORATE - PCR05 0. NLRA|SUPERIOR DOUBLE ROOM,Double Bed
3930,BEST FLEXIBLE RATE INC ROOM ON|DOUBLE ROOM SEALY DOUBLE BED FREE WIFI FLAT SCREEN SATELLITE TV TEA COFFEE MAKING BEST FLEXIBLE RATE.  ROOM ONLY,Double Bed
3931,GOVERNMENT UK 20/BB-NEGOTIATED|DOUBLE ROOM WITH 1 DOUBLE BED,Double Bed
3932,CCS ACCOMMODATIO/BB-NEGOTIATED|DOUBLE ROOM WITH 1 DOUBLE BED,Double Bed
3942,CCS ACCOMMODATIO/BB-NEGOTIATED|DOUBLE ROOM WITH 1 DOUBLE BED,Double Bed
3946,WORLDWIDE INDEPENDENT TRAVEL N|DOUBLE ROOM WITH 1 DOUBLE BED,Double Bed
3951,MRATE AVAIL FLEXIBLE RATE|DOUBLE ROOM WITH 1 DOUBLE BED,Double Bed
3952,MRATE AVAIL FLEXIBLE RATE - BB|DOUBLE ROOM WITH 1 DOUBLE BED,Double Bed
3958,MRATE AVAIL FLEXIBLE RATE - BB|DOUBLE ROOM WITH 1 DOUBLE BED,Double Bed
3959,MRATE AVAIL FLEXIBLE RATE|DOUBLE ROOM WITH 1 DOUBLE BED,Double Bed
3960,GOVERNMENT UK 20/BB-NEGOTIATED|DOUBLE ROOM WITH 1 DOUBLE BED,Double Bed
3962,BEST FLEXIBLE RATE INC ROOM ON|DOUBLE ROOM SEALY DOUBLE BED FREE WIFI FLAT SCREEN SATELLITE TV TEA COFFEE MAKING BEST FLEXIBLE RATE.  ROOM ONLY,Double Bed
3970,STANDARD RATE HF DOUBLE SFBD|HIGH FLOOR DOUBLE ROOM: FREE WIFI: 42IN TV,Double Bed
3974,REDFERN GVRNMENT BY HOTELREZ|DOUBLE ROOM ENSUITE WIFI TV AIR CON SAFE - USB PORTS - HAIRDRYER,Double Bed
3983,ADVANCE SAVER RATE INC ROOM ON|DOUBLE ROOM SEALY DOUBLE BED FREE WIFI FLAT SCREEN SATELLITE TV TEA COFFEE MAKING ADVANCE SAVER RATE - PAY NOW. ROOM ONLY. NONREF,Double Bed
3984,MRATE AVAIL FLEXIBLE RATE|DOUBLE ROOM WITH 1 DOUBLE BED,Double Bed
3985,MRATE AVAIL FLEXIBLE RATE - BB|DOUBLE ROOM WITH 1 DOUBLE BED,Double Bed
3991,BEST AVAILABLE RATE|DOUBLE ROOM FOR SINGLE USE ONLY ROOM,Double Bed
3992,MRATE AVAIL BOOK WITH CONFIDEN|DOUBLE ROOM WITH 1 DOUBLE BED,Double Bed
3998,MRATE AVAIL BOOK WITH CONFIDEN|DOUBLE ROOM WITH 1 DOUBLE BED,Double Bed
3999,ADVANCE SAVER RATE INC BREAKFA|DOUBLE ROOM SEALY DOUBLE BED FREE WIFI FLAT SCREEN SATELLITE TV TEA COFFEE MAKING ADVANCE SAVER RATE - PAY NOW. INC BREAKFAST. NONREF,Double Bed
4121,TRIPADVISOR PLUS|ADA COMPLIANT 307 SQ FT KING ROOM OFFERS A FULL SIZE ACCESSIBLE WALKIN SHOWER,King Bedroom
4135,"REGULAR RATE|FLEXIBLE RATE, KING ROOM, GUEST ROOM, 1 KING",King Bedroom
4139,"REGULAR RATE|FLEXIBLE RATE, TRADITIONAL KING ROOM, GUEST ROOM, 1 KING",King Bedroom
4148,"REGULAR RATE|FLEXIBLE RATE, TRADITIONAL KING ROOM, GUEST ROOM, 1 KING",King Bedroom
4154,"REGULAR RATE|FLEXIBLE RATE, CORNER KING ROOM, LARGER GUEST ROOM, 1 KING, CORNER ROOM",King Bedroom
4195,"AAA AMERICAN AUTO ASSN|AAA CAA RATE, MEMBERSHIP CARD REQUIRED, KING ROOM, GUEST ROOM, 1 KING",King Bedroom
4210,"REGULAR RATE|FLEXIBLE RATE, KING ROOM, GUEST ROOM, 1 KING",King Bedroom
4217,"AAA AMERICAN AUTO ASSN|AAA CAA RATE, MEMBERSHIP CARD REQUIRED, TRADITIONAL KING ROOM, GUEST ROOM, 1 KING",King Bedroom
4218,"REGULAR RATE|FLEXIBLE RATE, TRADITIONAL KING ROOM, GUEST ROOM, 1 KING",King Bedroom
4219,"STAY PASS|WORK ANYWHERE STAY PASS, SEE RATE DETAILS, KING ROOM, GUEST ROOM, 1 KING",King Bedroom
4249,"MARRIOTT SENIOR DISC.|MARRIOTT SENIOR DISCOUNT, INCLUDES 62 YEARS AND OLDER VALID ID REQUIRED, KING ROOM, GUEST ROOM, 1 KING",King Bedroom
4252,SEMI-FLEX|KING ROOM COMP WIFI/MINI FRIDGE/IRON-BOARD/SAFE/22 SQM,King Bedroom
4268,"MARRIOTT SENIOR DISC.|MARRIOTT SENIOR DISCOUNT, INCLUDES 62 YEARS AND OLDER VALID ID REQUIRED, TRADITIONAL KING ROOM, GUEST ROOM, 1 KING",King Bedroom
4278,"REGULAR RATE|FLEXIBLE RATE, KING ROOM, GUEST ROOM, 1 KING",King Bedroom
4283,"REGULAR RATE|FLEXIBLE RATE, KING ROOM, GUEST ROOM, 1 KING",King Bedroom
4288,BB SEMI FLEX|KING ROOM COMP WIFI/MINI FRIDGE/IRON-BOARD/SAFE/22 SQM,King Bedroom
4305,"MARRIOTT SENIOR DISC.|MARRIOTT SENIOR DISCOUNT, INCLUDES 62 YEARS AND OLDER VALID ID REQUIRED, TRADITIONAL KING ROOM, GUEST ROOM, 1 KING",King Bedroom
4326,"STAY PASS|WORK ANYWHERE STAY PASS, SEE RATE DETAILS, KING ROOM, GUEST ROOM, 1 KING",King Bedroom
4361,BED AND BREAKFAST|CITY KING ROOM-1KING-CITY VIEW-DBL BAY WINDOWS SITTING AREA-SHOWER ONLY-SMART TV-305-405SQFT,King Bedroom
4362,STAY AND PLAY|CITY KING ROOM-1KING-CITY VIEW-DBL BAY WINDOWS SITTING AREA-SHOWER ONLY-SMART TV-305-405SQFT,King Bedroom
4386,BEST AVAILABLE RATE|CITY KING ROOM-1KING-CITY VIEW-DBL BAY WINDOWS SITTING AREA-SHOWER ONLY-SMART TV-305-405SQFT,King Bedroom
4394,BED AND BREAKFAST|TOWER KING ROOM-1KING-CITY VIEWS-DOUBLE BAY WINDOWS-HIGH FLOOR-SITTING AREA-328-347SQFT,King Bedroom
4395,STAY AND PLAY|TOWER KING ROOM-1KING-CITY VIEWS-DOUBLE BAY WINDOWS-HIGH FLOOR-SITTING AREA-328-347SQFT,King Bedroom
4397,BEST AVAILABLE RATE|SUPERIOR CTYD KING RM. 450 SQFT. COURTYARD VIEW LRGE MARBLE BATH SEP SHOWER-TUB. COMP WIFI,King Bedroom
4398,PREFERRED PRIDE|SUPERIOR CTYD KING RM. 450 SQFT. COURTYARD VIEW LRGE MARBLE BATH SEP SHOWER-TUB. COMP WIFI,King Bedroom
4399,JEAN GEORGES BED AND BREAKFAST|SUPERIOR CTYD KING RM. 450 SQFT. COURTYARD VIEW LRGE MARBLE BATH SEP SHOWER-TUB. COMP WIFI,King Bedroom
4408,JEAN GEORGES BED AND BREAKFAST|SEVENTY-SEVEN KING RM. 500 SF. VIEW OF 77TH ST LARGE MARBLE BATH SEP SHOWER-TUB. COMP WIFI,King Bedroom
4409,PREFERRED PRIDE|SEVENTY-SEVEN KING RM. 500 SF. VIEW OF 77TH ST LARGE MARBLE BATH SEP SHOWER-TUB. COMP WIFI,King Bedroom
4410,BEST AVAILABLE RATE|SEVENTY-SEVEN KING RM. 500 SF. VIEW OF 77TH ST LARGE MARBLE BATH SEP SHOWER-TUB. COMP WIFI,King Bedroom
4411,BEST AVAILABLE RATE|MADISON KING RM. 450 SQFT. MADISON AVE VIEWS LRGE MARBLE BATH SEP SHOWER. COMP WIFI,King Bedroom
4412,PREFERRED PRIDE|MADISON KING RM. 450 SQFT. MADISON AVE VIEWS LRGE MARBLE BATH SEP SHOWER. COMP WIFI,King Bedroom
4413,JEAN GEORGES BED AND BREAKFAST|MADISON KING RM. 450 SQFT. MADISON AVE VIEWS LRGE MARBLE BATH SEP SHOWER. COMP WIFI,King Bedroom
4424,BEST AVAILABLE RATE|TOWER KING ROOM-1KING-CITY VIEWS-DOUBLE BAY WINDOWS-HIGH FLOOR-SITTING AREA-328-347SQFT,King Bedroom
4445,BED AND BREAKFAST|CORNER KING ROOM-1KING-UNOBSTRUCTED CITY VIEW QUAD BAY WINDOWS-SITTING AREA-350-405SQFT,King Bedroom
4446,STAY AND PLAY|CORNER KING ROOM-1KING-UNOBSTRUCTED CITY VIEW QUAD BAY WINDOWS-SITTING AREA-350-405SQFT,King Bedroom
4477,"REGULAR RATE|FLEXIBLE RATE, ALOFT KING ROOM, GUEST ROOM, 1 KING",King Bedroom
4478,"STAY FOR BREAKFAST|STAY FOR BREAKFAST RATE, INCLUDES SEE RATE DETAILS, ALOFT KING ROOM, GUEST ROOM, 1 KING",King Bedroom
4479,FLEXIBLE RATE|KING ROOM NON SMOKING FREE WI-FI/HOT BREAKFAST INCLUDED/HDTV,King Bedroom
4480,"STAY PASS|WORK ANYWHERE STAY PASS, SEE RATE DETAILS, ALOFT KING ROOM, GUEST ROOM, 1 KING",King Bedroom
4484,BEST AVAILABLE RATE|CORNER KING ROOM-1KING-UNOBSTRUCTED CITY VIEW QUAD BAY WINDOWS-SITTING AREA-350-405SQFT,King Bedroom
4489,"MEMBER RETAIL RATE|MEMBER RATE FLEXIBLE, TRADITIONAL KING ROOM, GUEST ROOM, 1 KING",King Bedroom
4581,"AAA AMERICAN AUTO ASSN|AAA CAA RATE, MEMBERSHIP CARD REQUIRED, ALOFT KING ROOM, GUEST ROOM, 1 KING",King Bedroom
4607,BEST AVAILABLE RATE|KING ROOM W/ MICROWAVE/FRIDGE HDTV/FREE WI-FI/HOT BREAKFAST INCLUDED,King Bedroom
4619,"REGULAR RATE|FLEXIBLE RATE, KING ROOM, GUEST ROOM, 1 KING",King Bedroom
4625,2X POINTS PACKAGE|KING ROOM W/ MICROWAVE/FRIDGE HDTV/FREE WI-FI/HOT BREAKFAST INCLUDED,King Bedroom
4637,"MEMBER RETAIL RATE|MEMBER RATE FLEXIBLE, CORNER KING ROOM, LARGER GUEST ROOM, 1 KING, CORNER ROOM",King Bedroom
4654,SEMI-FLEX|KING ROOM NON SMOKING FREE WI-FI/HOT BREAKFAST INCLUDED/HDTV,King Bedroom
4660,"MARRIOTT SENIOR DISC.|MARRIOTT SENIOR DISCOUNT, INCLUDES 62 YEARS AND OLDER VALID ID REQUIRED, ALOFT KING ROOM, GUEST ROOM, 1 KING",King Bedroom
4678,BEST AVAILABLE RATE|KING ROOM W/ MINI FRIDGE NON SMOKING FREE WI-FI/HOT BREAKFAST INCLUDED/HDTV/SAFE,King Bedroom
4684,2X POINTS PACKAGE|KING ROOM W/ MINI FRIDGE NON SMOKING FREE WI-FI/HOT BREAKFAST INCLUDED/HDTV/SAFE,King Bedroom
4697,BEST AVAILABLE RATE|KING ROOM W MICROWAVE AND FRIDGE HDTV/FREE WI-FI/HOT BREAKFAST INCLUDED,King Bedroom
4700,"REGULAR RATE|FLEXIBLE RATE, TRADITIONAL KING ROOM, GUEST ROOM, 1 KING",King Bedroom
4702,"MEMBER RETAIL RATE|MEMBER RATE FLEXIBLE, KING ROOM, GUEST ROOM, 1 KING",King Bedroom
4715,"MARRIOTT SENIOR DISC.|MARRIOTT SENIOR DISCOUNT, INCLUDES 62 YEARS AND OLDER VALID ID REQUIRED, KING ROOM, GUEST ROOM, 1 KING",King Bedroom
4717,SEMI-FLEX|KING ROOM W/ MICROWAVE/FRIDGE HDTV/FREE WI-FI/HOT BREAKFAST INCLUDED,King Bedroom
4722,"EXPERIENCE BUS. PACK.|ESCAPE YOUR WAY, INCLUDES , ALOFT KING ROOM, GUEST ROOM, 1 KING",King Bedroom
4731,BEST AVAILABLE RATE|KING ROOM W/ SOFA BED AND FRIDGE NON SMOKING FREE WI-FI/HOT BREAKFAST INCLUDED/HDTV/SAFE,King Bedroom
4732,BEST AVAILABLE RATE|KING ROOM W MICROWAVE AND FRIDGE HDTV/FREE WI-FI/HOT BREAKFAST INCLUDED,King Bedroom
4740,"AAA AMERICAN AUTO ASSN|AAA CAA RATE, MEMBERSHIP CARD REQUIRED, CORNER KING ROOM, LARGER GUEST ROOM, 1 KING, CORNER ROOM",King Bedroom
4751,STANDARD RATE HF KING SFBD|HIGH FLOOR KING ROOM: FREE WIFI: 42IN TV:,King Bedroom
4763,2X POINTS PACKAGE|KING ROOM W MICROWAVE AND FRIDGE HDTV/FREE WI-FI/HOT BREAKFAST INCLUDED,King Bedroom
4793,2X POINTS PACKAGE|KING ROOM W MICROWAVE AND FRIDGE HDTV/FREE WI-FI/HOT BREAKFAST INCLUDED,King Bedroom
4810,"MEMBER RETAIL RATE|MEMBER RATE FLEXIBLE, TRADITIONAL KING ROOM, GUEST ROOM, 1 KING",King Bedroom
4814,SEMI-FLEX|KING ROOM W/ MINI FRIDGE NON SMOKING FREE WI-FI/HOT BREAKFAST INCLUDED/HDTV/SAFE,King Bedroom
4819,ADVANCE PURCHASE|KING ROOM COMP WIFI/MINI FRIDGE/IRON-BOARD/SAFE/22 SQM,King Bedroom
4823,SEMI-FLEX|KING ROOM W MICROWAVE AND FRIDGE HDTV/FREE WI-FI/HOT BREAKFAST INCLUDED,King Bedroom
4855,"AAA AUTO ASSOCIATION|AAA CAA RATE, MEMBERSHIP CARD REQUIRED, KING ROOM, GUEST ROOM, 1 KING",King Bedroom
4894,SEMI-FLEX|KING ROOM W/ SOFA BED AND FRIDGE NON SMOKING FREE WI-FI/HOT BREAKFAST INCLUDED/HDTV/SAFE,King Bedroom
4910,2X POINTS PACKAGE|KING ROOM W/ SOFA BED AND FRIDGE NON SMOKING FREE WI-FI/HOT BREAKFAST INCLUDED/HDTV/SAFE,King Bedroom
4919,STATE GOVERNMENT HF KING SFBD|HIGH FLOOR KING ROOM: FREE WIFI: 42IN TV:,King Bedroom
4930,SEMI-FLEX|KING ROOM W MICROWAVE AND FRIDGE HDTV/FREE WI-FI/HOT BREAKFAST INCLUDED,King Bedroom
4939,SEMI-FLEX|KING ROOM W/ MINI FRIDGE NON SMOKING FREE WI-FI/HOT BREAKFAST INCLUDED/HDTV/SAFE,King Bedroom
4961,"REGULAR RATE|FLEXIBLE RATE, KING ROOM, GUEST ROOM, 1 KING",King Bedroom
4962,2X POINTS PACKAGE|KING ROOM W/ MINI FRIDGE NON SMOKING FREE WI-FI/HOT BREAKFAST INCLUDED/HDTV/SAFE,King Bedroom
4971,"MARRIOTT SENIOR DISC.|MARRIOTT SENIOR DISCOUNT, INCLUDES 62 YEARS AND OLDER VALID ID REQUIRED, KING ROOM, GUEST ROOM, 1 KING",King Bedroom
4974,SEMI-FLEX|KING ROOM W/ SOFA BED AND FRIDGE NON SMOKING FREE WI-FI/HOT BREAKFAST INCLUDED/HDTV/SAFE,King Bedroom
4982,"BEST FLEXIBLE RATE|1 KING OUR RIGHT SIZED 220 SQ FT. KING ROOM IS DESIGNED FOR SOUND SLEEP WITH 1 KING BED, HIGH-QUALITY MATTRESS AND",King Bedroom
4985,BEST AVAILABLE RATE|KING ROOM W MICROWAVE AND FRIDGE HDTV/FREE WI-FI/HOT BREAKFAST INCLUDED,King Bedroom
4988,PREFERRED BED AND BREAKFAST|CITY KING ROOM-1KING-CITY VIEW-DBL BAY WINDOWS SITTING AREA-SHOWER ONLY-SMART TV-305-405SQFT,King Bedroom
5042,TRIPADVISOR PLUS|ADA COMPLIANT 341 SQ FT DOUBLE QUEEN ROOM OFFERS A FULL SIZE ACCESSIBLE WALK IN SHOWER,Queen Bedroom
5063,"AAA AMERICAN AUTO ASSN|AAA CAA RATE, MEMBERSHIP CARD REQUIRED, DOUBLE QUEEN ROOM, GUEST ROOM, 2 QUEEN",Queen Bedroom
5071,FLEXIBLE RATE|QUEEN ROOM HDTV/FREE WI-FI/HOT BREAKFAST INCLUDED,Queen Bedroom
5072,"REGULAR RATE|FLEXIBLE RATE, DOUBLE QUEEN ROOM, GUEST ROOM, 2 QUEEN",Queen Bedroom
5111,"MARRIOTT SENIOR DISC.|MARRIOTT SENIOR DISCOUNT, INCLUDES 62 YEARS AND OLDER VALID ID REQUIRED, DOUBLE QUEEN ROOM, GUEST ROOM, 2 QUEEN",Queen Bedroom
5117,STANDARD RATE HF QUEEN SFBD|HIGH FLOOR QUEEN ROOM: FREE WIFI: 42IN TV:,Queen Bedroom
5135,BED AND BREAKFAST|CITY QUEEN QUEEN ROOM-2QUEENS-CITY VIEW-DOUBLE BAY WINDOWS-SITTING AREA-LED HDTV-298-308SQFT,Queen Bedroom
5138,STAY AND PLAY|CITY QUEEN QUEEN ROOM-2QUEENS-CITY VIEW-DOUBLE BAY WINDOWS-SITTING AREA-LED HDTV-298-308SQFT,Queen Bedroom
5144,BED AND BREAKFAST|ACCESSIBLE QUEEN QUEEN ROOM-2QUEENS-ACCESSIBLE FEATURES-SITTING AREA-MARBLE BATH-298-326SQFT,Queen Bedroom
5145,STAY AND PLAY|ACCESSIBLE QUEEN QUEEN ROOM-2QUEENS-ACCESSIBLE FEATURES-SITTING AREA-MARBLE BATH-298-326SQFT,Queen Bedroom
5146,BEST AVAILABLE RATE|CITY QUEEN QUEEN ROOM-2QUEENS-CITY VIEW-DOUBLE BAY WINDOWS-SITTING AREA-LED HDTV-298-308SQFT,Queen Bedroom
5151,BEST AVAILABLE RATE|ACCESSIBLE QUEEN QUEEN ROOM-2QUEENS-ACCESSIBLE FEATURES-SITTING AREA-MARBLE BATH-298-326SQFT,Queen Bedroom
5161,"REGULAR RATE|FLEXIBLE RATE, ALOFT DOUBLE QUEEN ROOM, GUEST ROOM, 2 QUEEN",Queen Bedroom
5162,"STAY FOR BREAKFAST|STAY FOR BREAKFAST RATE, INCLUDES SEE RATE DETAILS, ALOFT DOUBLE QUEEN ROOM, GUEST ROOM, 2 QUEEN",Queen Bedroom
5173,"STAY PASS|WORK ANYWHERE STAY PASS, SEE RATE DETAILS, ALOFT DOUBLE QUEEN ROOM, GUEST ROOM, 2 QUEEN",Queen Bedroom
5174,PREFERRED PRIDE|SUPERIOR CTYD QUEEN RM. 400 SQFT. COURTYRD VIEW LARGE MARBLE BATH SEP SHOWER-TUB. COMP WIFI,Queen Bedroom
5175,BEST AVAILABLE RATE|SUPERIOR CTYD QUEEN RM. 400 SQFT. COURTYRD VIEW LARGE MARBLE BATH SEP SHOWER-TUB. COMP WIFI,Queen Bedroom
5176,JEAN GEORGES BED AND BREAKFAST|SUPERIOR CTYD QUEEN RM. 400 SQFT. COURTYRD VIEW LARGE MARBLE BATH SEP SHOWER-TUB. COMP WIFI,Queen Bedroom
5187,2X POINTS PACKAGE|QUEEN ROOM HDTV/FREE WI-FI/HOT BREAKFAST INCLUDED,Queen Bedroom
5192,CCS PUBLIC SECTOR RATE BB -NEG|QUEEN ROOM HDTV/FREE WI-FI/HOT BREAKFAST INCLUDED,Queen Bedroom
5209,SEMI-FLEX|QUEEN ROOM HDTV/FREE WI-FI/HOT BREAKFAST INCLUDED,Queen Bedroom
5214,ADVANCE PURCHASE|QUEEN ROOM HDTV/FREE WI-FI/HOT BREAKFAST INCLUDED,Queen Bedroom
5223,CCS PUBLIC SECTOR RATE BB -NEG|QUEEN ROOM HDTV/FREE WI-FI/HOT BREAKFAST INCLUDED,Queen Bedroom
5225,"AAA AMERICAN AUTO ASSN|AAA CAA RATE, MEMBERSHIP CARD REQUIRED, ALOFT DOUBLE QUEEN ROOM, GUEST ROOM, 2 QUEEN",Queen Bedroom
5232,"MARRIOTT SENIOR DISC.|MARRIOTT SENIOR DISCOUNT, INCLUDES 62 YEARS AND OLDER VALID ID REQUIRED, ALOFT DOUBLE QUEEN ROOM, GUEST ROOM, 2 QUEEN",Queen Bedroom
5239,STANDARD RATE QUEEN SFBD|STANDARD QUEEN ROOM: FREE WIFI: 42IN TV:,Queen Bedroom
5245,CCS PUBLIC SECTOR RATE BB -NEG|QUEEN ROOM HDTV/FREE WI-FI/HOT BREAKFAST INCLUDED,Queen Bedroom
5252,"MEMBER RETAIL RATE|MEMBER RATE FLEXIBLE, DOUBLE QUEEN ROOM, GUEST ROOM, 2 QUEEN",Queen Bedroom
5253,"HM UK GOVERNMENT -NEGOTIATED,|QUEEN ROOM HDTV/FREE WI-FI/HOT BREAKFAST INCLUDED",Queen Bedroom
5254,SEMI-FLEX|QUEEN ROOM HDTV/FREE WI-FI/HOT BREAKFAST INCLUDED,Queen Bedroom
5274,"EXPERIENCE BUS. PACK.|ESCAPE YOUR WAY, INCLUDES , ALOFT DOUBLE QUEEN ROOM, GUEST ROOM, 2 QUEEN",Queen Bedroom
5292,BEST AVAILABLE RATE|QUEEN ROOM HDTV/FREE WI-FI/HOT BREAKFAST INCLUDED,Queen Bedroom
5302,ADV PURCHASE HF QUEEN SFBD|HIGH FLOOR QUEEN ROOM: FREE WIFI: 42IN TV:,Queen Bedroom
5310,BEST AVAILABLE RATE|QUEEN ROOM HDTV/FREE WI-FI/HOT BREAKFAST INCLUDED,Queen Bedroom
5317,"HM UK GOVERNMENT -NEGOTIATED,|QUEEN ROOM HDTV/FREE WI-FI/HOT BREAKFAST INCLUDED",Queen Bedroom
5324,"HM UK GOVERNMENT -NEGOTIATED,|QUEEN ROOM HDTV/FREE WI-FI/HOT BREAKFAST INCLUDED",Queen Bedroom
5325,CCS PUBLIC SECTOR RATE BB -NEG|QUEEN ROOM HDTV/FREE WI-FI/HOT BREAKFAST INCLUDED,Queen Bedroom
5326,PREFERRED BED AND BREAKFAST|ACCESSIBLE QUEEN QUEEN ROOM-2QUEENS-ACCESSIBLE FEATURES-SITTING AREA-MARBLE BATH-298-326SQFT,Queen Bedroom
5339,"AAA AMERICAN AUTO ASSN|AAA CAA RATE, MEMBERSHIP CARD REQUIRED, QUEEN/QUEEN ROOM, GUEST ROOM, 2 QUEEN",Queen Bedroom
5346,BEST AVAILABLE RATE|QUEEN ROOM W/ MINI FRIDGE NON SMOKING FREE WI-FI/HOT BREAKFAST INCLUDED/HDTV/SAFE,Queen Bedroom
5347,SEMI-FLEX|QUEEN ROOM HDTV/FREE WI-FI/HOT BREAKFAST INCLUDED,Queen Bedroom
5348,FLEXIBLE RATE|QUEEN ROOM WITH SOFA BED HDTV/FREE WI-FI/HOT BREAKFAST INCLUDED,Queen Bedroom
5353,STANDARD RATE ADA QN TUB SFBD|ADA QUEEN ROOM:ACCESSIBLE BATH TUB:FREE WIFI:,Queen Bedroom
5361,2X POINTS PACKAGE|QUEEN ROOM FREE WI-FI/HOT BREAKFAST INCLUDED/HDTV/SAFE,Queen Bedroom
5387,FLEXIBLE RATE|QUEEN ROOM HDTV/FREE WI-FI/HOT BREAKFAST INCLUDED,Queen Bedroom
5395,SEMI-FLEX|QUEEN ROOM FREE WI-FI/HOT BREAKFAST INCLUDED/HDTV/SAFE,Queen Bedroom
5404,FLEXIBLE RATE - BB-BB/BED BRKF|STANDARD QUEEN ROOM,Queen Bedroom
5405,FLEXIBLE RATE|STANDARD QUEEN ROOM,Queen Bedroom
5406,CCS PUBLIC SECTOR RATE BB -NEG|QUEEN ROOM HDTV/FREE WI-FI/HOT BREAKFAST INCLUDED,Queen Bedroom
5419,"HM UK GOVERNMENT -NEGOTIATED,|QUEEN ROOM HDTV/FREE WI-FI/HOT BREAKFAST INCLUDED",Queen Bedroom
5427,SEMI-FLEX|QUEEN ROOM HDTV/FREE WI-FI/HOT BREAKFAST INCLUDED,Queen Bedroom
5428,SEMI-FLEX|QUEEN ROOM WITH SOFA BED HDTV/FREE WI-FI/HOT BREAKFAST INCLUDED,Queen Bedroom
5429,PREFERRED BED AND BREAKFAST|CITY QUEEN QUEEN ROOM-2QUEENS-CITY VIEW-DOUBLE BAY WINDOWS-SITTING AREA-LED HDTV-298-308SQFT,Queen Bedroom
5441,SEMI-FLEX|QUEEN ROOM WITH SOFA BED HDTV/FREE WI-FI/HOT BREAKFAST INCLUDED,Queen Bedroom
5446,SEMI-FLEX|QUEEN ROOM FREE WI-FI/HOT BREAKFAST INCLUDED/HDTV/SAFE,Queen Bedroom
5454,GOVERNMENT RATE|EMPLOYEE ID REQUIRED AT CHECK IN STANDARD QUEEN ROOM,Queen Bedroom
5465,2X POINTS PACKAGE|QUEEN ROOM W/ MINI FRIDGE NON SMOKING FREE WI-FI/HOT BREAKFAST INCLUDED/HDTV/SAFE,Queen Bedroom
5471,FLEXIBLE RATE|QUEEN ROOM HDTV/FREE WI-FI/HOT BREAKFAST INCLUDED,Queen Bedroom
5472,STANDARD RATE HF QUEEN SFBD|HIGH FLOOR QUEEN ROOM: FREE WIFI: 42IN TV:,Queen Bedroom
5476,2X POINTS PACKAGE|QUEEN ROOM HDTV/FREE WI-FI/HOT BREAKFAST INCLUDED,Queen Bedroom
5481,GOVERNMENT RATE ON DUTY TRAVEL|QUEEN ROOM HDTV/FREE WI-FI/HOT BREAKFAST INCLUDED,Queen Bedroom
5483,SEMI-FLEX|QUEEN ROOM HDTV/FREE WI-FI/HOT BREAKFAST INCLUDED,Queen Bedroom
5488,STANDARD RATE QUEEN SFBD|STANDARD QUEEN ROOM: FREE WIFI: 42IN TV:,Queen Bedroom
5489,CCS PUBLIC SECTOR RATE RO -NEG|QUEEN ROOM HDTV/FREE WI-FI/HOT BREAKFAST INCLUDED,Queen Bedroom
5490,FLEXIBLE RATE|QUEEN ROOM WITH SOFA BED HDTV/FREE WI-FI/HOT BREAKFAST INCLUDED,Queen Bedroom
5496,WIN PREFERRED RATE -PREFERRED|QUEEN ROOM WITH SOFA BED HDTV/FREE WI-FI/HOT BREAKFAST INCLUDED,Queen Bedroom
5502,SEMI-FLEX|QUEEN ROOM WITH SOFA BED HDTV/FREE WI-FI/HOT BREAKFAST INCLUDED,Queen Bedroom
5506,WIN PREFERRED RATE -PREFERRED|QUEEN ROOM HDTV/FREE WI-FI/HOT BREAKFAST INCLUDED,Queen Bedroom
5509,BEST AVAILABLE RATE|QUEEN ROOM WITH SOFA BED HDTV/FREE WI-FI/HOT BREAKFAST INCLUDED,Queen Bedroom
5510,SEMI-FLEX|QUEEN ROOM HDTV/FREE WI-FI/HOT BREAKFAST INCLUDED,Queen Bedroom
5512,SEMI-FLEX|QUEEN ROOM FREE WI-FI/HOT BREAKFAST INCLUDED/HDTV/SAFE,Queen Bedroom
5518,BEST AVAILABLE RATE|QUEEN ROOM HDTV/FREE WI-FI/HOT BREAKFAST INCLUDED,Queen Bedroom
5520,2X POINTS PACKAGE|QUEEN ROOM WITH SOFA BED FREE WI-FI/HOT BREAKFAST INCLUDED/SOFA BED,Queen Bedroom
5522,STANDARD RATE ADA QN TUB SFBD|QUEEN ROOM W/ ADA BATHTUB:FREE WIFI: 42IN TV:,Queen Bedroom
5530,"PREPAY NONREF|PREPAY NON-REFUNDABLE, CHANGES UP TO 1 DAY PRIOR TO STAY, SEE RATE DETAILS, QUEEN/QUEEN ROOM, GUEST ROOM, 2 QUEEN",Queen Bedroom
5531,ADVANCE PURCHASE|CITY QUEEN QUEEN ROOM-2QUEENS-CITY VIEW-DOUBLE BAY WINDOWS-SITTING AREA-LED HDTV-298-308SQFT,Queen Bedroom
5532,2X POINTS PACKAGE|QUEEN ROOM HDTV/FREE WI-FI/HOT BREAKFAST INCLUDED,Queen Bedroom
5534,2X POINTS PACKAGE|QUEEN ROOM HDTV/FREE WI-FI/HOT BREAKFAST INCLUDED,Queen Bedroom
5537,ADVANCE PURCHASE|ACCESSIBLE QUEEN QUEEN ROOM-2QUEENS-ACCESSIBLE FEATURES-SITTING AREA-MARBLE BATH-298-326SQFT,Queen Bedroom
5555,SEMI-FLEX|QUEEN ROOM HDTV/FREE WI-FI/HOT BREAKFAST INCLUDED,Queen Bedroom
5559,ADVANCE PURCHASE|QUEEN ROOM HDTV/FREE WI-FI/HOT BREAKFAST INCLUDED,Queen Bedroom
5560,ADVANCE PURCHASE|QUEEN ROOM FREE WI-FI/HOT BREAKFAST INCLUDED/HDTV/SAFE,Queen Bedroom
5561,CCS PUBLIC SECTOR RATE BB -NEG|QUEEN ROOM WITH SOFA BED HDTV/FREE WI-FI/HOT BREAKFAST INCLUDED,Queen Bedroom
5562,ADVANCE PURCHASE|QUEEN ROOM WITH SOFA BED HDTV/FREE WI-FI/HOT BREAKFAST INCLUDED,Queen Bedroom
5566,"HM UK GOVERNMENT -NEGOTIATED,|QUEEN ROOM WITH SOFA BED HDTV/FREE WI-FI/HOT BREAKFAST INCLUDED",Queen Bedroom
5571,GOVERNMENT RATE ON DUTY TRAVEL|QUEEN ROOM HDTV/FREE WI-FI/HOT BREAKFAST INCLUDED,Queen Bedroom
5572,2X POINTS PACKAGE|QUEEN ROOM HDTV/FREE WI-FI/HOT BREAKFAST INCLUDED,Queen Bedroom
5584,2X POINTS PACKAGE|QUEEN ROOM WITH SOFA BED HDTV/FREE WI-FI/HOT BREAKFAST INCLUDED,Queen Bedroom
5588,GOVERNMENT RATE ON DUTY TRAVEL|QUEEN ROOM WITH SOFA BED HDTV/FREE WI-FI/HOT BREAKFAST INCLUDED,Queen Bedroom
5591,CWT PROGRAM -PREFERRED|QUEEN ROOM FREE WI-FI/HOT BREAKFAST INCLUDED/HDTV/SAFE,Queen Bedroom
5593,CWT PROGRAM -HONORS DISCOUNT|QUEEN ROOM FREE WI-FI/HOT BREAKFAST INCLUDED/HDTV/SAFE,Queen Bedroom
5597,CCS PUBLIC SECTOR RATE BB -NEG|QUEEN ROOM FREE WI-FI/HOT BREAKFAST INCLUDED/HDTV/SAFE,Queen Bedroom
5599,"REGULAR RATE|FLEXIBLE RATE, QUEEN/QUEEN ROOM, GUEST ROOM, 2 QUEEN",Queen Bedroom
5602,CTM -PREFERRED|QUEEN ROOM HDTV/FREE WI-FI/HOT BREAKFAST INCLUDED,Queen Bedroom
5605,CCS PUBLIC SECTOR RATE RO -NEG|QUEEN ROOM HDTV/FREE WI-FI/HOT BREAKFAST INCLUDED,Queen Bedroom
5607,BEST AVAILABLE RATE|QUEEN ROOM WITH SOFA BED HDTV/FREE WI-FI/HOT BREAKFAST INCLUDED,Queen Bedroom
5622,CTM -PREFERRED|QUEEN ROOM WITH SOFA BED HDTV/FREE WI-FI/HOT BREAKFAST INCLUDED,Queen Bedroom
5624,2X POINTS PACKAGE|QUEEN ROOM WITH SOFA BED HDTV/FREE WI-FI/HOT BREAKFAST INCLUDED,Queen Bedroom
5626,SEMI-FLEX|QUEEN ROOM FREE WI-FI/HOT BREAKFAST INCLUDED/HDTV/SAFE,Queen Bedroom
5628,ADVANCE PURCHASE|QUEEN ROOM FREE WI-FI/HOT BREAKFAST INCLUDED/HDTV/SAFE,Queen Bedroom
5635,BEST AVAILABLE RATE|QUEEN ROOM HDTV/FREE WI-FI/HOT BREAKFAST INCLUDED,Queen Bedroom
5636,CWT PROGRAM -PREFERRED|QUEEN ROOM WITH SOFA BED FREE WI-FI/HOT BREAKFAST INCLUDED/SOFA BED,Queen Bedroom
5638,CWT PROGRAM -HONORS DISCOUNT|QUEEN ROOM WITH SOFA BED FREE WI-FI/HOT BREAKFAST INCLUDED/SOFA BED,Queen Bedroom
5639,BEST AVAILABLE RATE|QUEEN ROOM WITH SOFA BED HDTV/FREE WI-FI/HOT BREAKFAST INCLUDED,Queen Bedroom
5642,PREFERRED PRIDE|CITY QUEEN QUEEN ROOM-2QUEENS-CITY VIEW-DOUBLE BAY WINDOWS-SITTING AREA-LED HDTV-298-308SQFT,Queen Bedroom
5649,2X POINTS PACKAGE|QUEEN ROOM FREE WI-FI/HOT BREAKFAST INCLUDED/HDTV/SAFE,Queen Bedroom
5654,"MARRIOTT SENIOR DISC.|MARRIOTT SENIOR DISCOUNT, INCLUDES 62 YEARS AND OLDER VALID ID REQUIRED, QUEEN/QUEEN ROOM, GUEST ROOM, 2 QUEEN",Queen Bedroom
5655,SEMI-FLEX|QUEEN ROOM WITH SOFA BED HDTV/FREE WI-FI/HOT BREAKFAST INCLUDED,Queen Bedroom
5658,WIN PREFERRED RATE -PREFERRED|QUEEN ROOM HDTV/FREE WI-FI/HOT BREAKFAST INCLUDED,Queen Bedroom
5665,WIN PREFERRED RATE -PREFERRED|QUEEN ROOM WITH SOFA BED HDTV/FREE WI-FI/HOT BREAKFAST INCLUDED,Queen Bedroom
5668,2X POINTS PACKAGE|QUEEN ROOM WITH SOFA BED HDTV/FREE WI-FI/HOT BREAKFAST INCLUDED,Queen Bedroom
5669,2X POINTS PACKAGE|QUEEN ROOM HDTV/FREE WI-FI/HOT BREAKFAST INCLUDED,Queen Bedroom
5671,FAMILY TIME|QUEEN ROOM WITH SOFA BED HDTV/FREE WI-FI/HOT BREAKFAST INCLUDED,Queen Bedroom
5675,2X POINTS PACKAGE|QUEEN ROOM HDTV/FREE WI-FI/HOT BREAKFAST INCLUDED,Queen Bedroom
5680,BEST AVAILABLE RATE|QUEEN ROOM FREE WI-FI/HOT BREAKFAST INCLUDED/HDTV/SAFE,Queen Bedroom
5690,CCS PUBLIC SECTOR RATE BB -NEG|QUEEN ROOM FREE WI-FI/HOT BREAKFAST INCLUDED/HDTV/SAFE,Queen Bedroom
5691,STANDARD RATE QUEEN SFBD|STANDARD QUEEN ROOM: FREE WIFI: 42IN TV:,Queen Bedroom
5693,PREFERRED PRIDE|ACCESSIBLE QUEEN QUEEN ROOM-2QUEENS-ACCESSIBLE FEATURES-SITTING AREA-MARBLE BATH-298-326SQFT,Queen Bedroom
5696,FAMILY TIME|QUEEN ROOM HDTV/FREE WI-FI/HOT BREAKFAST INCLUDED,Queen Bedroom
5699,CCS PUBLIC SECTOR RATE BB -NEG|QUEEN ROOM HDTV/FREE WI-FI/HOT BREAKFAST INCLUDED,Queen Bedroom
5710,SEMI-FLEX|QUEEN ROOM HDTV/FREE WI-FI/HOT BREAKFAST INCLUDED,Queen Bedroom
5711,ADVANCE PURCHASE|QUEEN ROOM HDTV/FREE WI-FI/HOT BREAKFAST INCLUDED,Queen Bedroom
5718,GOVERNMENT RATE ON DUTY TRAVEL|QUEEN ROOM HDTV/FREE WI-FI/HOT BREAKFAST INCLUDED,Queen Bedroom
5724,FAMILY TIME|QUEEN ROOM HDTV/FREE WI-FI/HOT BREAKFAST INCLUDED,Queen Bedroom
5729,BEST AVAILABLE RATE|QUEEN ROOM FREE WI-FI/HOT BREAKFAST INCLUDED/HDTV/SAFE,Queen Bedroom
5730,BEST AVAILABLE RATE|QUEEN ROOM WITH SOFA BED HDTV/FREE WI-FI/HOT BREAKFAST INCLUDED,Queen Bedroom
5735,BEST AVAILABLE RATE|QUEEN ROOM HDTV/FREE WI-FI/HOT BREAKFAST INCLUDED,Queen Bedroom
5737,ADV PURCHASE QUEEN SFBD|STANDARD QUEEN ROOM: FREE WIFI: 42IN TV:,Queen Bedroom
5742,2X POINTS PACKAGE|QUEEN ROOM WITH SOFA BED HDTV/FREE WI-FI/HOT BREAKFAST INCLUDED,Queen Bedroom
5749,"MEMBER RETAIL RATE|MEMBER RATE FLEXIBLE, QUEEN/QUEEN ROOM, GUEST ROOM, 2 QUEEN",Queen Bedroom
5761,CCS PUBLIC SECTOR RATE BB -NEG|QUEEN ROOM WITH SOFA BED HDTV/FREE WI-FI/HOT BREAKFAST INCLUDED,Queen Bedroom
5762,GOVERNMENT RATE ON DUTY TRAVEL|QUEEN ROOM WITH SOFA BED HDTV/FREE WI-FI/HOT BREAKFAST INCLUDED,Queen Bedroom
5763,BED AND BREAKFAST|QUEEN ROOM-1 QUEEN BED-FREE WIFI-WALK IN SHOWER-OPENING WINDOW- TEA COFFEE MAKING-DESK-HEATING-,Queen Bedroom
5768,"HM UK GOVERNMENT -NEGOTIATED,|QUEEN ROOM WITH SOFA BED HDTV/FREE WI-FI/HOT BREAKFAST INCLUDED",Queen Bedroom
5769,FAMILY TIME|QUEEN ROOM WITH SOFA BED HDTV/FREE WI-FI/HOT BREAKFAST INCLUDED,Queen Bedroom
5777,BEST FLEXIBLE RATE|QUEEN ROOM-1 QUEEN BED-FREE WIFI-WALK IN SHOWER-OPENING WINDOW- TEA COFFEE MAKING-DESK-HEATING-,Queen Bedroom
5781,PARK STAY AND GO|QUEEN ROOM FREE WI-FI/HOT BREAKFAST INCLUDED/HDTV/SAFE,Queen Bedroom
5782,CCS PUBLIC SECTOR RATE RO -NEG|QUEEN ROOM HDTV/FREE WI-FI/HOT BREAKFAST INCLUDED,Queen Bedroom
5791,GOVERNMENT RATE ON DUTY TRAVEL|QUEEN ROOM HDTV/FREE WI-FI/HOT BREAKFAST INCLUDED,Queen Bedroom
5792,GOVERNMENT RATE ON DUTY TRAVEL|QUEEN ROOM WITH SOFA BED HDTV/FREE WI-FI/HOT BREAKFAST INCLUDED,Queen Bedroom
5794,CTM -PREFERRED|QUEEN ROOM WITH SOFA BED HDTV/FREE WI-FI/HOT BREAKFAST INCLUDED,Queen Bedroom
5796,ADVANCE PURCHASE|QUEEN ROOM HDTV/FREE WI-FI/HOT BREAKFAST INCLUDED,Queen Bedroom
5799,CCS PUBLIC SECTOR RATE RO -NEG|QUEEN ROOM HDTV/FREE WI-FI/HOT BREAKFAST INCLUDED,Queen Bedroom
5801,CTM -PREFERRED|QUEEN ROOM HDTV/FREE WI-FI/HOT BREAKFAST INCLUDED,Queen Bedroom
5805,WIN PREFERRED RATE -PREFERRED|QUEEN ROOM WITH SOFA BED HDTV/FREE WI-FI/HOT BREAKFAST INCLUDED,Queen Bedroom
5814,GDS SPECIAL|QUEEN ROOM-1 QUEEN BED-FREE WIFI-WALK IN SHOWER-OPENING WINDOW- TEA COFFEE MAKING-DESK-HEATING-,Queen Bedroom
5817,BEST AVAILABLE RATE|QUEEN ROOM FREE WI-FI/HOT BREAKFAST INCLUDED/HDTV/SAFE,Queen Bedroom
5818,FAMILY TIME|QUEEN ROOM WITH SOFA BED HDTV/FREE WI-FI/HOT BREAKFAST INCLUDED,Queen Bedroom
5825,2X POINTS PACKAGE|QUEEN ROOM HDTV/FREE WI-FI/HOT BREAKFAST INCLUDED,Queen Bedroom
5827,HYATT CHAINWIDE QUEEN SFBD|STANDARD QUEEN ROOM: FREE WIFI: 42IN TV:,Queen Bedroom
5833,BEST AVAILABLE RATE|QUEEN ROOM HDTV/FREE WI-FI/HOT BREAKFAST INCLUDED,Queen Bedroom
5835,STANDARD RATE QUEEN SFBD|STANDARD QUEEN ROOM: FREE WIFI: 42IN TV:,Queen Bedroom
5852,2X POINTS PACKAGE|QUEEN ROOM FREE WI-FI/HOT BREAKFAST INCLUDED/HDTV/SAFE,Queen Bedroom
5854,CTM -PREFERRED|QUEEN ROOM HDTV/FREE WI-FI/HOT BREAKFAST INCLUDED,Queen Bedroom
5867,WIN PREFERRED RATE -PREFERRED|QUEEN ROOM HDTV/FREE WI-FI/HOT BREAKFAST INCLUDED,Queen Bedroom
5872,ADVANCE PURCHASE|QUEEN ROOM WITH SOFA BED HDTV/FREE WI-FI/HOT BREAKFAST INCLUDED,Queen Bedroom
5873,GOVERNMENT RATE ON DUTY TRAVEL|QUEEN ROOM FREE WI-FI/HOT BREAKFAST INCLUDED/HDTV/SAFE,Queen Bedroom
5879,2X POINTS PACKAGE|QUEEN ROOM FREE WI-FI/HOT BREAKFAST INCLUDED/HDTV/SAFE,Queen Bedroom
5882,BEST AVAILABLE RATE|QUEEN ROOM WITH SOFA BED HDTV/FREE WI-FI/HOT BREAKFAST INCLUDED,Queen Bedroom
5883,BEST AVAILABLE RATE|QUEEN ROOM QUEEN ROOM BEST AVAILABLE RATE,Queen Bedroom
5888,2X POINTS PACKAGE|QUEEN ROOM WITH SOFA BED HDTV/FREE WI-FI/HOT BREAKFAST INCLUDED,Queen Bedroom
5894,BEST AVAILABLE RATE|QUEEN ROOM WITH SOFA BED HDTV/FREE WI-FI/HOT BREAKFAST INCLUDED,Queen Bedroom
5896,CCS PUBLIC SECTOR RATE BB -NEG|QUEEN ROOM FREE WI-FI/HOT BREAKFAST INCLUDED/HDTV/SAFE,Queen Bedroom
5897,ACCENTURE -CHAINWIDE|QUEEN ROOM HDTV/FREE WI-FI/HOT BREAKFAST INCLUDED,Queen Bedroom
5900,ACCENTURE -PREFERRED RATE INC|QUEEN ROOM HDTV/FREE WI-FI/HOT BREAKFAST INCLUDED,Queen Bedroom
5912,2X POINTS PACKAGE|QUEEN ROOM WITH SOFA BED HDTV/FREE WI-FI/HOT BREAKFAST INCLUDED,Queen Bedroom
5920,BEST AVAILABLE RATE|QUEEN ROOM FREE WI-FI/HOT BREAKFAST INCLUDED/HDTV/SAFE,Queen Bedroom
5921,STANDARD RATE QUEEN SFBD|STANDARD QUEEN ROOM,Queen Bedroom
5943,CCS PUBLIC SECTOR RATE RO -NEG|QUEEN ROOM HDTV/FREE WI-FI/HOT BREAKFAST INCLUDED,Queen Bedroom
5945,"HM UK GOVERNMENT -NEGOTIATED,|QUEEN ROOM HDTV/FREE WI-FI/HOT BREAKFAST INCLUDED",Queen Bedroom
5947,GOVERNMENT RATE ON DUTY TRAVEL|QUEEN ROOM WITH SOFA BED HDTV/FREE WI-FI/HOT BREAKFAST INCLUDED,Queen Bedroom
5948,GOVERNMENT RATE ON DUTY TRAVEL|QUEEN ROOM HDTV/FREE WI-FI/HOT BREAKFAST INCLUDED,Queen Bedroom
5951,SEMI-FLEX|QUEEN ROOM FREE WI-FI/HOT BREAKFAST INCLUDED/HDTV/SAFE,Queen Bedroom
5955,CTM -PREFERRED|QUEEN ROOM HDTV/FREE WI-FI/HOT BREAKFAST INCLUDED,Queen Bedroom
5962,BCD TRAVEL HF QUEEN SFBD|HIGH FLOOR QUEEN ROOM: FREE WIFI: 42IN TV:,Queen Bedroom
5968,SEMI-FLEX|QUEEN ROOM HDTV/FREE WI-FI/HOT BREAKFAST INCLUDED,Queen Bedroom
5969,BCD TRAVEL QUEEN SFBD|STANDARD QUEEN ROOM: FREE WIFI: 42IN TV:,Queen Bedroom
5973,FLEXIBLE RATE|QUEEN ROOM HDTV/FREE WI-FI/HOT BREAKFAST INCLUDED,Queen Bedroom
5974,FLEXIBLE RATE|QUEEN ROOM WITH SOFA BED HDTV/FREE WI-FI/HOT BREAKFAST INCLUDED,Queen Bedroom
5975,2X POINTS PACKAGE|QUEEN ROOM HDTV/FREE WI-FI/HOT BREAKFAST INCLUDED,Queen Bedroom
5979,CWT PROGRAM -HONORS SEMI-FLEX|QUEEN ROOM HDTV/FREE WI-FI/HOT BREAKFAST INCLUDED,Queen Bedroom
5980,CWT PROGRAM -HONORS DISCOUNT|QUEEN ROOM HDTV/FREE WI-FI/HOT BREAKFAST INCLUDED,Queen Bedroom
5982,CTM -PREFERRED|QUEEN ROOM WITH SOFA BED HDTV/FREE WI-FI/HOT BREAKFAST INCLUDED,Queen Bedroom
5985,BEST AVAILABLE RATE|QUEEN ROOM W/ MINI FRIDGE NON SMOKING FREE WI-FI/HOT BREAKFAST INCLUDED/HDTV/SAFE,Queen Bedroom
5987,STANDARD RATE HF QUEEN SFBD|HIGH FLOOR QUEEN ROOM: FREE WIFI: 42IN TV:,Queen Bedroom
5991,WIN PREFERRED RATE -PREFERRED|QUEEN ROOM HDTV/FREE WI-FI/HOT BREAKFAST INCLUDED,Queen Bedroom
5993,WIN PREFERRED RATE -PREFERRED|QUEEN ROOM WITH SOFA BED HDTV/FREE WI-FI/HOT BREAKFAST INCLUDED,Queen Bedroom
6272,"REGULAR RATE|FLEXIBLE RATE, 2 BEDROOM PENTHOUSE SUITE",Penthouse
6393,"MARRIOTT SENIOR DISC.|MARRIOTT SENIOR DISCOUNT, INCLUDES 62 YEARS AND OLDER VALID ID REQUIRED, 2 BEDROOM PENTHOUSE SUITE",Penthouse
6397,"MARRIOTT SENIOR DISC.|MARRIOTT SENIOR DISCOUNT, INCLUDES 62 YEARS AND OLDER VALID ID REQUIRED, PENTHOUSE SUITE, FIREPLACE",Penthouse
6401,"REGULAR RATE|FLEXIBLE RATE, PENTHOUSE SUITE, 1 KING, SOFA BED",Penthouse
6428,"REGULAR RATE|FLEXIBLE RATE, PENTHOUSE SUITE",Penthouse
6492,BEST AVAILABLE RATE|TWO BEDROOM PENTHOUSE SUITE QUEEN BDS KITCHEN CITY VIEWS BALCONY LAUNDRY LCD TV LRG LOUNGE PARKING 20.00/NT - BOOKINGS REQ UNLIMITED WIFI INCLUDED,Penthouse
6519,BEST AVAILABLE RATE|THREE BEDROOM PENTHOUSE SUITE QUEEN BDS LCD TV LRG BALCONIES CITY VIEWS KITCHEN LAUNDRY PARKING 20.00/NT - BOOKINGS REQ UNLIMITED WIFI INCLUDED,Penthouse
6585,"MEMBER RETAIL RATE|MEMBER RATE FLEXIBLE, PENTHOUSE SUITE, 1 KING, SOFA BED",Penthouse
6602,"REGULAR RATE|FLEXIBLE RATE, PENTHOUSE SUITE, FIREPLACE",Penthouse
6604,FLEXIBLE RATE|1KG LW PENTHSE MOBILITY/HEAR ACCESS RISHWR NS VIS FIREALARM/DOOR/PHN ALERT-LOWER PENTHOUSE,Penthouse
6606,"REGULAR RATE|FLEXIBLE RATE, 2 BEDROOM PENTHOUSE SUITE",Penthouse
6619,"AAA AUTO ASSOC WKDAY|AAA CAA RATE, MEMBERSHIP CARD REQUIRED, 2 BEDROOM PENTHOUSE SUITE",Penthouse
6648,SEMI-FLEX|1KG LW PENTHSE MOBILITY/HEAR ACCESS RISHWR NS VIS FIREALARM/DOOR/PHN ALERT-LOWER PENTHOUSE,Penthouse
6710,FLEXIBLE RATE|PENTHOUSE SUITE,Penthouse
6715,FLEXIBLE RATE WITH BREAKFAST|PENTHOUSE SUITE,Penthouse
6751,"PREPAY REFUNDABLE|PREPAY REFUNDABLE, CHANGES UP TO 3 DAYS PRIOR TO STAY, SEE RATE DETAILS, PENTHOUSE SUITE",Penthouse
6761,CWT PROGRAM -HONORS SEMI-FLEX|1KG LW PENTHSE MOBILITY/HEAR ACCESS RISHWR NS VIS FIREALARM/DOOR/PHN ALERT-LOWER PENTHOUSE,Penthouse
6767,"AAA RATE-ID REQUIRED|PENTHOUSE SUITE, 1 KING BED 1536 SQ FT, LIVING AND DINING AREA, WIFI",Penthouse
6834,"BEST AVAILABLE RATE|PENTHOUSE SUITE, 1 KING BED 1536 SQ FT, LIVING AND DINING AREA, WIFI",Penthouse
6843,GOVERNMENT COMMISSONABLE|TWO BEDROOM PENTHOUSE SUITE QUEEN BDS KITCHEN CITY VIEWS BALCONY LAUNDRY LCD TV LRG LOUNGE COMP UNLMTD WIFI PARKING 20 PER NIGHT BKG RQD GOVT ID REQUIRED AT CHECKIN,Penthouse
6856,"MEMBER RETAIL RATE|MEMBER RATE FLEXIBLE, PENTHOUSE SUITE, 1 KING, SOFA BED",Penthouse
6875,"REGULAR RATE|FLEXIBLE RATE, 12. NIGHTS, PENTHOUSE SUITE",Penthouse
6951,GOVERNMENT COMMISSONABLE|THREE BEDROOM PENTHOUSE SUITE QUEEN BDS LCD TV LRG BALCONIES CITY VIEWS KITCHEN LAUNDRY COMP UNLMTD WIFI PARKING 20 PER NIGHT BKG RQD GOVT ID REQUIRED AT CHECKIN,Penthouse
6981,"BEST AVAILABLE RATE - S|LOCATED ON THE UPPERMOST FLOOR OF THE HOTEL, PENTHOUSE SUITE OFFERS EXTRA LUXURY AND SPACE.",Penthouse
6986,"REGULAR RATE|FLEXIBLE RATE, PENTHOUSE SUITE",Penthouse
7035,"REGULAR RATE|FLEXIBLE RATE, STUDIO SUITE, 1 BEDROOM SMALLER SUITE, 2 QUEEN, SOFA BED",Studio Suite
7116,FLEXIBLE RATE|1 KING BED STUDIO SUITE NONSMOKING FREE BRKFST/INTERNET-KITCHEN W/MICRO/FRIDGE,Studio Suite
7117,2X POINTS PACKAGE|1 KING BED STUDIO SUITE NONSMOKING FREE BRKFST/INTERNET-KITCHEN W/MICRO/FRIDGE,Studio Suite
7123,BOOKS FOR KIDS|1 KING BED STUDIO SUITE NONSMOKING FREE BRKFST/INTERNET-KITCHEN W/MICRO/FRIDGE,Studio Suite
7124,SEMI-FLEX|1 KING BED STUDIO SUITE NONSMOKING FREE BRKFST/INTERNET-KITCHEN W/MICRO/FRIDGE,Studio Suite
7132,FLEXIBLE RATE|1 KING BED STUDIO SUITE NONSMOKING FREE BRKFST/INTERNET-KITCHEN W/MICRO/FRIDGE,Studio Suite
7134,2X POINTS PACKAGE|1 KING BED STUDIO SUITE NONSMOKING FREE BRKFST/INTERNET-KITCHEN W/MICRO/FRIDGE,Studio Suite
7173,FLEXIBLE RATE|1KING HEARING ACCESSIBLE STUDIO SUITE NOSMOK VISUAL FIRE ALARM/DOOR/PHONE ALERT,Studio Suite
7179,2X POINTS PACKAGE|1KING HEARING ACCESSIBLE STUDIO SUITE NOSMOK VISUAL FIRE ALARM/DOOR/PHONE ALERT,Studio Suite
7269,FLEXIBLE RATE|1 KING BED STUDIO SUITE NONSMOKING FREE BRKFST/INTERNET-KITCHEN W/MICRO/FRIDGE,Studio Suite
7300,BEST AVAILABLE RATE|PARK STUDIO STE. KING BED. 800 SQFT. CTYD VIEWS SEPARATE STUDY ROOM. COMP WIFI.,Studio Suite
7301,JEAN GEORGES BED AND BREAKFAST|PARK STUDIO STE. KING BED. 800 SQFT. CTYD VIEWS SEPARATE STUDY ROOM. COMP WIFI.,Studio Suite
7302,PREFERRED PRIDE|PARK STUDIO STE. KING BED. 800 SQFT. CTYD VIEWS SEPARATE STUDY ROOM. COMP WIFI.,Studio Suite
7304,SUITE SLUMBER PARTY|PARK STUDIO STE. KING BED. 800 SQFT. CTYD VIEWS SEPARATE STUDY ROOM. COMP WIFI.,Studio Suite
7310,BEST AVAILABLE RATE|1 KING MICROWV/FRIDGE/WET BAR STUDIO SUITE NS SOFABED/HDTV/FREE WI-FI/,Studio Suite
7313,2X POINTS PACKAGE|1 KING BED STUDIO SUITE NONSMOKING FREE BRKFST/INTERNET-KITCHEN W/MICRO/FRIDGE,Studio Suite
7317,BEST AVAILABLE RATE|2 QNS MICROWV/FRIDGE/WETBAR STUDIO SUITE NS SOFABED/HDTV/FREE WI-FI/,Studio Suite
7322,2X POINTS PACKAGE|1 KING BED STUDIO SUITE NONSMOKING FREE BRKFST/INTERNET-KITCHEN W/MICRO/FRIDGE,Studio Suite
7333,PARK AND GO|1 KING BED STUDIO SUITE NONSMOKING FREE BRKFST/INTERNET-KITCHEN W/MICRO/FRIDGE,Studio Suite
7339,BOOKS FOR KIDS|1 KING BED STUDIO SUITE NONSMOKING FREE BRKFST/INTERNET-KITCHEN W/MICRO/FRIDGE,Studio Suite
7350,ADVANCE PURCHASE - NO REFUNDS|STANDARD STUDIO 2 FULL BEDS NONSMKNG FREE WIFI AND GRAB AND GO BKFST 32IN LCD TV,Studio Suite
7352,ADVANCE PURCHASE - NO REFUNDS|STANDARD STUDIO 1 KING BED NONSMKNG FREE WIFI AND GRAB AND GO BKFST 32IN LCD TV,Studio Suite
7353,ADVANCE PURCHASE - NO REFUNDS|STANDARD STUDIO 1 QUEEN BED NONSMKNG FREE WIFI AND GRAB AND GO BKFST 32IN LCD TV,Studio Suite
7355,NIGHTLY VALUE RATE|STANDARD STUDIO 1 KING BED NONSMKNG FREE WIFI AND GRAB AND GO BKFST 32IN LCD TV,Studio Suite
7360,NIGHTLY VALUE RATE|STANDARD STUDIO 2 FULL BEDS NONSMKNG FREE WIFI AND GRAB AND GO BKFST 32IN LCD TV,Studio Suite
7368,NIGHTLY VALUE RATE|STANDARD STUDIO 1 QUEEN BED NONSMKNG FREE WIFI AND GRAB AND GO BKFST 32IN LCD TV,Studio Suite
7370,FLEXIBLE RATE|1 KING BED STUDIO SUITE NONSMOKING FREE WI-FI-DAILY HOT BRKFST-LITE MEAL M-TH,Studio Suite
7371,CORPORATE RATE|STANDARD STUDIO 1 QUEEN BED NONSMKNG FREE WIFI AND GRAB AND GO BKFST 32IN LCD TV,Studio Suite
7382,FLEXIBLE RATE|1 KING BED STUDIO SUITE NONSMOKING FREE WI-FI-DAILY HOT BRKFST-LITE MEAL M-TH,Studio Suite
7389,FLEXIBLE RATE|1 KING BED STUDIO SUITE NONSMOKING FREE BRKFST/INTERNET-KITCHEN W/MICRO/FRIDGE,Studio Suite
7396,FLEXIBLE RATE|1KING HEARING ACCESSIBLE STUDIO SUITE NOSMOK VIS FIRE ALARM/DOOR/PHN ALERT-KITCHEN-SOFABED,Studio Suite
7401,2X POINTS PACKAGE|1 KING BED STUDIO SUITE NONSMOKING FREE WI-FI-DAILY HOT BRKFST-LITE MEAL M-TH,Studio Suite
7406,FLEXIBLE RATE|1 KING BED STUDIO SUITE NONSMOKING FREE WI-FI-DAILY HOT BRKFST-LITE MEAL M-TH,Studio Suite
7421,"REGULAR RATE|FLEXIBLE RATE, STUDIO SUITE, 1 KING, SOFA BED",Studio Suite
7424,STANDARD RATE|KING BED-STUDIO SUITE-NON SMOKING,Studio Suite
7428,FLEXIBLE RATE|1 KING BED STUDIO SUITE NONSMOKING FREE BRKFST/INTERNET-KITCHEN W/MICRO/FRIDGE,Studio Suite
7429,2X POINTS PACKAGE|1 KING BED STUDIO SUITE NONSMOKING FREE BRKFST/INTERNET-KITCHEN W/MICRO/FRIDGE,Studio Suite
7432,SEMI-FLEX|1 KING BED STUDIO SUITE NONSMOKING FREE BRKFST/INTERNET-KITCHEN W/MICRO/FRIDGE,Studio Suite
7443,BEST AVAILABLE RATE|1 KING BED STUDIO SUITE W/ SOFABED NONSMOKING HDTV/FREE WI-FI/SITTING AREA/FRIDGE/MICROWAVE,Studio Suite
7445,2X POINTS PACKAGE|1 KING BED STUDIO SUITE NONSMOKING FREE BRKFST/INTERNET-KITCHEN W/MICRO/FRIDGE,Studio Suite
7451,FLEXIBLE RATE|1 KING BED STUDIO SUITE NONSMOKING FREE WI-FI-DAILY HOT BRKFST-LITE MEAL M-TH,Studio Suite
7462,FLEXIBLE RATE|1 KING BED STUDIO SUITE NONSMOKING FREE WI-FI-DAILY HOT BRKFST-LITE MEAL M-TH,Studio Suite
7472,STANDARD RATE|2 DOUBLE BEDS-STUDIO SUITE-NON SMOKING,Studio Suite
7486,2X POINTS PACKAGE|1 KING BED STUDIO SUITE NONSMOKING FREE WI-FI-DAILY HOT BRKFST-LITE MEAL M-TH,Studio Suite
7489,STANDARD RATE|KING BED-STUDIO SUITE-NON SMOKING,Studio Suite
7493,SEMI-FLEX|1 KING BED STUDIO SUITE NONSMOKING FREE BRKFST/INTERNET-KITCHEN W/MICRO/FRIDGE,Studio Suite
7501,2X POINTS PACKAGE|1 KING BED STUDIO SUITE NONSMOKING FREE WI-FI-DAILY HOT BRKFST-LITE MEAL M-TH,Studio Suite
7506,BEST AVAILABLE RATE|STUDIO SUITE KING,Studio Suite
7511,2X POINTS PACKAGE|1 KING BED STUDIO SUITE W/ SOFABED NONSMOKING HDTV/FREE WI-FI/SITTING AREA/FRIDGE/MICROWAVE,Studio Suite
7513,2X POINTS PACKAGE|1 KING BED STUDIO SUITE NONSMOKING FREE WI-FI-DAILY HOT BRKFST-LITE MEAL M-TH,Studio Suite
7517,WELLNESS PACKAGE|PARK STUDIO STE. KING BED. 800 SQFT. CTYD VIEWS SEPARATE STUDY ROOM. COMP WIFI.,Studio Suite
7521,2X POINTS PACKAGE|1KING ACCESSIBLE TUB STUDIO SUITE NONSMOKING FREE BRKFST/WI-FI-KITCHEN W/MICRO/FRIDGE,Studio Suite
7527,2X POINTS PACKAGE|1 KING MICROWV/FRIDGE/WET BAR STUDIO SUITE NS SOFABED/HDTV/FREE WI-FI/,Studio Suite
7529,BOOKS FOR KIDS|1 KING BED STUDIO SUITE NONSMOKING FREE BRKFST/INTERNET-KITCHEN W/MICRO/FRIDGE,Studio Suite
7530,FLEXIBLE RATE|1 KING BED STUDIO SUITE NONSMOKING FREE WI-FI-DAILY HOT BRKFST-LITE MEAL M-TH,Studio Suite
7540,OUR BEST AVAILABLE RATE|JUNIOR STUDIO SUITE APPROX 475 SQFT - KING BED W QUEEN SIZE PULL OUT COUCH - NEST AMENITIES,Studio Suite
7542,FLEXIBLE RATE|1 KING BED STUDIO SUITE NONSMOKING FREE BRKFST/INTERNET-KITCHEN W/MICRO/FRIDGE,Studio Suite
7549,BEST AVAILABLE RATE|1 KING MICROWV/FRIDGE/WET BAR STUDIO SUITE NS SOFABED/HDTV/FREE WI-FI/,Studio Suite
7550,AARP RATE|KING BED-STUDIO SUITE-NON SMOKING -EXCLUSIVE RATE FOR AARP MEMBERS,Studio Suite
7563,2X POINTS PACKAGE|1 KING BED STUDIO SUITE NONSMOKING FREE BRKFST/INTERNET-KITCHEN W/MICRO/FRIDGE,Studio Suite
7564,FLEXIBLE RATE|1 KING BED STUDIO SUITE NONSMOKING COMP WI-FI-DAILY HOT BRKFST-LITE MEAL M-TH,Studio Suite
7565,SEMI-FLEX|1KING ACCESSIBLE TUB STUDIO SUITE NONSMOKING FREE BRKFST/WI-FI-KITCHEN W/MICRO/FRIDGE,Studio Suite
7568,2X POINTS PACKAGE|1 KING MICROWV/FRIDGE/WET BAR STUDIO SUITE NS SOFABED/HDTV/FREE WI-FI/,Studio Suite
7571,FLEX RATE BED AND BREAKFAST-BB|STUDIO SUITE KING,Studio Suite
7584,2X POINTS PACKAGE|1 KING MICROWV/FRIDGE/WET BAR STUDIO SUITE NS SOFABED/HDTV/FREE WI-FI/,Studio Suite
7599,BEST AVAILABLE RATE|2 QNS MICROWV/FRIDGE/WETBAR STUDIO SUITE NS SOFABED/HDTV/FREE WI-FI/,Studio Suite
7600,FLEXIBLE RATE|1 KING BED STUDIO SUITE NONSMOKING FREE BRKFST/INTERNET-KITCHEN W/MICRO/FRIDGE,Studio Suite
7606,STANDARD RATE|2 DOUBLE BEDS-STUDIO SUITE-ROLLIN SHOWER-NSK,Studio Suite
7617,FLEXIBLE RATE|1 KING BED STUDIO SUITE NONSMOKING COMP HI SPEED DAILY HOT BRKFST LITE MEAL M-TH,Studio Suite
7619,2X POINTS PACKAGE|1 KING BED STUDIO SUITE NONSMOKING COMP HI SPEED DAILY HOT BRKFST LITE MEAL M-TH,Studio Suite
7622,2X POINTS PACKAGE|2 QNS MICROWV/FRIDGE/WETBAR STUDIO SUITE NS SOFABED/HDTV/FREE WI-FI/,Studio Suite
7625,BOOKS FOR KIDS|1KING ACCESSIBLE TUB STUDIO SUITE NONSMOKING FREE BRKFST/WI-FI-KITCHEN W/MICRO/FRIDGE,Studio Suite
7626,2X POINTS PACKAGE|2 QNS MICROWV/FRIDGE/WETBAR STUDIO SUITE NS SOFABED/HDTV/FREE WI-FI/,Studio Suite
7628,BOOKS FOR KIDS|1 KING BED STUDIO SUITE NONSMOKING COMP HI SPEED DAILY HOT BRKFST LITE MEAL M-TH,Studio Suite
7630,2X POINTS PACKAGE|1 KING BED STUDIO SUITE W/ SOFABED NONSMOKING HDTV/FREE WI-FI/SITTING AREA/FRIDGE/MICROWAVE,Studio Suite
7632,FLEXIBLE RATE|1 KING BED STUDIO SUITE NONSMOKING FREE BRKFST/INTERNET-KITCHEN W/MICRO/FRIDGE,Studio Suite
7643,"MARRIOTT SENIOR DISC.|MARRIOTT SENIOR DISCOUNT, INCLUDES 62 YEARS AND OLDER VALID ID REQUIRED, STUDIO, 1 KING, SOFA BED",Studio Suite
7646,"AAA AMERICAN AUTO ASSN|AAA RATE, AAA MEMBERSHIP CARD REQUIRED, STUDIO, 1 KING, SOFA BED",Studio Suite
7662,FLEXIBLE RATE|1 KING BED STUDIO SUITE NONSMOKING FREE BRKFST/INTERNET-KITCHEN W/MICRO/FRIDGE,Studio Suite
7674,2X POINTS PACKAGE|1 KING BED STUDIO SUITE NONSMOKING FREE BRKFST/INTERNET-KITCHEN W/MICRO/FRIDGE,Studio Suite
7685,FLEXIBLE RATE|1KING HEARING ACCESSIBLE STUDIO SUITE NOSMOK VIS FIRE ALARM/DOOR/PHN ALERT-KITCHEN-SOFABED,Studio Suite
7693,FLEXIBLE RATE|1 KING BED STUDIO SUITE NONSMOKING FREE BRKFST/INTERNET-KITCHEN W/MICRO/FRIDGE,Studio Suite
7704,2X POINTS PACKAGE|1 KING BED STUDIO SUITE NONSMOKING COMP WI-FI-DAILY HOT BRKFST-LITE MEAL M-TH,Studio Suite
7708,FLEXIBLE RATE|1 KING BED STUDIO SUITE NONSMOKING FREE BRKFST/INTERNET-KITCHEN W/MICRO/FRIDGE,Studio Suite
7709,2X POINTS PACKAGE|1 KING BED STUDIO SUITE W/ SOFABED NONSMOKING HDTV/FREE WI-FI/SITTING AREA/FRIDGE/MICROWAVE,Studio Suite
7713,FLEXIBLE RATE|1 KING BED STUDIO SUITE NONSMOKING FREE WI-FI-DAILY HOT BRKFST-LITE MEAL M-TH,Studio Suite
7716,SEMI-FLEX|1 KING MICROWV/FRIDGE/WET BAR STUDIO SUITE NS SOFABED/HDTV/FREE WI-FI/,Studio Suite
7744,FLEXIBLE RATE|1 KING BED STUDIO SUITE NONSMOKING FREE WI-FI-DAILY HOT BRKFST-LITE MEAL M-TH,Studio Suite
7745,FLEXIBLE RATE|1 KING BED STUDIO SUITE NONSMOKING FREE BRKFST/INTERNET-KITCHEN W/MICRO/FRIDGE,Studio Suite
7749,2X POINTS PACKAGE|1 KING BED STUDIO SUITE NONSMOKING FREE WI-FI-DAILY HOT BRKFST-LITE MEAL M-TH,Studio Suite
7754,2X POINTS PACKAGE|1 KING BED STUDIO SUITE NONSMOKING FREE BRKFST/INTERNET-KITCHEN W/MICRO/FRIDGE,Studio Suite
7755,BEST AVAILABLE RATE|1 KING MICROWV/FRIDGE/WET BAR STUDIO SUITE NS SOFABED/HDTV/FREE WI-FI,Studio Suite
7764,2X POINTS PACKAGE|1 KING BED STUDIO SUITE NONSMOKING FREE BRKFST/INTERNET-KITCHEN W/MICRO/FRIDGE,Studio Suite
7779,2X POINTS PACKAGE|1 KING MICROWV/FRIDGE/WET BAR STUDIO SUITE NS SOFABED/HDTV/FREE WI-FI/,Studio Suite
7784,2X POINTS PACKAGE|1 KING BED STUDIO SUITE NONSMOKING FREE BRKFST/INTERNET-KITCHEN W/MICRO/FRIDGE,Studio Suite
7785,SEMI-FLEX|2 QNS MICROWV/FRIDGE/WETBAR STUDIO SUITE NS SOFABED/HDTV/FREE WI-FI/,Studio Suite
7787,2X POINTS PACKAGE|1 KING BED STUDIO SUITE NONSMOKING FREE BRKFST/INTERNET-KITCHEN W/MICRO/FRIDGE,Studio Suite
7796,FLEXIBLE RATE|1 KING BED STUDIO SUITE NONSMOKING FREE BRKFST/INTERNET-KITCHEN W/MICRO/FRIDGE,Studio Suite
7813,SEMI-FLEX|1 KING BED STUDIO SUITE NONSMOKING FREE WI-FI-DAILY HOT BRKFST-LITE MEAL M-TH,Studio Suite
7834,"REGULAR RATE|FLEXIBLE RATE, STUDIO, 1 KING, SOFA BED",Studio Suite
7835,"AAA AMERICAN AUTO ASSN|AAA RATE, AAA MEMBERSHIP CARD REQUIRED, STUDIO, 1 KING, SOFA BED",Studio Suite
7848,BEST AVAILABLE RATE|1 KING BED STUDIO SUITE NONSMOKING HDTV/FREE WI-FI/SITTING AREA/,Studio Suite
7862,BOOKS FOR KIDS|1 KING BED STUDIO SUITE NONSMOKING FREE BRKFST/INTERNET-KITCHEN W/MICRO/FRIDGE,Studio Suite
7867,2X POINTS PACKAGE|2 QNS MICROWV/FRIDGE/WETBAR STUDIO SUITE NS SOFABED/HDTV/FREE WI-FI/,Studio Suite
7869,BEST AVAILABLE RATE|1 KING MICROWV/FRIDGE/WET BAR STUDIO SUITE NS SOFABED/HDTV/FREE WI-FI/,Studio Suite
7875,FLEXIBLE RATE|1 KING BED STUDIO SUITE NONSMOKING FREE WI-FI-DAILY HOT BRKFST-LITE MEAL M-TH,Studio Suite
7879,FLEXIBLE RATE|1 KING BED STUDIO SUITE NONSMOKING COMP HI SPEED DAILY HOT BRKFST LITE MEAL M-TH,Studio Suite
7880,FLEXIBLE RATE|1 KING BED STUDIO SUITE NONSMOKING COMP HI SPEED DAILY HOT BRKFST LITE MEAL M-TH,Studio Suite
7882,2X POINTS PACKAGE|1 KING BED STUDIO SUITE W/ SOFABED NONSMOKING HDTV/FREE WI-FI/SITTING AREA/FRIDGE/MICROWAVE,Studio Suite
7891,BEST AVAILABLE RATE|1 KING BED STUDIO SUITE NONSMOKING HDTV/FREE WI-FI/SITTING AREA/,Studio Suite
7893,2X POINTS PACKAGE|1 KING BED STUDIO SUITE NONSMOKING FREE WI-FI-DAILY HOT BRKFST-LITE MEAL M-TH,Studio Suite
7898,2X POINTS PACKAGE|1 KING BED STUDIO SUITE NONSMOKING COMP HI SPEED DAILY HOT BRKFST LITE MEAL M-TH,Studio Suite
7905,FLEXIBLE RATE|1 KING BED STUDIO SUITE NONSMOKING FREE WI-FI-DAILY HOT BRKFST-LITE MEAL M-TH,Studio Suite
7907,SEMI-FLEX|1 KING BED STUDIO SUITE NONSMOKING FREE BRKFST/INTERNET-KITCHEN W/MICRO/FRIDGE,Studio Suite
7912,2X POINTS PACKAGE|1 KING BED STUDIO SUITE NONSMOKING FREE BRKFST/INTERNET-KITCHEN W/MICRO/FRIDGE,Studio Suite
7923,2X POINTS PACKAGE|1 KING MICROWV/FRIDGE/WET BAR STUDIO SUITE NS SOFABED/HDTV/FREE WI-FI/,Studio Suite
7924,FLEXIBLE RATE|1 KING BED STUDIO SUITE NONSMOKING FREE BRKFST/INTERNET-KITCHEN W/MICRO/FRIDGE,Studio Suite
7929,2X POINTS PACKAGE|1 KING BED STUDIO SUITE NONSMOKING FREE BRKFST/INTERNET-KITCHEN W/MICRO/FRIDGE,Studio Suite
7932,SEMI-FLEX|1 KING BED STUDIO SUITE NONSMOKING FREE BRKFST/INTERNET-KITCHEN W/MICRO/FRIDGE,Studio Suite
7935,FLEXIBLE RATE|1 KING BED STUDIO SUITE NONSMOKING FREE BRKFST/INTERNET-KITCHEN W/MICRO/FRIDGE,Studio Suite
7937,FLEXIBLE RATE|2QUEEN ACCESSIBLE BATHTUB STUDIO NONSMOKING FREE BRKFST/WI-FI-KITCHEN W/MICRO/FRIDGE,Studio Suite
7943,SEMI-FLEX|1 KING BED STUDIO SUITE NONSMOKING FREE WI-FI-DAILY HOT BRKFST-LITE MEAL M-TH,Studio Suite
7945,2X POINTS PACKAGE|1 KING MICROWV/FRIDGE/WET BAR STUDIO SUITE NS SOFABED/HDTV/FREE WI-FI,Studio Suite
7947,"REGULAR RATE|FLEXIBLE RATE, STUDIO SUITE, 1 KING, SOFA BED",Studio Suite
7956,"REGULAR RATE|FLEXIBLE RATE, STUDIO SUITE, STUDIO, 1 KING",Studio Suite
7960,CWT PROGRAM -HONORS SEMI-FLEX|1 KING MICROWV/FRIDGE/WET BAR STUDIO SUITE NS SOFABED/HDTV/FREE WI-FI/,Studio Suite
7964,2X POINTS PACKAGE|1 KING BED STUDIO SUITE NONSMOKING FREE WI-FI-DAILY HOT BRKFST-LITE MEAL M-TH,Studio Suite
7970,2X POINTS PACKAGE|2QUEEN ACCESSIBLE BATHTUB STUDIO NONSMOKING FREE BRKFST/WI-FI-KITCHEN W/MICRO/FRIDGE,Studio Suite
7974,BEST AVAILABLE RATE|1 KING MICROWV/FRIDGE/WET BAR STUDIO SUITE NS SOFABED/HDTV/FREE WI-FI/,Studio Suite
7984,2X POINTS PACKAGE|1 KING BED STUDIO SUITE NONSMOKING FREE WI-FI-DAILY HOT BRKFST-LITE MEAL M-TH,Studio Suite
7986,STANDARD RATE HF KING STUDIO|STUDIO SUITE:1 KING 1 SOFABED:NON SMOKING,Studio Suite
7987,FLEXIBLE RATE|1KING HEARING ACCESSIBLE STUDIO SUITE NOSMOK VISUAL FIRE ALARM/DOOR/PHONE ALERT,Studio Suite
7988,FLEXIBLE RATE|1 KING BED STUDIO SUITE NONSMOKING FREE BRKFST/INTERNET-KITCHEN W/MICRO/FRIDGE,Studio Suite
7994,BEST AVAILABLE RATE|1 KING BED STUDIO SUITE NONSMOKING FREE BRKFST/INTERNET-KITCHEN W/MICRO/FRIDGE,Studio Suite
7995,BEST AVAILABLE RATE|1 KING BED STUDIO SUITE NONSMOKING FREE BRKFST/INTERNET-KITCHEN W/MICRO/FRIDGE,Studio Suite
7996,BOOKS FOR KIDS|1 KING BED STUDIO SUITE NONSMOKING FREE BRKFST/INTERNET-KITCHEN W/MICRO/FRIDGE,Studio Suite
8035,FLEXIBLE RATE|TWIN ROOM HDTV/FREE WI-FI/HOT BREAKFAST INCLUDED,Twin Room
8038,MRATE AVAIL BOOK WITH CONFIDEN|TWIN ROOM WITH 2 BEDS,Twin Room
8053,SEMI-FLEX|TWIN ROOM COMP WIFI/MINI FRIDGE/IRON-BOARD/SAFE/22 SQM,Twin Room
8065,BB SEMI FLEX|TWIN ROOM COMP WIFI/MINI FRIDGE/IRON-BOARD/SAFE/22 SQM,Twin Room
8085,MRATE AVAIL BOOK WITH CONFIDEN|TWIN ROOM WITH 2 BEDS,Twin Room
8105,2X POINTS PACKAGE|TWIN ROOM HDTV/FREE WI-FI/HOT BREAKFAST INCLUDED,Twin Room
8124,MRATE AVAIL FLEXIBLE RATE|TWIN ROOM WITH 2 BEDS,Twin Room
8125,MRATE AVAIL FLEXIBLE RATE - BB|TWIN ROOM WITH 2 BEDS,Twin Room
8141,ADVANCE PURCHASE|TWIN ROOM COMP WIFI/MINI FRIDGE/IRON-BOARD/SAFE/22 SQM,Twin Room
8149,ADVANCE PURCHASE|TWIN ROOM HDTV/FREE WI-FI/HOT BREAKFAST INCLUDED,Twin Room
8156,SEMI-FLEX|TWIN ROOM HDTV/FREE WI-FI/HOT BREAKFAST INCLUDED,Twin Room
8183,CCS PUBLIC SECTOR RATE BB -NEG|TWIN ROOM HDTV/FREE WI-FI/HOT BREAKFAST INCLUDED,Twin Room
8188,MRATE AVAIL BOOK WITH CONFIDEN|TWIN ROOM WITH 2 BEDS,Twin Room
8205,CCS PUBLIC SECTOR RATE BB -NEG|TWIN ROOM HDTV/FREE WI-FI/HOT BREAKFAST INCLUDED,Twin Room
8216,"HM UK GOVERNMENT -NEGOTIATED,|TWIN ROOM HDTV/FREE WI-FI/HOT BREAKFAST INCLUDED",Twin Room
8235,MRATE AVAIL BOOK WITH CONFIDEN|TWIN ROOM WITH 2 BEDS,Twin Room
8241,MRATE AVAIL BOOK WITH CONFIDEN|STANDARD TWIN ROOM,Twin Room
8244,MRATE AVAIL FLEXIBLE RATE|TWIN ROOM WITH 2 BEDS,Twin Room
8245,MRATE AVAIL FLEXIBLE RATE - BB|TWIN ROOM WITH 2 BEDS,Twin Room
8253,BEST AVAILABLE RATE|TWIN ROOM FREE WI-FI/HOT BREAKFAST INCLUDED/HDTV/SAFE,Twin Room
8257,MRATE AVAIL FLEXIBLE RATE|TWIN ROOM WITH 2 BEDS,Twin Room
8258,MRATE AVAIL FLEXIBLE RATE - BB|TWIN ROOM WITH 2 BEDS,Twin Room
8303,"HM UK GOVERNMENT -NEGOTIATED,|TWIN ROOM HDTV/FREE WI-FI/HOT BREAKFAST INCLUDED",Twin Room
8305,CCS PUBLIC SECTOR RATE BB -NEG|TWIN ROOM HDTV/FREE WI-FI/HOT BREAKFAST INCLUDED,Twin Room
8315,MRATE AVAIL BOOK WITH CONFIDEN|STANDARD TWIN ROOM,Twin Room
8317,SEMI-FLEX|TWIN ROOM FREE WI-FI/HOT BREAKFAST INCLUDED/HDTV/SAFE,Twin Room
8329,SEMI-FLEX|TWIN ROOM HDTV/FREE WI-FI/HOT BREAKFAST INCLUDED,Twin Room
8333,FLEXIBLE RATE|TWIN ROOM HDTV/FREE WI-FI/HOT BREAKFAST INCLUDED,Twin Room
8334,MRATE AVAIL BOOK WITH CONFIDEN|TWIN ROOM WITH 2 BEDS,Twin Room
8335,SEMI-FLEX|TWIN ROOM NON SMOKING FREE WI-FI/HOT BREAKFAST INCLUDED/HDTV/SAFE,Twin Room
8341,2X POINTS PACKAGE|TWIN ROOM FREE WI-FI/HOT BREAKFAST INCLUDED/HDTV/SAFE,Twin Room
8342,MRATE AVAIL FLEXIBLE RATE|STANDARD TWIN ROOM,Twin Room
8343,MRATE AVAIL FLEXIBLE RATE - BB|STANDARD TWIN ROOM,Twin Room
8354,MRATE AVAIL BOOK WITH CONFIDEN|STANDARD TWIN ROOM,Twin Room
8356,REGULAR/RACK|TWIN ROOM - QUEEN . SINGLE TWIN ROOM - QUEEN . SINGLE ROOM ONLY RATE NON-SMOKING,Twin Room
8361,MRATE AVAIL BOOK WITH CONFIDEN|TWIN ROOM WITH 2 BEDS,Twin Room
8362,CCS ACCOMMODATIO/BB-NEGOTIATED|TWIN ROOM WITH 2 BEDS,Twin Room
8369,MRATE AVAIL FLEXIBLE RATE|TWIN ROOM WITH 2 BEDS,Twin Room
8370,MRATE AVAIL FLEXIBLE RATE - BB|TWIN ROOM WITH 2 BEDS,Twin Room
8372,BEST AVAILABLE RATE|TWIN ROOM HDTV/FREE WI-FI/HOT BREAKFAST INCLUDED,Twin Room
8379,MRATE AVAIL BOOK WITH CONFIDEN|TWIN ROOM WITH 2 BEDS,Twin Room
8382,CCS PUBLIC SECTOR RATE BB -NEG|TWIN ROOM HDTV/FREE WI-FI/HOT BREAKFAST INCLUDED,Twin Room
8386,CCS ACCOMMODATIO/BB-NEGOTIATED|TWIN ROOM WITH 2 BEDS,Twin Room
8387,CCS PUBLIC SECTOR RATE BB -NEG|TWIN ROOM HDTV/FREE WI-FI/HOT BREAKFAST INCLUDED,Twin Room
8388,"REGULAR RATE|FLEXIBLE RATE, STANDARD TWIN ROOM, GUEST ROOM, 2 TWIN/SINGLE BED-S-",Twin Room
8390,MRATE AVAIL BOOK WITH CONFIDEN|TWIN ROOM WITH 2 BEDS,Twin Room
8398,SEMI-FLEX|TWIN ROOM HDTV/FREE WI-FI/HOT BREAKFAST INCLUDED,Twin Room
8404,SEMI-FLEX|TWIN ROOM HDTV/FREE WI-FI/HOT BREAKFAST INCLUDED,Twin Room
8408,FLEXIBLE RATE - BB-BB/BED BRKF|STANDARD TWIN ROOM,Twin Room
8409,MRATE AVAIL BOOK WITH CONFIDEN|TWIN ROOM WITH 2 BEDS,Twin Room
8411,FLEXIBLE RATE|STANDARD TWIN ROOM,Twin Room
8412,TRIPADVISOR PLUS RATE|DOUBLE OR TWIN ROOM ONLY ROOM,Twin Room
8416,CTM|STANDARD TWIN ROOM,Twin Room
8419,"HM UK GOVERNMENT -NEGOTIATED,|TWIN ROOM HDTV/FREE WI-FI/HOT BREAKFAST INCLUDED",Twin Room
8423,TRIPADVISOR PLUS RATE|DOUBLE OR TWIN ROOM ONLY ROOM,Twin Room
8436,CTM|TWIN ROOM WITH 2 BEDS,Twin Room
8439,FLEXIBLE RATE|TWIN ROOM HDTV/FREE WI-FI/HOT BREAKFAST INCLUDED,Twin Room
8440,MRATE AVAIL BOOK WITH CONFIDEN|TWIN ROOM WITH 2 BEDS,Twin Room
8448,2X POINTS PACKAGE|TWIN ROOM HDTV/FREE WI-FI/HOT BREAKFAST INCLUDED,Twin Room
8450,GOVERNMENT RATE|EMPLOYEE ID REQUIRED AT CHECK IN STANDARD TWIN ROOM,Twin Room
8451,2X POINTS PACKAGE|TWIN ROOM NON SMOKING FREE WI-FI/HOT BREAKFAST INCLUDED/HDTV/SAFE,Twin Room
8452,CCS PUBLIC SECTOR RATE RO -NEG|TWIN ROOM HDTV/FREE WI-FI/HOT BREAKFAST INCLUDED,Twin Room
8455,TRIPADVISOR PLUS RATE|DOUBLE OR TWIN ROOM WITH BREAKFAST,Twin Room
8461,WIN PREFERRED RATE -PREFERRED|TWIN ROOM HDTV/FREE WI-FI/HOT BREAKFAST INCLUDED,Twin Room
8463,TRIPADVISOR PLUS RATE|DOUBLE OR TWIN ROOM WITH BREAKFAST,Twin Room
8467,CCS ACCOMMODATIO/BB-NEGOTIATED|TWIN ROOM WITH 2 BEDS,Twin Room
8468,ADVANCE PURCHASE|TWIN ROOM FREE WI-FI/HOT BREAKFAST INCLUDED/HDTV/SAFE,Twin Room
8472,CTM|TWIN ROOM WITH 2 BEDS,Twin Room
8479,MRATE AVAIL FLEXIBLE RATE|STANDARD TWIN ROOM,Twin Room
8480,MRATE AVAIL FLEXIBLE RATE - BB|STANDARD TWIN ROOM,Twin Room
8483,BEST AVAILABLE RATE|TWIN ROOM HDTV/FREE WI-FI/HOT BREAKFAST INCLUDED,Twin Room
8484,SEMI-FLEX|TWIN ROOM FREE WI-FI/HOT BREAKFAST INCLUDED/HDTV/SAFE,Twin Room
8485,CCS PUBLIC SECTOR RATE BB -NEG|TWIN ROOM COMP WIFI/MINI FRIDGE/IRON-BOARD/SAFE/22 SQM,Twin Room
8486,BEST AVAILABLE RATE|TWIN ROOM HDTV/FREE WI-FI/HOT BREAKFAST INCLUDED,Twin Room
8487,MRATE AVAIL FLEXIBLE RATE|TWIN ROOM WITH 2 BEDS,Twin Room
8489,2X POINTS PACKAGE|TWIN ROOM FREE WI-FI/HOT BREAKFAST INCLUDED/HDTV/SAFE,Twin Room
8490,MRATE AVAIL FLEXIBLE RATE - BB|TWIN ROOM WITH 2 BEDS,Twin Room
8492,SEMI-FLEX|TWIN ROOM NON SMOKING FREE WI-FI/HOT BREAKFAST INCLUDED/HDTV/SAFE,Twin Room
8495,BEST FLEXIBLE RATE INC ROOM ON|TWIN ROOM 2 SEALY SINGLE BEDS FREE WIFI FLAT SCREEN SATELLITE TV TEA COFFEE MAKING BEST FLEXIBLE RATE.  ROOM ONLY,Twin Room
8498,BEST AVAILABLE RATE|TWIN ROOM NON SMOKING FREE WI-FI/HOT BREAKFAST INCLUDED/HDTV/SAFE,Twin Room
8507,2X POINTS PACKAGE|TWIN ROOM NON SMOKING FREE WI-FI/HOT BREAKFAST INCLUDED/HDTV/SAFE,Twin Room
8508,CTM|TWIN ROOM WITH 2 BEDS,Twin Room
8512,SEMI-FLEX|TWIN ROOM FREE WI-FI/HOT BREAKFAST INCLUDED/HDTV/SAFE,Twin Room
8514,MRATE AVAIL BOOK WITH CONFIDEN|TWIN ROOM WITH 2 BEDS,Twin Room
8521,SEMI-FLEX|TWIN ROOM HDTV/FREE WI-FI/HOT BREAKFAST INCLUDED,Twin Room
8525,CORPORATE RATE BY HOTELREZ RO|TWIN ROOM NO WINDOW ENSUITE WIFI TV AIR CON SAFE - USB PORTS - HAIRDRYER,Twin Room
8526,WORLD RAINBOW HOTELS BAR  RO|TWIN ROOM NO WINDOW ENSUITE WIFI TV AIR CON SAFE - USB PORTS - HAIRDRYER,Twin Room
8528,BESTREZ RO INC VAT|TWIN ROOM NO WINDOW ENSUITE WIFI TV AIR CON SAFE - USB PORTS - HAIRDRYER,Twin Room
8529,GOVERNMENT RATE BY HOTELREZ RO|TWIN ROOM NO WINDOW ENSUITE WIFI TV AIR CON SAFE - USB PORTS - HAIRDRYER,Twin Room
8533,ADVANCE PURCHASE|TWIN ROOM HDTV/FREE WI-FI/HOT BREAKFAST INCLUDED,Twin Room
8534,2X POINTS PACKAGE|TWIN ROOM NON SMOKING FREE WI-FI/HOT BREAKFAST INCLUDED/HDTV/SAFE,Twin Room
8538,WORLDWIDE INDEPENDENT TRAVEL N|TWIN ROOM WITH 2 BEDS,Twin Room
8542,MRATE AVAIL BOOK WITH CONFIDEN|TWIN ROOM WITH 2 BEDS,Twin Room
8547,CCS ACCOMMODATIO/BB-NEGOTIATED|TWIN ROOM WITH 2 BEDS,Twin Room
8548,BEST AVAILABLE RATE|TWIN ROOM NON SMOKING FREE WI-FI/HOT BREAKFAST INCLUDED/HDTV/SAFE,Twin Room
8552,CCS PUBLIC SECTOR RATE BB -NEG|TWIN ROOM FREE WI-FI/HOT BREAKFAST INCLUDED/HDTV/SAFE,Twin Room
8558,CCS PUBLIC SECTOR RATE RO -NEG|TWIN ROOM HDTV/FREE WI-FI/HOT BREAKFAST INCLUDED,Twin Room
8560,MRATE AVAIL BOOK WITH CONFIDEN|STANDARD TWIN ROOM,Twin Room
8573,2X POINTS PACKAGE|TWIN ROOM HDTV/FREE WI-FI/HOT BREAKFAST INCLUDED,Twin Room
8577,MRATE AVAIL BOOK WITH CONFIDEN|TWIN ROOM WITH 2 BEDS,Twin Room
8581,CWT PROGRAM -HONORS DISCOUNT|TWIN ROOM FREE WI-FI/HOT BREAKFAST INCLUDED/HDTV/SAFE,Twin Room
8582,CWT PROGRAM -PREFERRED|TWIN ROOM FREE WI-FI/HOT BREAKFAST INCLUDED/HDTV/SAFE,Twin Room
8583,2X POINTS PACKAGE|TWIN ROOM HDTV/FREE WI-FI/HOT BREAKFAST INCLUDED,Twin Room
8587,GOVERNMENT UK 20/BB-NEGOTIATED|TWIN ROOM WITH 2 BEDS,Twin Room
8588,CWT PROGRAM -HONORS DISCOUNT|TWIN ROOM NON SMOKING FREE WI-FI/HOT BREAKFAST INCLUDED/HDTV/SAFE,Twin Room
8589,MRATE AVAIL FLEXIBLE RATE - BB|TWIN ROOM WITH 2 BEDS,Twin Room
8590,MRATE AVAIL FLEXIBLE RATE|TWIN ROOM WITH 2 BEDS,Twin Room
8591,CWT PROGRAM -PREFERRED|TWIN ROOM NON SMOKING FREE WI-FI/HOT BREAKFAST INCLUDED/HDTV/SAFE,Twin Room
8593,CCS ACCOMMODATIO/BB-NEGOTIATED|TWIN ROOM WITH 2 BEDS,Twin Room
8595,CCS ACCOMMODATIO/BB-NEGOTIATED|TWIN ROOM WITH 2 BEDS,Twin Room
8601,WORLD RAINBOW HOTELS BAR  RO|TWIN ROOM ENSUITE WIFI TV AIR CON SAFE - USB PORTS - HAIRDRYER,Twin Room
8602,CORPORATE RATE BY HOTELREZ RO|TWIN ROOM ENSUITE WIFI TV AIR CON SAFE - USB PORTS - HAIRDRYER,Twin Room
8604,GOVERNMENT RATE BY HOTELREZ RO|TWIN ROOM ENSUITE WIFI TV AIR CON SAFE - USB PORTS - HAIRDRYER,Twin Room
8607,CWT PROGRAM -PREFERRED|TWIN ROOM NON SMOKING FREE WI-FI/HOT BREAKFAST INCLUDED/HDTV/SAFE,Twin Room
8609,CWT PROGRAM -HONORS DISCOUNT|TWIN ROOM NON SMOKING FREE WI-FI/HOT BREAKFAST INCLUDED/HDTV/SAFE,Twin Room
8612,CWT PROGRAM -HONORS DISCOUNT|TWIN ROOM COMP WIFI/MINI FRIDGE/IRON-BOARD/SAFE/23 SQM,Twin Room
8615,CCS ACCOMMODATIO/BB-NEGOTIATED|TWIN ROOM WITH 2 BEDS,Twin Room
8618,CTM -PREFERRED|TWIN ROOM HDTV/FREE WI-FI/HOT BREAKFAST INCLUDED,Twin Room
8623,MRATE AVAIL BOOK WITH CONFIDEN|TWIN ROOM WITH 2 BEDS,Twin Room
8626,CWT BUSINESS RATES|TWIN ROOM 2 SEALY SINGLE BEDS FREE WIFI FLAT SCREEN SATELLITE TV TEA COFFEE MAKING CWT BUSINESS RATES GYM ACCESS WI-FI AND PARKING INCLUDED,Twin Room
8627,ADVANCE PURCHASE|TWIN ROOM NON SMOKING FREE WI-FI/HOT BREAKFAST INCLUDED/HDTV/SAFE,Twin Room
8630,ACCENTURE -PREFERRED RATE INC|TWIN ROOM COMP WIFI/MINI FRIDGE/IRON-BOARD/SAFE/23 SQM,Twin Room
8631,BEST AVAILABLE RATE|TWIN ROOM HDTV/FREE WI-FI/HOT BREAKFAST INCLUDED,Twin Room
8632,SEMI-FLEX|TWIN ROOM HDTV/FREE WI-FI/HOT BREAKFAST INCLUDED,Twin Room
8636,BEST AVAILABLE RATE|TWIN ROOM FREE WI-FI/HOT BREAKFAST INCLUDED/HDTV/SAFE,Twin Room
8638,WIN PREFERRED RATE -PREFERRED|TWIN ROOM HDTV/FREE WI-FI/HOT BREAKFAST INCLUDED,Twin Room
8640,2X POINTS PACKAGE|TWIN ROOM HDTV/FREE WI-FI/HOT BREAKFAST INCLUDED,Twin Room
8642,MRATE AVAIL FLEXIBLE RATE - BB|TWIN ROOM WITH 2 BEDS,Twin Room
8643,MRATE AVAIL FLEXIBLE RATE|STANDARD TWIN ROOM,Twin Room
8644,MRATE AVAIL FLEXIBLE RATE|TWIN ROOM WITH 2 BEDS,Twin Room
8647,MRATE AVAIL FLEXIBLE RATE - BB|STANDARD TWIN ROOM,Twin Room
8648,FLEXIBLE RATE|TWIN ROOM COMP WIFI/MINI FRIDGE/IRON-BOARD/SAFE/22 SQM,Twin Room
8650,CTM|TWIN ROOM WITH 2 BEDS,Twin Room
8651,REGULAR/RACK|TWIN ROOM - QUEEN . SINGLE TWIN ROOM - QUEEN . SINGLE ROOM ONLY RATE NON-SMOKING,Twin Room
8655,FAMILY TIME|TWIN ROOM HDTV/FREE WI-FI/HOT BREAKFAST INCLUDED,Twin Room
8656,MRATE AVAIL FLEXIBLE RATE|TWIN ROOM WITH 2 BEDS,Twin Room
8662,CCS PUBLIC SECTOR RATE BB -NEG|TWIN ROOM FREE WI-FI/HOT BREAKFAST INCLUDED/HDTV/SAFE,Twin Room
8664,BEST FLEXIBLE RATE INC BREAKFA|TWIN ROOM 2 SEALY SINGLE BEDS FREE WIFI FLAT SCREEN SATELLITE TV TEA COFFEE MAKING BEST FLEXIBLE RATE INC BREAKFAST,Twin Room
8665,2X POINTS PACKAGE|TWIN ROOM HDTV/FREE WI-FI/HOT BREAKFAST INCLUDED,Twin Room
8671,SEMI-FLEX|TWIN ROOM HDTV/FREE WI-FI/HOT BREAKFAST INCLUDED,Twin Room
8672,RACK RATE|TWIN ROOM - NON SMOKING,Twin Room
8673,CCS ACCOMMODATIO/BB-NEGOTIATED|TWIN ROOM WITH 2 BEDS,Twin Room
8679,MRATE AVAIL FLEXIBLE RATE - BB|TWIN ROOM WITH 2 BEDS,Twin Room
8681,BEST AVAILABLE RATE|TWIN ROOM TWIN ROOM BEST AVAILABLE RATE,Twin Room
8685,BEST AVAILABLE RATE|TWIN ROOM HDTV/FREE WI-FI/HOT BREAKFAST INCLUDED,Twin Room
8686,GOVT/FED/STATE PREFERRED RATE|PREMIUM TWIN ROOM NON ISO HOTEL FREE WIFI SPACIOUS GOVERNMENT IDENTIFICATION REQUIRED,Twin Room
8693,ADVANCE PURCHASE|TWIN ROOM FREE WI-FI/HOT BREAKFAST INCLUDED/HDTV/SAFE,Twin Room
8696,CCS PUBLIC SECTOR RATE RO -NEG|TWIN ROOM HDTV/FREE WI-FI/HOT BREAKFAST INCLUDED,Twin Room
8697,MRATE AVAIL BOOK WITH CONFIDEN|STANDARD TWIN ROOM,Twin Room
8698,CWT PROGRAM -HONORS DISCOUNT|TWIN ROOM NON SMOKING FREE WI-FI/HOT BREAKFAST INCLUDED/HDTV/SAFE,Twin Room
8700,CWT PROGRAM -PREFERRED|TWIN ROOM NON SMOKING FREE WI-FI/HOT BREAKFAST INCLUDED/HDTV/SAFE,Twin Room
8702,GOVERNMENT RATE ON DUTY TRAVEL|TWIN ROOM HDTV/FREE WI-FI/HOT BREAKFAST INCLUDED,Twin Room
8703,ADVANCE PURCHASE|TWIN ROOM HDTV/FREE WI-FI/HOT BREAKFAST INCLUDED,Twin Room
8704,MRATE AVAIL FLEXIBLE RATE|TWIN ROOM WITH 2 BEDS,Twin Room
8705,MRATE AVAIL FLEXIBLE RATE - BB|TWIN ROOM WITH 2 BEDS,Twin Room
8706,ADVANCE SAVER RATE INC ROOM ON|TWIN ROOM 2 SEALY SINGLE BEDS FREE WIFI FLAT SCREEN SATELLITE TV TEA COFFEE MAKING ADVANCE SAVER RATE - PAY NOW. ROOM ONLY. NONREF,Twin Room
8709,BED AND BREAKFAST|TWIN ROOM-2 SGL BEDS-FREE WIFI-WALK IN SHOWER-OPENING WINDOW- TEA COFFEE MAKING-DESK-HEATING-,Twin Room
8722,MRATE AVAIL BOOK WITH CONFIDEN|STANDARD TWIN ROOM,Twin Room
8724,MRATE AVAIL FLEXIBLE RATE|TWIN ROOM WITH 2 BEDS,Twin Room
8725,MRATE AVAIL FLEXIBLE RATE - BB|TWIN ROOM WITH 2 BEDS,Twin Room
8728,BEST FLEXIBLE RATE|TWIN ROOM-2 SGL BEDS-FREE WIFI-WALK IN SHOWER-OPENING WINDOW- TEA COFFEE MAKING-DESK-HEATING-,Twin Room
8730,CWT PROGRAM -HONORS SEMI-FLEX|TWIN ROOM NON SMOKING FREE WI-FI/HOT BREAKFAST INCLUDED/HDTV/SAFE,Twin Room
8731,BEST AVAIL. RATE DINNER-HB/HAL|STANDARD TWIN ROOM,Twin Room
8735,REGULAR/RACK|TWIN ROOM TWIN ROOM ROOM ONLY RATE NON-SMOKING,Twin Room
8736,2X POINTS PACKAGE|TWIN ROOM HDTV/FREE WI-FI/HOT BREAKFAST INCLUDED,Twin Room
8737,"ACCENTURE -NEGOTIATED, BREAKFA|TWIN ROOM NON SMOKING FREE WI-FI/HOT BREAKFAST INCLUDED/HDTV/SAFE",Twin Room
8738,RACK RATE|TWIN ROOM - SMOKING,Twin Room
8739,FAMILY TIME|TWIN ROOM HDTV/FREE WI-FI/HOT BREAKFAST INCLUDED,Twin Room
8740,CTM -PREFERRED|TWIN ROOM HDTV/FREE WI-FI/HOT BREAKFAST INCLUDED,Twin Room
8741,CCS ACCOMMODATIO/BB-NEGOTIATED|TWIN ROOM WITH 2 BEDS,Twin Room
8742,TRIPADVISOR PLUS RATE|DOUBLE OR TWIN ROOM ONLY ROOM,Twin Room
8743,ADVANCE PURCHASE|TWIN ROOM HDTV/FREE WI-FI/HOT BREAKFAST INCLUDED,Twin Room
8744,FLEXIBLE RATE|TWIN ROOM WITH RACECOURSE VIEW COMP WIFI/MINI FRIDGE/IRON-BOARD/SAFE/22 SQM,Twin Room
8745,GOVERNMENT RATE ON DUTY TRAVEL|TWIN ROOM HDTV/FREE WI-FI/HOT BREAKFAST INCLUDED,Twin Room
8749,CCS ACCOMMODATIO/BB-NEGOTIATED|TWIN ROOM WITH 2 BEDS,Twin Room
8751,BEST AVAILABLE RATE|PREMIUM TWIN ROOM NON ISO HOTEL FREE WIFI SPACIOUS BEST AVAILABLE RATE INCLUDES FREE WIFI,Twin Room
8754,2X POINTS PACKAGE|TWIN ROOM HDTV/FREE WI-FI/HOT BREAKFAST INCLUDED,Twin Room
8758,GDS SPECIAL|TWIN ROOM-2 SGL BEDS-FREE WIFI-WALK IN SHOWER-OPENING WINDOW- TEA COFFEE MAKING-DESK-HEATING-,Twin Room
8760,WIN PREFERRED RATE -PREFERRED|TWIN ROOM HDTV/FREE WI-FI/HOT BREAKFAST INCLUDED,Twin Room
8762,2X POINTS PACKAGE|TWIN ROOM FREE WI-FI/HOT BREAKFAST INCLUDED/HDTV/SAFE,Twin Room
8764,CWT PROGRAM -SEMI FLEX|TWIN ROOM COMP WIFI/MINI FRIDGE/IRON-BOARD/SAFE/23 SQM,Twin Room
8768,BEST AVAILABLE RATE|TWIN ROOM HDTV/FREE WI-FI/HOT BREAKFAST INCLUDED,Twin Room
8772,CCS ACCOMMODATIO/BB-NEGOTIATED|TWIN ROOM WITH 2 BEDS,Twin Room
8775,MRATE AVAIL FLEXIBLE RATE|STANDARD TWIN ROOM,Twin Room
8781,ACCENTURE -CHAINWIDE|TWIN ROOM NON SMOKING FREE WI-FI/HOT BREAKFAST INCLUDED/HDTV/SAFE,Twin Room
8783,BRITISH TELECOMMUNIC-CHAIN DIS|TWIN ROOM WITH 2 BEDS,Twin Room
8789,MRATE AVAIL BOOK WITH CONFIDEN|TWIN ROOM WITH 2 BEDS,Twin Room
8794,CCS ACCOMMODATIO/BB-NEGOTIATED|STANDARD TWIN ROOM,Twin Room
8797,CORPORATE RATE BY HOTELREZ RO|TWIN ROOM ENSUITE WIFI TV AIR CON SAFE - USB PORTS - HAIRDRYER,Twin Room
8798,BESTREZ RO INC WIFI - VAT|TWIN ROOM ENSUITE WIFI TV AIR CON SAFE - USB PORTS - HAIRDRYER,Twin Room
8799,GOVERNMENT RATE BY HOTELREZ RO|TWIN ROOM ENSUITE WIFI TV AIR CON SAFE - USB PORTS - HAIRDRYER,Twin Room
8800,WORLD RAINBOW HOTELS BAR  RO|TWIN ROOM ENSUITE WIFI TV AIR CON SAFE - USB PORTS - HAIRDRYER,Twin Room
8801,STAYCATION ANYWHERE RO|TWIN ROOM ENSUITE WIFI TV AIR CON SAFE - USB PORTS - HAIRDRYER,Twin Room
8805,GOVERNMENT UK 20/BB-NEGOTIATED|TWIN ROOM WITH 2 BEDS,Twin Room
8806,MRATE AVAIL FLEXIBLE RATE|TWIN ROOM WITH 2 BEDS,Twin Room
8808,MRATE AVAIL FLEXIBLE RATE - BB|TWIN ROOM WITH 2 BEDS,Twin Room
8811,MRATE AVAIL FLEXIBLE RATE - BB|STANDARD TWIN ROOM,Twin Room
8812,WORLD RAINBOW HOTELS BAR  RO|TWIN ROOM NO WINDOW ENSUITE WIFI TV AIR CON SAFE - USB PORTS - HAIRDRYER,Twin Room
8814,GOVERNMENT RATE BY HOTELREZ RO|TWIN ROOM NO WINDOW ENSUITE WIFI TV AIR CON SAFE - USB PORTS - HAIRDRYER,Twin Room
8816,STAYCATION ANYWHERE RO|TWIN ROOM NO WINDOW ENSUITE WIFI TV AIR CON SAFE - USB PORTS - HAIRDRYER,Twin Room
8817,CORPORATE RATE BY HOTELREZ RO|TWIN ROOM NO WINDOW ENSUITE WIFI TV AIR CON SAFE - USB PORTS - HAIRDRYER,Twin Room
8818,WORLDWIDE INDEPENDENT TRAVEL N|TWIN ROOM WITH 2 BEDS,Twin Room
8821,2X POINTS PACKAGE|TWIN ROOM FREE WI-FI/HOT BREAKFAST INCLUDED/HDTV/SAFE,Twin Room
8822,ACCENTURE -CHAINWIDE|TWIN ROOM COMP WIFI/MINI FRIDGE/IRON-BOARD/SAFE/23 SQM,Twin Room
8825,ADVANCE SAVER RATE INC BREAKFA|TWIN ROOM 2 SEALY SINGLE BEDS FREE WIFI FLAT SCREEN SATELLITE TV TEA COFFEE MAKING ADVANCE SAVER RATE - PAY NOW. INC BREAKFAST. NONREF,Twin Room
8827,2X POINTS PACKAGE|TWIN ROOM FREE WI-FI/HOT BREAKFAST INCLUDED/HDTV/SAFE,Twin Room
8829,SEMI-FLEX|TWIN ROOM FREE WI-FI/HOT BREAKFAST INCLUDED/HDTV/SAFE,Twin Room
8831,BEST FLEXIBLE RATE|QT TWIN ROOM-2TWINS QT DREAM-CITY VIEW HARDWOOD FLOOR-COMP WIFI-LCDHDTV-MINIBAR-36SQM,Twin Room
8832,RISE AND SHINE|QT TWIN ROOM-2TWINS QT DREAM-CITY VIEW HARDWOOD FLOOR-COMP WIFI-LCDHDTV-MINIBAR-36SQM,Twin Room
8834,MRATE AVAIL BOOK WITH CONFIDEN|TWIN ROOM WITH 2 BEDS,Twin Room
8851,TRIPADVISOR PLUS RATE|DOUBLE OR TWIN ROOM WITH BREAKFAST,Twin Room
8852,BEST AVAILABLE RATE|TWIN ROOM - QUEEN AND SINGLE BEDS - FREE WIFI - ENSUITE BATHROOM - FREE TOILETRIES - LCD TV,Twin Room
8857,"ACCENTURE -NEGOTIATED, BREAKFA|TWIN ROOM COMP WIFI/MINI FRIDGE/IRON-BOARD/SAFE/23 SQM",Twin Room
8863,CWT PROGRAM -HONORS SEMI-FLEX|TWIN ROOM HDTV/FREE WI-FI/HOT BREAKFAST INCLUDED,Twin Room
8865,CTM -PREFERRED|TWIN ROOM HDTV/FREE WI-FI/HOT BREAKFAST INCLUDED,Twin Room
8869,CWT PROGRAM -HONORS DISCOUNT|TWIN ROOM FREE WI-FI/HOT BREAKFAST INCLUDED/HDTV/SAFE,Twin Room
8870,CWT PROGRAM -PREFERRED|TWIN ROOM FREE WI-FI/HOT BREAKFAST INCLUDED/HDTV/SAFE,Twin Room
8871,ADVANCE SAVER RATE INC ROOM ON|TWIN ROOM 2 SEALY SINGLE BEDS FREE WIFI FLAT SCREEN SATELLITE TV TEA COFFEE MAKING ADVANCE SAVER RATE - PAY NOW. ROOM ONLY. NONREF,Twin Room
8874,BREAKFAST INCLUDED|TWIN ROOM COMP WIFI/MINI FRIDGE/IRON-BOARD/SAFE/22 SQM,Twin Room
8875,CWT PROGRAM -HONORS SEMI-FLEX|TWIN ROOM NON SMOKING FREE WI-FI/HOT BREAKFAST INCLUDED/HDTV/SAFE,Twin Room
8876,BEST FLEXIBLE RATE INC ROOM ON|TWIN ROOM 2 SEALY SINGLE BEDS FREE WIFI FLAT SCREEN SATELLITE TV TEA COFFEE MAKING BEST FLEXIBLE RATE.  ROOM ONLY,Twin Room
8880,"REGULAR RATE|FLEXIBLE RATE, STANDARD TWIN ROOM, GUEST ROOM, 2 TWIN/SINGLE BED-S-",Twin Room
8882,GOVERNMENT UK 20/BB-NEGOTIATED|TWIN ROOM WITH 2 BEDS,Twin Room
8883,MRATE AVAIL FLEXIBLE RATE - BB|STANDARD TWIN ROOM,Twin Room
8884,MRATE AVAIL FLEXIBLE RATE|STANDARD TWIN ROOM,Twin Room
8885,CCS ACCOMMODATIO/BB-NEGOTIATED|TWIN ROOM WITH 2 BEDS,Twin Room
8895,BREAKFAST INCLUDED|TWIN ROOM COMP WIFI/MINI FRIDGE/IRON-BOARD/SAFE/22 SQM,Twin Room
8898,GLOBAL PROGRAM|STANDARD TWIN ROOM,Twin Room
8900,CTM|TWIN ROOM WITH 2 BEDS,Twin Room
8903,MRATE AVAIL FLEXIBLE RATE - BB|TWIN ROOM WITH 2 BEDS,Twin Room
8904,MRATE AVAIL FLEXIBLE RATE|TWIN ROOM WITH 2 BEDS,Twin Room
8905,CCS PUBLIC SECTOR RATE RO -NEG|TWIN ROOM HDTV/FREE WI-FI/HOT BREAKFAST INCLUDED,Twin Room
8906,"HM UK GOVERNMENT -NEGOTIATED,|TWIN ROOM HDTV/FREE WI-FI/HOT BREAKFAST INCLUDED",Twin Room
8908,CTM|TWIN ROOM WITH 2 BEDS,Twin Room
8911,GOVERNMENT RATE ON DUTY TRAVEL|TWIN ROOM HDTV/FREE WI-FI/HOT BREAKFAST INCLUDED,Twin Room
8912,BEST AVAILABLE RATE|TWIN ROOM W/ MINI FRIDGE NON SMOKING FREE WI-FI/HOT BREAKFAST INCLUDED/HDTV/SAFE,Twin Room
8913,SEMI-FLEX|TWIN ROOM FREE WI-FI/HOT BREAKFAST INCLUDED/HDTV/SAFE,Twin Room
8915,GOVERNMENT RATE BY HOTELREZ RO|TWIN ROOM ENSUITE WIFI TV AIR CON SAFE - USB PORTS - HAIRDRYER,Twin Room
8918,CORPORATE RATE BY HOTELREZ RO|TWIN ROOM ENSUITE WIFI TV AIR CON SAFE - USB PORTS - HAIRDRYER,Twin Room
8920,WORLD RAINBOW HOTELS BAR  RO|TWIN ROOM ENSUITE WIFI TV AIR CON SAFE - USB PORTS - HAIRDRYER,Twin Room
8923,STAYCATION ANYWHERE RO|TWIN ROOM ENSUITE WIFI TV AIR CON SAFE - USB PORTS - HAIRDRYER,Twin Room
8928,BEST FLEXIBLE RATE INC ROOM ON|TWIN ROOM 2 SEALY SINGLE BEDS FREE WIFI FLAT SCREEN SATELLITE TV TEA COFFEE MAKING BEST FLEXIBLE RATE.  ROOM ONLY,Twin Room
8934,ADVANCE SAVER RATE INC ROOM ON|TWIN ROOM 2 SEALY SINGLE BEDS FREE WIFI FLAT SCREEN SATELLITE TV TEA COFFEE MAKING ADVANCE SAVER RATE - PAY NOW. ROOM ONLY. NONREF,Twin Room
8939,SEMI-FLEX|TWIN ROOM NON SMOKING FREE WI-FI/HOT BREAKFAST INCLUDED/HDTV/SAFE,Twin Room
8942,MRATE AVAIL FLEXIBLE RATE - BB|TWIN ROOM WITH 2 BEDS,Twin Room
8943,MRATE AVAIL FLEXIBLE RATE - BB|TWIN ROOM WITH 2 BEDS,Twin Room
8944,MRATE AVAIL FLEXIBLE RATE|TWIN ROOM WITH 2 BEDS,Twin Room
8948,MRATE AVAIL BOOK WITH CONFIDEN|TWIN ROOM WITH 2 BEDS,Twin Room
8949,MRATE AVAIL FLEXIBLE RATE|TWIN ROOM WITH 2 BEDS,Twin Room
8954,SEMI-FLEX|TWIN ROOM HDTV/FREE WI-FI/HOT BREAKFAST INCLUDED,Twin Room
8956,WORLDWIDE INDEPENDENT TRAVEL N|TWIN ROOM WITH 2 BEDS,Twin Room
8958,BEST AVAILABLE RATE|TWIN ROOM FREE WI-FI/HOT BREAKFAST INCLUDED/HDTV/SAFE,Twin Room
8977,CCS ACCOMMODATIO/BB-NEGOTIATED|TWIN ROOM WITH 2 BEDS,Twin Room
8983,WIN PREFERRED RATE -PREFERRED|TWIN ROOM HDTV/FREE WI-FI/HOT BREAKFAST INCLUDED,Twin Room
8986,MRATE AVAIL FLEXIBLE RATE|TWIN ROOM WITH 2 BEDS,Twin Room
8987,CWT PROGRAM -HONORS SEMI-FLEX|TWIN ROOM NON SMOKING FREE WI-FI/HOT BREAKFAST INCLUDED/HDTV/SAFE,Twin Room
8988,REDFERN GVRNMENT BY HOTELREZ|TWIN ROOM ENSUITE WIFI TV AIR CON SAFE - USB PORTS - HAIRDRYER,Twin Room
8989,MRATE AVAIL FLEXIBLE RATE - BB|TWIN ROOM WITH 2 BEDS,Twin Room
8991,ADVANCE SAVER RATE INC ROOM ON|TWIN ROOM 2 SEALY SINGLE BEDS FREE WIFI FLAT SCREEN SATELLITE TV TEA COFFEE MAKING ADVANCE SAVER RATE - PAY NOW. ROOM ONLY. NONREF,Twin Room
8992,MRATE AVAIL BOOK WITH CONFIDEN|TWIN ROOM WITH 2 BEDS,Twin Room
8994,WORLDWIDE INDEPENDENT TRAVEL N|TWIN ROOM WITH 2 BEDS,Twin Room
8998,ACCENTURE -CHAINWIDE|TWIN ROOM FREE WI-FI/HOT BREAKFAST INCLUDED/HDTV/SAFE,Twin Room
9244,BEST FLEXIBLE RATE INC BREAKFA|FAMILY ROOM SEALY DOUBLE BED DOUBLE SOFA BED FREE GYM AND POOL ACCESS FREE WIFI BEST FLEXIBLE RATE INC BREAKFAST,Family Room/Suite
9245,BEST FLEXIBLE RATE INC ROOM ON|FAMILY ROOM SEALY DOUBLE BED DOUBLE SOFA BED FREE GYM AND POOL ACCESS FREE WIFI BEST FLEXIBLE RATE.  ROOM ONLY,Family Room/Suite
9259,ADVANCE SAVER RATE INC BREAKFA|FAMILY ROOM SEALY DOUBLE BED DOUBLE SOFA BED FREE GYM AND POOL ACCESS FREE WIFI ADVANCE SAVER RATE - PAY NOW. INC BREAKFAST. NONREF,Family Room/Suite
9260,ADVANCE SAVER RATE INC ROOM ON|FAMILY ROOM SEALY DOUBLE BED DOUBLE SOFA BED FREE GYM AND POOL ACCESS FREE WIFI ADVANCE SAVER RATE - PAY NOW. ROOM ONLY. NONREF,Family Room/Suite
9294,BEST FLEXIBLE RATE INC BREAKFA|FAMILY ROOM SEALY DOUBLE BED DOUBLE SOFA BED FREE GYM AND POOL ACCESS FREE WIFI TEA COFFEE BEST FLEXIBLE RATE INC BREAKFAST,Family Room/Suite
9295,BEST FLEXIBLE RATE INC ROOM ON|FAMILY ROOM SEALY DOUBLE BED DOUBLE SOFA BED FREE GYM AND POOL ACCESS FREE WIFI TEA COFFEE BEST FLEXIBLE RATE.  ROOM ONLY,Family Room/Suite
9308,ADVANCE SAVER RATE INC ROOM ON|FAMILY ROOM SEALY DOUBLE BED DOUBLE SOFA BED FREE GYM AND POOL ACCESS FREE WIFI TEA COFFEE ADVANCE SAVER RATE - PAY NOW. ROOM ONLY. NONREF,Family Room/Suite
9309,ADVANCE SAVER RATE INC BREAKFA|FAMILY ROOM SEALY DOUBLE BED DOUBLE SOFA BED FREE GYM AND POOL ACCESS FREE WIFI TEA COFFEE ADVANCE SAVER RATE - PAY NOW. INC BREAKFAST. NONREF,Family Room/Suite
9311,BEST AVAILABLE RATE|JUNIOR FAMILY SUITE,Family Room/Suite
9369,FLEXIBLE RATE|1 KING 2 ROOM FAMILY SUITE-BUNK BEDS-NOSMOKE COMP HI SPEED-SWEET DREAMS EXPERIENCE,Family Room/Suite
9429,FLEXIBLE - RATE|FAMILY ROOM,Family Room/Suite
9430,FLEXIBLE - RATE WITH BREAKFAST|FAMILY ROOM,Family Room/Suite
9432,2X POINTS PACKAGE|1 KING 2 ROOM FAMILY SUITE-BUNK BEDS-NOSMOKE COMP HI SPEED-SWEET DREAMS EXPERIENCE,Family Room/Suite
9496,FLEXIBLE - RATE WITH BREAKFAST|FAMILY ROOM,Family Room/Suite
9497,FLEXIBLE - RATE|FAMILY ROOM,Family Room/Suite
9560,"REGULAR RATE|FLEXIBLE RATE, PENTHOUSE FAMILY SUITE, 2 BEDROOM SUITE, CITY VIEW, BALCONY",Family Room/Suite
9563,"STAY FOR BREAKFST PREM|STAY FOR BREAKFAST, INCLUDES BREAKFAST, PENTHOUSE FAMILY SUITE, 2 BEDROOM SUITE, CITY VIEW, BALCONY",Family Room/Suite
9705,BEST AVAILABLE RATE|QUEEN FAMILY ROOM FREE WI-FI/HOT BREAKFAST INCLUDED/SOFA BED,Family Room/Suite
9751,"REGULAR RATE|FLEXIBLE RATE, FAMILY SUITE, 2 BEDROOM SUITE",Family Room/Suite
9769,"REGULAR RATE|FLEXIBLE RATE, FAMILY SUITE, 1 BEDROOM SUITE",Family Room/Suite
9802,BAR FLEX RATE INC BREAKFAST|STANDARD FAMILY KING PLUS PULLOUTS MAX OCCUPANCY 2 ADULTS 2 CHILDREN UNDER 16,Family Room/Suite
9805,BAR FLEXIBLE RATE|STANDARD FAMILY KING PLUS PULLOUTS MAX OCCUPANCY 2 ADULTS 2 CHILDREN UNDER 16,Family Room/Suite
9806,BAR FLEX RATE INC WIFI|STANDARD FAMILY KING PLUS PULLOUTS MAX OCCUPANCY 2 ADULTS 2 CHILDREN UNDER 16,Family Room/Suite
9814,AAA RATE|1 DOUBLE BED/NONSMOKING/FAMILY ROOM/FREEFULL BREAKFAST/FREE HI-SPD WIRELESS/SOFABED,Family Room/Suite
9817,BEST AVAILABLE|1 DOUBLE BED/NONSMOKING/FAMILY ROOM/FREEFULL BREAKFAST/FREE HI-SPD WIRELESS/SOFABED,Family Room/Suite
9824,SENIOR/AARP RATE ID REQUIRED|1 DOUBLE BED/NONSMOKING/FAMILY ROOM/FREEFULL BREAKFAST/FREE HI-SPD WIRELESS/SOFABED,Family Room/Suite
9843,BAR FLEX RATE INC WIFI|STANDARD FAMILY KING PLUS PULLOUTS MAX OCCUPANCY 2 ADULTS 2 CHILDREN UNDER 16,Family Room/Suite
9846,BAR FLEXIBLE RATE|STANDARD FAMILY KING PLUS PULLOUTS MAX OCCUPANCY 2 ADULTS 2 CHILDREN UNDER 16,Family Room/Suite
9852,BEST AVAILABLE RATE|FAMILY ROOM,Family Room/Suite
9861,PREPAID - LEVEL 01 WITH BREAKF|FAMILY ROOM,Family Room/Suite
9862,PREPAID - LEVEL 01|FAMILY ROOM,Family Room/Suite
9916,"BEST AVAILABLE RATE ROOM ONLY,|FAMILY ROOM-2TWO DOUBLE.FULL BEDS-AC 36SQM 387SQFT-SEP BATH SHOWER-FREE WIFI",Family Room/Suite
9924,2X POINTS PACKAGE|QUEEN FAMILY ROOM FREE WI-FI/HOT BREAKFAST INCLUDED/SOFA BED,Family Room/Suite
9959,SEMI-FLEX|QUEEN FAMILY ROOM FREE WI-FI/HOT BREAKFAST INCLUDED/SOFA BED,Family Room/Suite
9992,MRATE AVAIL BOOK WITH CONFIDEN|FAMILY SUITE,Family Room/Suite
11051,TRIPADVISOR PLUS RATE|ADA KING LOFT SUITE -1 KING BED - 550 SQ.FT. LIVING ROOM - FLAT SCREEN TV - COTTON ROBES,Loft
11271,"REGULAR RATE|FLEXIBLE RATE, 2 BEDROOM BI-LEVEL LOFT",Loft
11274,RETAIL RATE|LOFT SUITE-1 KING-710SQFT-SAFE-CHAIR-ERGO DESK COFFEEMAKER-IRON/BOARD-FRIDGE-2X 42IN LCD TV- TV-COMP/PRIORITY EMERALD LOUNGE ACCESS,Loft
11285,RETAIL RATE|ACCESSIBLE LOFT STE-1 KING/1 BATH-700SQFT-SAFE ROLLIN SHOWER-IRON/BOARD-FRIDGE-2X 42IN LCD TV TV-COMP/PRIORITY EMERALD LOUNGE ACCESS,Loft
11350,RETAIL RATE|LOFT SUITE-1 KING/2 BATH-710SQFT-SAFE-DESK COFFEEMAKER-IRON/BOARD-FRIDGE-2X 42IN LCD TV- TV-COMP/PRIORITY EMERALD LOUNGE ACCESS,Loft
11358,"AAA AMERICAN AUTO ASSN|AAA CAA RATE, MEMBERSHIP CARD REQUIRED, 2 BEDROOM BI-LEVEL LOFT",Loft
11371,"REGULAR RATE|FLEXIBLE RATE, 2 BEDROOM BI-LEVEL LOFT",Loft
11393,SUITEN YOUR STAY|LOFT SUITE-1 KING-710SQFT-SAFE-CHAIR-ERGO DESK COFFEEMAKER-IRON/BOARD-FRIDGE-2X 42IN LCD TV- TV-COMP/PRIORITY EMERALD LOUNGE ACCESS,Loft
11403,SUITEN YOUR STAY|ACCESSIBLE LOFT STE-1 KING/1 BATH-700SQFT-SAFE ROLLIN SHOWER-IRON/BOARD-FRIDGE-2X 42IN LCD TV TV-COMP/PRIORITY EMERALD LOUNGE ACCESS,Loft
11470,"REGULAR RATE|FLEXIBLE RATE, LOFT, GUEST ROOM, 2 DOUBLE",Loft
11482,SUITEN YOUR STAY|LOFT SUITE-1 KING/2 BATH-710SQFT-SAFE-DESK COFFEEMAKER-IRON/BOARD-FRIDGE-2X 42IN LCD TV- TV-COMP/PRIORITY EMERALD LOUNGE ACCESS,Loft
11547,"REGULAR RATE|FLEXIBLE RATE, LOFT, GUEST ROOM, 2 DOUBLE",Loft
11548,"REGULAR RATE|FLEXIBLE RATE, LOFT, GUEST ROOM, 1 KING",Loft
11549,"REGULAR RATE|FLEXIBLE RATE, LOFT, GUEST ROOM, 1 KING",Loft
11632,BEST AVAILABLE RATE|1 KING BED NYLO LOFT COMP HI SPEED WIFI-LUXURY LINENS-SOFA-KEURIG,Loft
11646,BEST AVAILABLE RATE|2 DOUBLE BEDS NYLO LOFT COMP HI SPEED WIFI-LUXURY LINENS-KEURIG,Loft
11649,BEST AVAILABLE RATE|1 KING BED GLASS LOFT FLOOR TO CEILING WINDOWS-LUXURY LINENS-KEURIG,Loft
11652,"PREPAY REFUNDABLE|PREPAY REFUNDABLE, CHANGES UP TO 3 DAYS PRIOR TO STAY, SEE RATE DETAILS, 2 BEDROOM BI-LEVEL LOFT",Loft
11730,"REGULAR RATE|FLEXIBLE RATE, 2 BEDROOM BI-LEVEL LOFT, FIREPLACE",Loft
11757,"MEMBER RETAIL RATE|MEMBER RATE FLEXIBLE, 2 BEDROOM BI-LEVEL LOFT",Loft
11783,STANDARD RATE|LOFT SUITE KING 68SQM731SQFT,Loft
11788,RE-SET WITH HOTEL CAF  ROYAL|LOFT SUITE KING 68SQM731SQFT,Loft
11834,THE SET FLEX|LOFT SUITE KING 68SQM731SQFT,Loft
11861,CWT PROGRAM -HONORS DISCOUNT|1 KING BED NYLO LOFT COMP HI SPEED WIFI-LUXURY LINENS-SOFA-KEURIG,Loft
11879,CWT PROGRAM -HONORS SEMI-FLEX|1 KING BED NYLO LOFT COMP HI SPEED WIFI-LUXURY LINENS-SOFA-KEURIG,Loft
11880,CWT PROGRAM -HONORS SEMI-FLEX|1 KING BED GLASS LOFT FLOOR TO CEILING WINDOWS-LUXURY LINENS-KEURIG,Loft
11882,"MEMBER RETAIL RATE|MEMBER RATE FLEXIBLE, 2 BEDROOM BI-LEVEL LOFT",Loft
11884,CWT PROGRAM -HONORS SEMI-FLEX|2 DOUBLE BEDS NYLO LOFT COMP HI SPEED WIFI-LUXURY LINENS-KEURIG,Loft
11891,CWT SMALLBIZ -24HR CXL LATE CK|1 KING BED GLASS LOFT FLOOR TO CEILING WINDOWS-LUXURY LINENS-KEURIG,Loft
11894,CWT SMALLBIZ -24HR CXL LATE CK|1 KING BED NYLO LOFT COMP HI SPEED WIFI-LUXURY LINENS-SOFA-KEURIG,Loft
11896,CWT SMALLBIZ -24HR CXL LATE CK|2 DOUBLE BEDS NYLO LOFT COMP HI SPEED WIFI-LUXURY LINENS-KEURIG,Loft
11906,"REGULAR RATE|FLEXIBLE RATE, LOFT, GUEST ROOM, 1 KING",Loft
11932,STANDARD RATE SKYLINE TERR STE|SKYLINE LOFT KING SUITE W/ TERRACE,Loft
11934,Y7 X SBE PACKAGE|LOFT SUITE,Loft
11948,Y7 X SBE PACKAGE|LOFT SUITE WITH TERRACE,Loft
11991,CWT PROGRAM -SEMI FLEX|1 KING BED NYLO LOFT COMP HI SPEED WIFI-LUXURY LINENS-SOFA-KEURIG,Loft
11998,STANDARD RATE SKYLINE LOFT STE|SKYLINE LOFT KING SUITE: CITY SKYLINE VIEW,Loft
12019,"REGULAR RATE|FLEXIBLE RATE, GUEST ROOM, 2 QUEEN",Guest Room
12020,"REGULAR RATE|FLEXIBLE RATE, GUEST ROOM, 1 KING",Guest Room
12031,"REGULAR RATE|FLEXIBLE RATE, GUEST ROOM, 2 QUEEN",Guest Room
12038,"REGULAR RATE|FLEXIBLE RATE, CORNER KING, GUEST ROOM, 1 KING, CORNER ROOM",Guest Room
12040,"MARRIOTT SENIOR DISC.|MARRIOTT SENIOR DISCOUNT, INCLUDES 62 YEARS AND OLDER VALID ID REQUIRED, GUEST ROOM, 1 KING",Guest Room
12043,"MARRIOTT SENIOR DISC.|MARRIOTT SENIOR DISCOUNT, INCLUDES 62 YEARS AND OLDER VALID ID REQUIRED, GUEST ROOM, 2 QUEEN",Guest Room
12052,"AAA AMERICAN AUTO ASSN|AAA CAA RATE, MEMBERSHIP CARD REQUIRED, GUEST ROOM, 2 QUEEN",Guest Room
12055,"REGULAR RATE|FLEXIBLE RATE, GUEST ROOM, 1 KING",Guest Room
12059,"REGULAR RATE|FLEXIBLE RATE, GUEST ROOM, 2 QUEEN",Guest Room
12061,"REGULAR RATE|FLEXIBLE RATE, GUEST ROOM, 1 KING",Guest Room
12064,"MARRIOTT SENIOR DISC.|MARRIOTT SENIOR DISCOUNT, INCLUDES 62 YEARS AND OLDER VALID ID REQUIRED, GUEST ROOM, 1 KING",Guest Room
12065,"REGULAR RATE|FLEXIBLE RATE, GUEST ROOM, 2 QUEEN",Guest Room
12071,"REGULAR RATE|FLEXIBLE RATE, GUEST ROOM, 1 KING",Guest Room
12076,"STAY FOR BREAKFAST|STAY FOR BREAKFAST RATE, INCLUDES SEE RATE DETAILS, GUEST ROOM, 1 KING",Guest Room
12077,"STAY PASS|WORK ANYWHERE STAY PASS, SEE RATE DETAILS, GUEST ROOM, 1 KING",Guest Room
12086,"REGULAR RATE|FLEXIBLE RATE, GUEST ROOM, 2 DOUBLE",Guest Room
12087,"REGULAR RATE|FLEXIBLE RATE, GUEST ROOM, 1 KING",Guest Room
12088,"PREPAY NONREF|PREPAY NON-REFUNDABLE, CHANGES UP TO 1 DAY PRIOR TO STAY, SEE RATE DETAILS, GUEST ROOM, 1 KING",Guest Room
12118,"STAY PASS|WORK ANYWHERE STAY PASS, SEE RATE DETAILS, GUEST ROOM, 1 KING",Guest Room
12122,"REGULAR RATE|FLEXIBLE RATE, DELUXE, GUEST ROOM, 1 KING, CITY VIEW",Guest Room
12125,"AAA AMERICAN AUTO ASSN|AAA CAA RATE, MEMBERSHIP CARD REQUIRED, GUEST ROOM, 1 KING",Guest Room
12133,"REGULAR RATE|FLEXIBLE RATE, GUEST ROOM, 2 QUEEN",Guest Room
12148,"REGULAR RATE|FLEXIBLE RATE, GUEST ROOM, 1 KING",Guest Room
12149,"MARRIOTT SENIOR DISC.|MARRIOTT SENIOR DISCOUNT, INCLUDES 62 YEARS AND OLDER VALID ID REQUIRED, GUEST ROOM, 2 QUEEN",Guest Room
12150,"REGULAR RATE|FLEXIBLE RATE, GUEST ROOM, 2 QUEEN",Guest Room
12156,"AAA AMERICAN AUTO ASSN|AAA CAA RATE, MEMBERSHIP CARD REQUIRED, GUEST ROOM, 1 KING",Guest Room
12157,"AAA AMERICAN AUTO ASSN|AAA CAA RATE, MEMBERSHIP CARD REQUIRED, GUEST ROOM, 2 QUEEN",Guest Room
12160,"AAA AMERICAN AUTO ASSN|AAA RATE, AAA MEMBERSHIP CARD REQUIRED, GUEST ROOM, 1 KING",Guest Room
12162,"REGULAR RATE|FLEXIBLE RATE, GUEST ROOM, 2 QUEEN",Guest Room
12174,"REGULAR RATE|FLEXIBLE RATE, CITY VIEW LOFT, GUEST ROOM, 1 KING, CITY VIEW",Guest Room
12179,"AAA AMERICAN AUTO ASSN|AAA CAA RATE, MEMBERSHIP CARD REQUIRED, GUEST ROOM, 1 KING",Guest Room
12180,"STAY PASS|WORK ANYWHERE STAY PASS, SEE RATE DETAILS, GUEST ROOM, 2 QUEEN",Guest Room
12185,"REGULAR RATE|FLEXIBLE RATE, GUEST ROOM, 2 QUEEN",Guest Room
12186,"REGULAR RATE|FLEXIBLE RATE, GUEST ROOM, 1 KING",Guest Room
12187,"STAY PASS|WORK ANYWHERE STAY PASS, SEE RATE DETAILS, GUEST ROOM, 1 KING",Guest Room
12189,"REGULAR RATE|FLEXIBLE RATE, GUEST ROOM, 2 DOUBLE",Guest Room
12190,"REGULAR RATE|FLEXIBLE RATE, GUEST ROOM, 1 KING",Guest Room
12201,"REGULAR RATE|FLEXIBLE RATE, GUEST ROOM, 1 KING, CITY VIEW",Guest Room
12202,"REGULAR RATE|FLEXIBLE RATE, GUEST ROOM, 1 KING, CITY VIEW, HIGH FLOOR",Guest Room
12203,"BED AND BREAKFAST PKG|BED AND BREAKFAST RATE, INCLUDES BREAKFAST DAILY, CITY VIEW LOFT, GUEST ROOM, 1 KING, CITY VIEW",Guest Room
12205,"REGULAR RATE|FLEXIBLE RATE, GUEST ROOM, 1 KING",Guest Room
12214,"AAA AMERICAN AUTO ASSN|AAA RATE, AAA MEMBERSHIP CARD REQUIRED, GUEST ROOM, 1 KING",Guest Room
12215,"REGULAR RATE|FLEXIBLE RATE, GUEST ROOM, 2 DOUBLE",Guest Room
12218,"STAY PASS|WORK ANYWHERE STAY PASS, SEE RATE DETAILS, GUEST ROOM, 1 KING",Guest Room
12220,"AAA AMERICAN AUTO ASSN|AAA CAA RATE, MEMBERSHIP CARD REQUIRED, GUEST ROOM, 1 KING",Guest Room
12221,"REGULAR RATE|FLEXIBLE RATE, GUEST ROOM, 2 DOUBLE",Guest Room
12222,"REGULAR RATE|FLEXIBLE RATE, GUEST ROOM, 1 KING",Guest Room
12223,"STAY PASS|WORK ANYWHERE STAY PASS, SEE RATE DETAILS, GUEST ROOM, 2 DOUBLE",Guest Room
12224,"AAA AMERICAN AUTO ASSN|AAA CAA RATE, MEMBERSHIP CARD REQUIRED, GUEST ROOM, 2 QUEEN",Guest Room
12231,"AAA HOT DEALS|AAA CAA HOT DEALS, MEMBERSHIP CARD REQUIRED, GUEST ROOM, 1 KING",Guest Room
12232,"AAA AMERICAN AUTO ASSN|AAA CAA RATE, MEMBERSHIP CARD REQUIRED, GUEST ROOM, 2 DOUBLE",Guest Room
12237,"REGULAR RATE|FLEXIBLE RATE, GUEST ROOM, 2 QUEEN",Guest Room
12242,"REGULAR RATE|FLEXIBLE RATE, GUEST ROOM, 2 QUEEN",Guest Room
12247,"REGULAR RATE|FLEXIBLE RATE, GUEST ROOM, 1 KING",Guest Room
12249,"MARRIOTT SENIOR DISC.|MARRIOTT SENIOR DISCOUNT, INCLUDES 62 YEARS AND OLDER VALID ID REQUIRED, GUEST ROOM, 2 DOUBLE",Guest Room
12251,"AAA AMERICAN AUTO ASSN|AAA CAA RATE, MEMBERSHIP CARD REQUIRED, GUEST ROOM, 1 KING",Guest Room
12258,"AAA AMERICAN AUTO ASSN|AAA RATE, AAA MEMBERSHIP CARD REQUIRED, GUEST ROOM, 2 QUEEN",Guest Room
12265,"REGULAR RATE|FLEXIBLE RATE, GUEST ROOM, 2 DOUBLE",Guest Room
12269,"REGULAR RATE|FLEXIBLE RATE, GUEST ROOM, 1 KING",Guest Room
12270,"MARRIOTT SENIOR DISC.|MARRIOTT SENIOR DISCOUNT, INCLUDES 62 YEARS AND OLDER VALID ID REQUIRED, GUEST ROOM, 1 KING",Guest Room
12274,"AAA HOT DEALS|AAA CAA HOT DEALS, MEMBERSHIP CARD REQUIRED, GUEST ROOM, 2 QUEEN",Guest Room
12278,"AAA HOT DEALS|AAA HOT DEALS, GUEST ROOM, 1 KING",Guest Room
12293,"REGULAR RATE|FLEXIBLE RATE, TRADITIONAL, GUEST ROOM, 1 KING",Guest Room
12297,"REGULAR RATE|FLEXIBLE RATE, GUEST ROOM, 2 QUEEN",Guest Room
12298,"REGULAR RATE|FLEXIBLE RATE, GUEST ROOM, 1 KING",Guest Room
12299,"MARRIOTT SENIOR DISC.|MARRIOTT SENIOR DISCOUNT, INCLUDES 62 YEARS AND OLDER VALID ID REQUIRED, GUEST ROOM, 1 KING",Guest Room
12301,"REGULAR RATE|FLEXIBLE RATE, GUEST ROOM, 1 KING",Guest Room
12302,"REGULAR RATE|FLEXIBLE RATE, GUEST ROOM, 2 QUEEN",Guest Room
12303,"REGULAR RATE|FLEXIBLE RATE, GUEST ROOM, 1 KING",Guest Room
12305,"REGULAR RATE|FLEXIBLE RATE, GUEST ROOM, 2 QUEEN",Guest Room
12307,"AAA AMERICAN AUTO ASSN|AAA CAA RATE, MEMBERSHIP CARD REQUIRED, GUEST ROOM, 2 DOUBLE",Guest Room
12309,"AAA HOT DEALS|AAA CAA HOT DEALS, MEMBERSHIP CARD REQUIRED, GUEST ROOM, 2 DOUBLE",Guest Room
12311,"AAA HOT DEALS|AAA CAA HOT DEALS, MEMBERSHIP CARD REQUIRED, GUEST ROOM, 1 KING",Guest Room
12313,"MARRIOTT SENIOR DISC.|MARRIOTT SENIOR DISCOUNT, INCLUDES 62 YEARS AND OLDER VALID ID REQUIRED, GUEST ROOM, 2 QUEEN",Guest Room
12315,"MARRIOTT SENIOR DISC.|MARRIOTT SENIOR DISCOUNT, INCLUDES 62 YEARS AND OLDER VALID ID REQUIRED, GUEST ROOM, 2 DOUBLE",Guest Room
12317,"REGULAR RATE|FLEXIBLE RATE, GUEST ROOM, 2 QUEEN",Guest Room
12318,"AAA HOT DEALS|AAA HOT DEALS, GUEST ROOM, 2 QUEEN",Guest Room
12323,"REGULAR RATE|FLEXIBLE RATE, GUEST ROOM, 1 KING",Guest Room
12327,"AAA HOT DEALS|AAA CAA HOT DEALS, MEMBERSHIP CARD REQUIRED, GUEST ROOM, 1 KING",Guest Room
12330,"MARRIOTT SENIOR DISC.|MARRIOTT SENIOR DISCOUNT, INCLUDES 62 YEARS AND OLDER VALID ID REQUIRED, GUEST ROOM, 1 KING",Guest Room
12332,"EXPERIENCES ROMANCE|ROMANCE PACKAGE, SEE RATE DETAILS, GUEST ROOM, 1 KING",Guest Room
12334,"MARRIOTT SENIOR DISC.|MARRIOTT SENIOR DISCOUNT, INCLUDES 62 YEARS AND OLDER VALID ID REQUIRED, GUEST ROOM, 1 KING",Guest Room
12336,"REGULAR RATE|FLEXIBLE RATE, GUEST ROOM, 1 KING, SOFA BED",Guest Room
12338,"MARRIOTT SENIOR DISC.|MARRIOTT SENIOR DISCOUNT, INCLUDES 62 YEARS AND OLDER VALID ID REQUIRED, GUEST ROOM, 2 QUEEN",Guest Room
12340,"STAY PASS|WORK ANYWHERE STAY PASS, SEE RATE DETAILS, GUEST ROOM, 1 KING",Guest Room
12342,"REGULAR RATE|FLEXIBLE RATE, CITY VIEW LOFT, GUEST ROOM, 2 QUEEN, CITY VIEW",Guest Room
12347,"MARRIOTT SENIOR DISC.|MARRIOTT SENIOR DISCOUNT, INCLUDES 62 YEARS AND OLDER VALID ID REQUIRED, GUEST ROOM, 2 QUEEN",Guest Room
12348,"REGULAR RATE|FLEXIBLE RATE, GUEST ROOM, 1 KING",Guest Room
12351,"REGULAR RATE|FLEXIBLE RATE, TRADITIONAL, GUEST ROOM, 2 DOUBLE",Guest Room
12352,"MARRIOTT SENIOR DISC.|MARRIOTT SENIOR DISCOUNT, INCLUDES 62 YEARS AND OLDER VALID ID REQUIRED, GUEST ROOM, 1 KING",Guest Room
12354,"AAA AMERICAN AUTO ASSN|AAA CAA RATE, MEMBERSHIP CARD REQUIRED, GUEST ROOM, 2 QUEEN",Guest Room
12359,"AAA AMERICAN AUTO ASSN|AAA CAA RATE, MEMBERSHIP CARD REQUIRED, GUEST ROOM, 1 KING",Guest Room
12364,"MARRIOTT SENIOR DISC.|MARRIOTT SENIOR DISCOUNT, INCLUDES 62 YEARS AND OLDER VALID ID REQUIRED, GUEST ROOM, 1 KING",Guest Room
12365,"REGULAR RATE|FLEXIBLE RATE, GUEST ROOM, 1 KING",Guest Room
12372,"REGULAR RATE|FLEXIBLE RATE, GUEST ROOM, 2 QUEEN",Guest Room
12374,"PREPAY NONREF|PREPAY NON-REFUNDABLE, CHANGES UP TO 1 DAY PRIOR TO STAY, SEE RATE DETAILS, GUEST ROOM, 2 QUEEN",Guest Room
12375,"REGULAR RATE|FLEXIBLE RATE, GUEST ROOM, 1 KING",Guest Room
12377,"AAA AMERICAN AUTO ASSN|AAA CAA RATE, MEMBERSHIP CARD REQUIRED, GUEST ROOM, 2 QUEEN, CITY VIEW",Guest Room
12387,"MARRIOTT SENIOR DISC.|MARRIOTT SENIOR DISCOUNT, INCLUDES 62 YEARS AND OLDER VALID ID REQUIRED, GUEST ROOM, 1 KING",Guest Room
12388,"REGULAR RATE|FLEXIBLE RATE, LARGER GUEST ROOM, 1 KING",Guest Room
12398,"REGULAR RATE|FLEXIBLE RATE, GUEST ROOM, 1 KING, BAY VIEW",Guest Room
12401,"STAY PASS|WORK ANYWHERE STAY PASS, SEE RATE DETAILS, GUEST ROOM, 2 QUEEN",Guest Room
12402,"REGULAR RATE|FLEXIBLE RATE, GUEST ROOM, 2 DOUBLE, BAY VIEW",Guest Room
12408,"REGULAR RATE|FLEXIBLE RATE, GUEST ROOM, 1 KING",Guest Room
12411,"REGULAR RATE|FLEXIBLE RATE, GUEST ROOM, 1 KING",Guest Room
12412,"MARRIOTT SENIOR DISC.|MARRIOTT SENIOR DISCOUNT, INCLUDES 62 YEARS AND OLDER VALID ID REQUIRED, GUEST ROOM, 1 KING",Guest Room
12417,"STAY PASS|WORK ANYWHERE STAY PASS, SEE RATE DETAILS, GUEST ROOM, 1 KING",Guest Room
12427,"AAA AMERICAN AUTO ASSN|AAA CAA RATE, MEMBERSHIP CARD REQUIRED, GUEST ROOM, 2 DOUBLE",Guest Room
12430,"PREPAY NONREF NO CHNG|PREPAY NON-REFUNDABLE NON-CHANGEABLE, PREPAY IN FULL, SEE RATE DETAILS, GUEST ROOM, 2 DOUBLE",Guest Room
12436,"REGULAR RATE|FLEXIBLE RATE, GUEST ROOM, 2 QUEEN",Guest Room
12455,"MARRIOTT SENIOR DISC.|MARRIOTT SENIOR DISCOUNT, INCLUDES 62 YEARS AND OLDER VALID ID REQUIRED, GUEST ROOM, 2 DOUBLE",Guest Room
12456,"AAA HOT DEALS|AAA CAA HOT DEALS, MEMBERSHIP CARD REQUIRED, GUEST ROOM, 2 DOUBLE",Guest Room
12462,"REGULAR RATE|FLEXIBLE RATE, LARGER GUEST ROOM, 2 QUEEN",Guest Room
12468,"BED AND BREAKFAST PKG|BED AND BREAKFAST RATE, INCLUDES BREAKFAST DAILY, CITY VIEW LOFT, GUEST ROOM, 2 QUEEN, CITY VIEW",Guest Room
12474,"REGULAR RATE|FLEXIBLE RATE, GUEST ROOM, 1 KING",Guest Room
12475,"STAY FOR BREAKFAST|STAY FOR BREAKFAST RATE, INCLUDES SEE RATE DETAILS, GUEST ROOM, 1 KING",Guest Room
12476,"REGULAR RATE|FLEXIBLE RATE, GUEST ROOM, 2 QUEEN",Guest Room
12478,"REGULAR RATE|FLEXIBLE RATE, STANDARD, GUEST ROOM, 1 KING",Guest Room
12480,"STAY PASS|WORK ANYWHERE STAY PASS, SEE RATE DETAILS, GUEST ROOM, 1 KING",Guest Room
12484,"REGULAR RATE|FLEXIBLE RATE, GUEST ROOM, 2 QUEEN",Guest Room
12488,"MARRIOTT SENIOR DISC.|MARRIOTT SENIOR DISCOUNT, INCLUDES 62 YEARS AND OLDER VALID ID REQUIRED, GUEST ROOM, 2 QUEEN",Guest Room
12491,"REGULAR RATE|FLEXIBLE RATE, GUEST ROOM, 2 DOUBLE",Guest Room
12497,"AAA HOT DEALS|AAA HOT DEALS, GUEST ROOM, 2 QUEEN",Guest Room
12499,"AAA HOT DEALS|AAA HOT DEALS, GUEST ROOM, 1 KING",Guest Room
12501,"REGULAR RATE|FLEXIBLE RATE, TRADITIONAL, GUEST ROOM, 2 QUEEN",Guest Room
12505,"AAA AMERICAN AUTO ASSN|AAA RATE, AAA MEMBERSHIP CARD REQUIRED, GUEST ROOM, 2 QUEEN",Guest Room
12508,"STAY PASS|WORK ANYWHERE STAY PASS, SEE RATE DETAILS, GUEST ROOM, 1 KING",Guest Room
12512,"STAY PASS|WORK ANYWHERE STAY PASS, SEE RATE DETAILS, GUEST ROOM, 2 QUEEN",Guest Room
12513,"REGULAR RATE|FLEXIBLE RATE, GUEST ROOM, 1 KING",Guest Room
12518,"PREPAY NONREF|PREPAY NON-REFUNDABLE, CHANGES UP TO 1 DAY PRIOR TO STAY, SEE RATE DETAILS, GUEST ROOM, 2 QUEEN",Guest Room
12519,"STAY PASS|WORK ANYWHERE STAY PASS, SEE RATE DETAILS, GUEST ROOM, 2 QUEEN",Guest Room
12520,"AAA HOT DEALS|AAA HOT DEALS, GUEST ROOM, 1 KING",Guest Room
12522,"MARRIOTT SENIOR DISC.|MARRIOTT SENIOR DISCOUNT, INCLUDES 62 YEARS AND OLDER VALID ID REQUIRED, GUEST ROOM, 1 KING",Guest Room
12525,"MEMBER RETAIL RATE|MEMBER RATE FLEXIBLE, GUEST ROOM, 1 KING",Guest Room
12527,"REGULAR RATE|FLEXIBLE RATE, GUEST ROOM, 2 QUEEN",Guest Room
12528,"REGULAR RATE|FLEXIBLE RATE, GUEST ROOM, 2 DOUBLE",Guest Room
12530,"REGULAR RATE|FLEXIBLE RATE, GUEST ROOM, 1 KING, BAY VIEW",Guest Room
12533,"MEMBER RETAIL RATE|MEMBER RATE FLEXIBLE, GUEST ROOM, 2 QUEEN",Guest Room
12536,"REGULAR RATE|FLEXIBLE RATE, GUEST ROOM, 2 DOUBLE, BAY VIEW",Guest Room
12537,"PREPAY NONREF|PREPAY NON-REFUNDABLE, CHANGES UP TO 1 DAY PRIOR TO STAY, SEE RATE DETAILS, GUEST ROOM, 1 KING, SOFA BED",Guest Room
12539,"REGULAR RATE|FLEXIBLE RATE, GUEST ROOM, 2 QUEEN",Guest Room
12540,"MARRIOTT SENIOR DISC.|MARRIOTT SENIOR DISCOUNT, INCLUDES 62 YEARS AND OLDER VALID ID REQUIRED, GUEST ROOM, 2 DOUBLE",Guest Room
12541,"AAA AMERICAN AUTO ASSN|AAA CAA RATE, MEMBERSHIP CARD REQUIRED, GUEST ROOM, 2 QUEEN",Guest Room
12542,"REGULAR RATE|FLEXIBLE RATE, TRADITIONAL, GUEST ROOM, 2 QUEEN",Guest Room
12543,"REGULAR RATE|FLEXIBLE RATE, GUEST ROOM, 1 KING",Guest Room
12545,"STAY PASS|WORK ANYWHERE STAY PASS, SEE RATE DETAILS, GUEST ROOM, 1 KING",Guest Room
12546,"STAY PASS|WORK ANYWHERE STAY PASS, SEE RATE DETAILS, GUEST ROOM, 2 DOUBLE",Guest Room
12548,"AAA AMERICAN AUTO ASSN|AAA RATE, AAA MEMBERSHIP CARD REQUIRED, GUEST ROOM, 1 KING",Guest Room
12553,"STAY PASS|WORK ANYWHERE STAY PASS, SEE RATE DETAILS, GUEST ROOM, 2 DOUBLE",Guest Room
12555,"REGULAR RATE|FLEXIBLE RATE, GUEST ROOM, 1 KING",Guest Room
12564,"REGULAR RATE|FLEXIBLE RATE, GUEST ROOM, 1 KING",Guest Room
12568,"MARRIOTT SENIOR DISC.|MARRIOTT SENIOR DISCOUNT, INCLUDES 62 YEARS AND OLDER VALID ID REQUIRED, GUEST ROOM, 1 KING",Guest Room
12571,"AAA AMERICAN AUTO ASSN|AAA CAA RATE, MEMBERSHIP CARD REQUIRED, GUEST ROOM, 1 KING",Guest Room
12573,"MEMBER RETAIL RATE|MEMBER RATE FLEXIBLE, GUEST ROOM, 1 KING",Guest Room
12576,"STAY PASS|WORK ANYWHERE STAY PASS, SEE RATE DETAILS, GUEST ROOM, 1 KING",Guest Room
12577,"REGULAR RATE|FLEXIBLE RATE, GUEST ROOM, 2 QUEEN",Guest Room
12582,"REGULAR RATE|FLEXIBLE RATE, GUEST ROOM, 1 KING",Guest Room
12591,"MARRIOTT SENIOR DISC.|MARRIOTT SENIOR DISCOUNT, INCLUDES 62 YEARS AND OLDER VALID ID REQUIRED, GUEST ROOM, 2 QUEEN",Guest Room
12593,"REGULAR RATE|FLEXIBLE RATE, GUEST ROOM, 1 KING, CITY VIEW, HIGH FLOOR",Guest Room
12594,"AAA HOT DEALS|AAA HOT DEALS, GUEST ROOM, 2 QUEEN",Guest Room
12597,"REGULAR RATE|FLEXIBLE RATE, GUEST ROOM, 2 QUEEN",Guest Room
12599,"REGULAR RATE|FLEXIBLE RATE, GUEST ROOM, 1 KING",Guest Room
12606,"REGULAR RATE|FLEXIBLE RATE, CONCIERGE LEVEL, GUEST ROOM, 2 QUEEN",Guest Room
12609,"REGULAR RATE|FLEXIBLE RATE, GUEST ROOM, 1 KING",Guest Room
12617,"AAA AMERICAN AUTO ASSN|AAA CAA RATE, MEMBERSHIP CARD REQUIRED, GUEST ROOM, 2 QUEEN",Guest Room
12620,"REGULAR RATE|FLEXIBLE RATE, GUEST ROOM, 2 DOUBLE",Guest Room
12621,"REGULAR RATE|FLEXIBLE RATE, GUEST ROOM, 1 KING",Guest Room
12623,"MARRIOTT SENIOR DISC.|MARRIOTT SENIOR DISCOUNT, INCLUDES 62 YEARS AND OLDER VALID ID REQUIRED, GUEST ROOM, 1 KING",Guest Room
12627,"STAY FOR BREAKFAST|STAY FOR BREAKFAST RATE, INCLUDES SEE RATE DETAILS, GUEST ROOM, 2 QUEEN",Guest Room
12628,"REGULAR RATE|FLEXIBLE RATE, GUEST ROOM, 2 QUEEN",Guest Room
12629,"REGULAR RATE|FLEXIBLE RATE, GUEST ROOM, 1 KING, CORNER ROOM",Guest Room
12630,"REGULAR RATE|FLEXIBLE RATE, GUEST ROOM, 1 KING",Guest Room
12631,"REGULAR RATE|FLEXIBLE RATE, GUEST ROOM, 1 KING, CORNER ROOM",Guest Room
12632,"MARRIOTT SENIOR DISC.|MARRIOTT SENIOR DISCOUNT, INCLUDES 62 YEARS AND OLDER VALID ID REQUIRED, GUEST ROOM, 1 KING",Guest Room
12642,"REGULAR RATE|FLEXIBLE RATE, GUEST ROOM, 1 KING",Guest Room
12644,"REGULAR RATE|FLEXIBLE RATE, GUEST ROOM, 2 QUEEN",Guest Room
12648,"REGULAR RATE|FLEXIBLE RATE, GUEST ROOM, 1 KING",Guest Room
12652,"REGULAR RATE|FLEXIBLE RATE, BUND VIEW LOFT, GUEST ROOM, 1 KING, THE BUND VIEW",Guest Room
12653,"REGULAR RATE|FLEXIBLE RATE, GUEST ROOM, 2 DOUBLE",Guest Room
12656,"STAY PASS|WORK ANYWHERE STAY PASS, SEE RATE DETAILS, GUEST ROOM, 1 KING",Guest Room
12659,"REGULAR RATE|FLEXIBLE RATE, GUEST ROOM, 2 QUEEN",Guest Room
12660,"AAA AMERICAN AUTO ASSN|AAA CAA RATE, MEMBERSHIP CARD REQUIRED, GUEST ROOM, 2 DOUBLE",Guest Room
12662,"REGULAR RATE|FLEXIBLE RATE, GUEST ROOM, 2 QUEEN, BALCONY",Guest Room
12667,"MARRIOTT SENIOR DISC.|MARRIOTT SENIOR DISCOUNT, INCLUDES 62 YEARS AND OLDER VALID ID REQUIRED, GUEST ROOM, 2 DOUBLE",Guest Room
12670,"REGULAR RATE|FLEXIBLE RATE, TRADITIONAL, GUEST ROOM, 1 KING",Guest Room
12671,"AAA AMERICAN AUTO ASSN|AAA RATE, AAA MEMBERSHIP CARD REQUIRED, GUEST ROOM, 2 QUEEN",Guest Room
12673,"REGULAR RATE|FLEXIBLE RATE, GUEST ROOM, 2 QUEEN, HIGH FLOOR",Guest Room
12678,"REGULAR RATE|FLEXIBLE RATE, GUEST ROOM, 1 KING",Guest Room
12680,"REGULAR RATE|FLEXIBLE RATE, GUEST ROOM, 2 QUEEN",Guest Room
12681,"REGULAR RATE|FLEXIBLE RATE, GUEST ROOM, 1 KING",Guest Room
12684,"AAA AMERICAN AUTO ASSN|AAA CAA RATE, MEMBERSHIP CARD REQUIRED, GUEST ROOM, 2 QUEEN",Guest Room
12689,"REGULAR RATE|FLEXIBLE RATE, GUEST ROOM, 1 KING",Guest Room
12691,"STAY PASS|WORK ANYWHERE STAY PASS, SEE RATE DETAILS, GUEST ROOM, 1 KING",Guest Room
12692,"MARRIOTT SENIOR DISC.|MARRIOTT SENIOR DISCOUNT, INCLUDES 62 YEARS AND OLDER VALID ID REQUIRED, GUEST ROOM, 2 DOUBLE",Guest Room
12698,"AAA AUTO ASSOC WKDAY|AAA CAA RATE, MEMBERSHIP CARD REQUIRED, GUEST ROOM, 1 KING",Guest Room
12706,"PREPAY NONREF|PREPAY NON-REFUNDABLE, CHANGES UP TO 1 DAY PRIOR TO STAY, SEE RATE DETAILS, GUEST ROOM, 2 QUEEN",Guest Room
12707,"MARRIOTT SENIOR DISC.|MARRIOTT SENIOR DISCOUNT, INCLUDES 62 YEARS AND OLDER VALID ID REQUIRED, GUEST ROOM, 1 KING",Guest Room
12708,"REGULAR RATE|FLEXIBLE RATE, GUEST ROOM, 2 QUEEN, BALCONY",Guest Room
12713,"MARRIOTT SENIOR DISC.|MARRIOTT SENIOR DISCOUNT, INCLUDES 62 YEARS AND OLDER VALID ID REQUIRED, GUEST ROOM, 1 KING",Guest Room
12714,"REGULAR RATE|FLEXIBLE RATE, GUEST ROOM, 1 KING, CITY VIEW",Guest Room
12715,"REGULAR RATE|FLEXIBLE RATE, GUEST ROOM, 2 DOUBLE, CITY VIEW",Guest Room
12716,"REGULAR RATE|FLEXIBLE RATE, GUEST ROOM, 2 QUEEN",Guest Room
12717,"STAY PASS|WORK ANYWHERE STAY PASS, SEE RATE DETAILS, GUEST ROOM, 2 QUEEN",Guest Room
12718,"REGULAR RATE|FLEXIBLE RATE, LARGER GUEST ROOM, 2 QUEEN",Guest Room
12723,"STAY PASS|WORK ANYWHERE STAY PASS, SEE RATE DETAILS, GUEST ROOM, 1 KING",Guest Room
12724,"AAA HOT DEALS|AAA CAA HOT DEALS, MEMBERSHIP CARD REQUIRED, GUEST ROOM, 2 QUEEN",Guest Room
12725,"REGULAR RATE|FLEXIBLE RATE, GUEST ROOM, 2 QUEEN, CITY VIEW",Guest Room
12727,"PREPAY NONREF|PREPAY NON-REFUNDABLE, CHANGES UP TO 1 DAY PRIOR TO STAY, SEE RATE DETAILS, GUEST ROOM, 2 QUEEN",Guest Room
12731,"AAA AUTO ASSOCIATION|AAA CAA RATE, MEMBERSHIP CARD REQUIRED, GUEST ROOM, 1 KING",Guest Room
12733,"REGULAR RATE|FLEXIBLE RATE, GUEST ROOM, 1 KING",Guest Room
12737,"STAY PASS|WORK ANYWHERE STAY PASS, SEE RATE DETAILS, GUEST ROOM, 2 DOUBLE",Guest Room
12745,"STAY FOR BREAKFAST|STAY FOR BREAKFAST RATE, INCLUDES SEE RATE DETAILS, GUEST ROOM, 2 QUEEN",Guest Room
12747,"REGULAR RATE|FLEXIBLE RATE, GUEST ROOM, 2 DOUBLE",Guest Room
12751,"REGULAR RATE|FLEXIBLE RATE, WESTIN WORKOUT, GUEST ROOM, 1 KING",Guest Room
12752,"REGULAR RATE|FLEXIBLE RATE, GUEST ROOM, 1 KING",Guest Room
12755,"PREPAY NONREF NO CHNG|PREPAY NON-REFUNDABLE NON-CHANGEABLE, PREPAY IN FULL, SEE RATE DETAILS, GUEST ROOM, 1 KING",Guest Room
12757,"AAA HOT DEALS|AAA CAA HOT DEALS, MEMBERSHIP CARD REQUIRED, GUEST ROOM, 2 QUEEN",Guest Room
12760,"PREPAY NONREF NO CHNG|PREPAY NON-REFUNDABLE NON-CHANGEABLE, PREPAY IN FULL, SEE RATE DETAILS, GUEST ROOM, 1 KING",Guest Room
12762,"PREPAY NONREF|PREPAY NON-REFUNDABLE, CHANGES UP TO 1 DAY PRIOR TO STAY, SEE RATE DETAILS, GUEST ROOM, 1 KING",Guest Room
12763,"MARRIOTT SENIOR DISC.|MARRIOTT SENIOR DISCOUNT, INCLUDES 62 YEARS AND OLDER VALID ID REQUIRED, GUEST ROOM, 2 QUEEN",Guest Room
12765,"AAA HOT DEALS|AAA CAA HOT DEALS, MEMBERSHIP CARD REQUIRED, GUEST ROOM, 1 KING",Guest Room
12766,"PREPAY NONREF|PREPAY NON-REFUNDABLE, CHANGES UP TO 1 DAY PRIOR TO STAY, SEE RATE DETAILS, GUEST ROOM, 1 KING",Guest Room
12767,"AAA AMERICAN AUTO ASSN|AAA CAA RATE, MEMBERSHIP CARD REQUIRED, GUEST ROOM, 1 KING",Guest Room
12768,"REGULAR RATE|FLEXIBLE RATE, GUEST ROOM, 2 QUEEN",Guest Room
12769,"PREPAY NONREF NO CHNG|PREPAY NON-REFUNDABLE NON-CHANGEABLE, PREPAY IN FULL, SEE RATE DETAILS, ALOFT KING, GUEST ROOM, 1 KING",Guest Room
12772,"REGULAR RATE|FLEXIBLE RATE, GUEST ROOM, 1 KING",Guest Room
12773,"MARRIOTT SENIOR DISC.|MARRIOTT SENIOR DISCOUNT, INCLUDES 62 YEARS AND OLDER VALID ID REQUIRED, GUEST ROOM, 1 KING",Guest Room
12774,"AAA HOT DEALS|AAA CAA HOT DEALS, MEMBERSHIP CARD REQUIRED, GUEST ROOM, 1 KING, CITY VIEW",Guest Room
12775,"REGULAR RATE|FLEXIBLE RATE, GUEST ROOM, 2 DOUBLE",Guest Room
12779,"REGULAR RATE|FLEXIBLE RATE, LARGER GUEST ROOM, 1 KING",Guest Room
12781,"REGULAR RATE|FLEXIBLE RATE, CONCIERGE LEVEL, GUEST ROOM, 1 KING",Guest Room
12786,"AAA AMERICAN AUTO ASSN|AAA CAA RATE, MEMBERSHIP CARD REQUIRED, GUEST ROOM, 2 QUEEN",Guest Room
12788,"REGULAR RATE|FLEXIBLE RATE, GUEST ROOM, 2 DOUBLE, CITY VIEW, HIGH FLOOR",Guest Room
12792,"REGULAR RATE|FLEXIBLE RATE, GUEST ROOM, 2 DOUBLE, CITY VIEW",Guest Room
12795,"AAA AMERICAN AUTO ASSN|AAA CAA RATE, MEMBERSHIP CARD REQUIRED, GUEST ROOM, 1 KING",Guest Room
12801,"PREPAY NONREF NO CHNG|PREPAY NON-REFUNDABLE NON-CHANGEABLE, PREPAY IN FULL, SEE RATE DETAILS, GUEST ROOM, 2 QUEEN",Guest Room
12802,"REGULAR RATE|FLEXIBLE RATE, GUEST ROOM, 1 KING, CITY VIEW",Guest Room
12807,"REGULAR RATE|FLEXIBLE RATE, GUEST ROOM, 1 KING, SOFA BED",Guest Room
12810,"REGULAR RATE|FLEXIBLE RATE, GUEST ROOM, 1 KING, BAY VIEW",Guest Room
12812,"MARRIOTT SENIOR DISC.|MARRIOTT SENIOR DISCOUNT, INCLUDES 62 YEARS AND OLDER VALID ID REQUIRED, GUEST ROOM, 2 DOUBLE",Guest Room
12815,"REGULAR RATE|FLEXIBLE RATE, GUEST ROOM, 2 QUEEN, HIGH FLOOR",Guest Room
12820,"REGULAR RATE|FLEXIBLE RATE, GUEST ROOM, 2 QUEEN, CITY VIEW",Guest Room
12822,"AAA AMERICAN AUTO ASSN|AAA CAA RATE, MEMBERSHIP CARD REQUIRED, GUEST ROOM, 2 DOUBLE",Guest Room
12828,"REGULAR RATE|FLEXIBLE RATE, LARGER GUEST ROOM, 1 KING, SOFA BED",Guest Room
12833,"AAA AMERICAN AUTO ASSN|AAA CAA RATE, MEMBERSHIP CARD REQUIRED, GUEST ROOM, 2 QUEEN",Guest Room
12835,"MARRIOTT SENIOR DISC.|MARRIOTT SENIOR DISCOUNT, INCLUDES 62 YEARS AND OLDER VALID ID REQUIRED, GUEST ROOM, 1 KING, CITY VIEW",Guest Room
12848,"REGULAR RATE|FLEXIBLE RATE, GUEST ROOM, 2 DOUBLE",Guest Room
12852,"MARRIOTT SENIOR DISC.|MARRIOTT SENIOR DISCOUNT, INCLUDES 62 YEARS AND OLDER VALID ID REQUIRED, GUEST ROOM, 2 QUEEN",Guest Room
12855,"REGULAR RATE|FLEXIBLE RATE, TRADITIONAL, GUEST ROOM, 1 KING",Guest Room
12856,"AAA HOT DEALS|AAA CAA HOT DEALS, MEMBERSHIP CARD REQUIRED, GUEST ROOM, 2 QUEEN",Guest Room
12857,"STAY PASS|WORK ANYWHERE STAY PASS, SEE RATE DETAILS, GUEST ROOM, 2 QUEEN",Guest Room
12858,"MARRIOTT SENIOR DISC.|MARRIOTT SENIOR DISCOUNT, INCLUDES 62 YEARS AND OLDER VALID ID REQUIRED, GUEST ROOM, 1 KING",Guest Room
12863,"REGULAR RATE|FLEXIBLE RATE, GUEST ROOM, 2 DOUBLE",Guest Room
12864,"AAA AMERICAN AUTO ASSN|AAA CAA RATE, MEMBERSHIP CARD REQUIRED, GUEST ROOM, 1 KING",Guest Room
12865,"PREPAY NONREF NO CHNG|PREPAY NON-REFUNDABLE NON-CHANGEABLE, PREPAY IN FULL, SEE RATE DETAILS, TRADITIONAL, GUEST ROOM, 1 KING",Guest Room
12867,"REGULAR RATE|FLEXIBLE RATE, GUEST ROOM, 2 DOUBLE, BAY VIEW",Guest Room
12868,"AAA AMERICAN AUTO ASSN|AAA CAA RATE, MEMBERSHIP CARD REQUIRED, GUEST ROOM, 2 QUEEN",Guest Room
12869,"REGULAR RATE|FLEXIBLE RATE, GUEST ROOM, 1 KING",Guest Room
12871,"REGULAR RATE|FLEXIBLE RATE, TRADITIONAL, GUEST ROOM, 2 QUEEN",Guest Room
12872,"REGULAR RATE|FLEXIBLE RATE, TRADITIONAL, GUEST ROOM, 1 KING",Guest Room
12873,"MARRIOTT SENIOR DISC.|MARRIOTT SENIOR DISCOUNT, INCLUDES 62 YEARS AND OLDER VALID ID REQUIRED, GUEST ROOM, 2 QUEEN",Guest Room
12876,"REGULAR RATE|FLEXIBLE RATE, GUEST ROOM, 2 QUEEN",Guest Room
12877,"REGULAR RATE|FLEXIBLE RATE, GUEST ROOM, 1 KING, SOFA BED",Guest Room
12878,"REGULAR RATE|FLEXIBLE RATE, GUEST ROOM, 2 QUEEN",Guest Room
12880,"REGULAR RATE|FLEXIBLE RATE, GUEST ROOM, 2 DOUBLE",Guest Room
12882,"AAA AMERICAN AUTO ASSN|AAA CAA RATE, MEMBERSHIP CARD REQUIRED, GUEST ROOM, 1 KING",Guest Room
12885,"MARRIOTT SENIOR DISC.|MARRIOTT SENIOR DISCOUNT, INCLUDES 62 YEARS AND OLDER VALID ID REQUIRED, GUEST ROOM, 1 KING",Guest Room
12891,"AAA AMERICAN AUTO ASSN|AAA CAA RATE, MEMBERSHIP CARD REQUIRED, GUEST ROOM, 2 DOUBLE",Guest Room
12895,"REGULAR RATE|FLEXIBLE RATE, GUEST ROOM, 1 KING, SOFA BED",Guest Room
12896,"REGULAR RATE|FLEXIBLE RATE, GUEST ROOM, 1 KING",Guest Room
12897,"REGULAR RATE|FLEXIBLE RATE, GUEST ROOM, 1 KING",Guest Room
12899,"REGULAR RATE|FLEXIBLE RATE, TRADITIONAL, GUEST ROOM, 2 DOUBLE",Guest Room
12907,"AAA AMERICAN AUTO ASSN|AAA CAA RATE, MEMBERSHIP CARD REQUIRED, GUEST ROOM, 1 KING, SOFA BED",Guest Room
12909,"REGULAR RATE|FLEXIBLE RATE, GUEST ROOM, 1 KING",Guest Room
12912,"REGULAR RATE|FLEXIBLE RATE, TRADITIONAL, GUEST ROOM, 1 KING",Guest Room
12914,"REGULAR RATE|FLEXIBLE RATE, TRADITIONAL, GUEST ROOM, 2 DOUBLE",Guest Room
12915,"STAY PASS|WORK ANYWHERE STAY PASS, SEE RATE DETAILS, GUEST ROOM, 2 QUEEN",Guest Room
12918,"STAY PASS|WORK ANYWHERE STAY PASS, SEE RATE DETAILS, GUEST ROOM, 1 KING",Guest Room
12922,"REGULAR RATE|FLEXIBLE RATE, GUEST ROOM, 1 KING, HIGH FLOOR",Guest Room
12940,"REGULAR RATE|FLEXIBLE RATE, TRADITIONAL, GUEST ROOM, 2 DOUBLE",Guest Room
12941,"MARRIOTT SENIOR DISC.|MARRIOTT SENIOR DISCOUNT, INCLUDES 62 YEARS AND OLDER VALID ID REQUIRED, GUEST ROOM, 1 KING",Guest Room
12942,"REGULAR RATE|FLEXIBLE RATE, GUEST ROOM, 1 KING",Guest Room
12943,"MARRIOTT SENIOR DISC.|MARRIOTT SENIOR DISCOUNT, INCLUDES 62 YEARS AND OLDER VALID ID REQUIRED, GUEST ROOM, 2 QUEEN",Guest Room
12944,"REGULAR RATE|FLEXIBLE RATE, GUEST ROOM, 2 QUEEN",Guest Room
12945,"AAA AMERICAN AUTO ASSN|AAA CAA RATE, MEMBERSHIP CARD REQUIRED, GUEST ROOM, 1 KING",Guest Room
12947,"AAA HOT DEALS|AAA CAA HOT DEALS, MEMBERSHIP CARD REQUIRED, GUEST ROOM, 1 KING",Guest Room
12948,"REGULAR RATE|FLEXIBLE RATE, GUEST ROOM, 2 DOUBLE",Guest Room
12949,"REGULAR RATE|FLEXIBLE RATE, GUEST ROOM, 1 KING",Guest Room
12952,"REGULAR RATE|FLEXIBLE RATE, CONCIERGE LEVEL, GUEST ROOM, 2 DOUBLE",Guest Room
12954,"AAA AMERICAN AUTO ASSN|AAA CAA RATE, MEMBERSHIP CARD REQUIRED, GUEST ROOM, 1 KING",Guest Room
12955,"MARRIOTT SENIOR DISC.|MARRIOTT SENIOR DISCOUNT, INCLUDES 62 YEARS AND OLDER VALID ID REQUIRED, GUEST ROOM, 1 KING, CITY VIEW",Guest Room
12966,"REGULAR RATE|FLEXIBLE RATE, GUEST ROOM, 1 KING, BALCONY",Guest Room
12968,"STAY PASS|WORK ANYWHERE STAY PASS, SEE RATE DETAILS, GUEST ROOM, 1 KING",Guest Room
12971,"REGULAR RATE|FLEXIBLE RATE, GUEST ROOM, 2 QUEEN",Guest Room
12972,"REGULAR RATE|FLEXIBLE RATE, GUEST ROOM, 1 KING, CORNER ROOM",Guest Room
12973,"REGULAR RATE|FLEXIBLE RATE, GUEST ROOM, 1 KING, CORNER ROOM",Guest Room
12975,"PREPAY NONREF NO CHNG|PREPAY NON-REFUNDABLE NON-CHANGEABLE, PREPAY IN FULL, SEE RATE DETAILS, GUEST ROOM, 1 KING, SOFA BED",Guest Room
12979,"REGULAR RATE|FLEXIBLE RATE, GUEST ROOM, 1 KING",Guest Room
12988,"REGULAR RATE|FLEXIBLE RATE, GUEST ROOM, 1 KING",Guest Room
12989,"STAY PASS|WORK ANYWHERE STAY PASS, SEE RATE DETAILS, GUEST ROOM, 2 DOUBLE",Guest Room
12990,"REGULAR RATE|FLEXIBLE RATE, GUEST ROOM, 2 QUEEN",Guest Room
12991,"PREPAY NONREF|PREPAY NON-REFUNDABLE, CHANGES UP TO 7 DAYS PRIOR TO STAY, SEE RATE DETAILS, GUEST ROOM, 1 KING",Guest Room
12993,"REGULAR RATE|FLEXIBLE RATE, GUEST ROOM, 1 KING",Guest Room
12995,"REGULAR RATE|FLEXIBLE RATE, GUEST ROOM, 2 QUEEN",Guest Room
12996,"MARRIOTT SENIOR DISC.|MARRIOTT SENIOR DISCOUNT, INCLUDES 62 YEARS AND OLDER VALID ID REQUIRED, GUEST ROOM, 2 DOUBLE",Guest Room
12997,"REGULAR RATE|FLEXIBLE RATE, CORNER KING, GUEST ROOM, 1 KING, CORNER ROOM",Guest Room
13002,OUR BEST AVAILABLE RATE|BUNGALOW SUITE - 1100 SQ FT - OCEAN VIEW 1K - LIVING ROOM - KITCHEN - ADULT ONLY,Bungalow
13003,AARP MEMBER RATE|BUNGALOW SUITE - 1100 SQ FT - OCEAN VIEW 1K - LIVING ROOM - KITCHEN - ADULT ONLY,Bungalow
13004,AAA MEMBER RATE|BUNGALOW SUITE - 1100 SQ FT - OCEAN VIEW 1K - LIVING ROOM - KITCHEN - ADULT ONLY,Bungalow
13005,THE LINKS GOLF PACKAGE|BUNGALOW SUITE - 1100 SQ FT - OCEAN VIEW 1K - LIVING ROOM - KITCHEN - ADULT ONLY,Bungalow
13007,SPA REJUVENATION PACKAGE|BUNGALOW SUITE - 1100 SQ FT - OCEAN VIEW 1K - LIVING ROOM - KITCHEN - ADULT ONLY,Bungalow
13173,OUR BEST AVAILABLE RATE|2 BDRM BUNGALOW HOME - 1550 SQ FT - OCEAN VIEW 1 KING - 2 DBL BEDS - KITCHEN - WASHER-DRYER,Bungalow
13197,BEST FLEXIBLE RATE|RESORT BUNGALOW 1K 415SF-39SM BALCONY SHOWER MINFRIDGE WIFI NOSMKG,Bungalow
13217,OUR BEST AVAILABLE RATE|BUNGALOW SUITE - 1100 SQ FT - OCEAN VIEW 1K - LIVING ROOM - KITCHEN - ADULT ONLY,Bungalow
13223,AAA MEMBER RATE|BUNGALOW SUITE - 1100 SQ FT - OCEAN VIEW 1K - LIVING ROOM - KITCHEN - ADULT ONLY,Bungalow
13228,AARP MEMBER RATE|BUNGALOW SUITE - 1100 SQ FT - OCEAN VIEW 1K - LIVING ROOM - KITCHEN - ADULT ONLY,Bungalow
13282,THE LINKS GOLF PACKAGE|BUNGALOW SUITE - 1100 SQ FT - OCEAN VIEW 1K - LIVING ROOM - KITCHEN - ADULT ONLY,Bungalow
13285,SPA REJUVENATION PACKAGE|2 BDRM BUNGALOW HOME - 1550 SQ FT - OCEAN VIEW 1 KING - 2 DBL BEDS - KITCHEN - WASHER-DRYER,Bungalow
13292,SPA REJUVENATION PACKAGE|BUNGALOW SUITE - 1100 SQ FT - OCEAN VIEW 1K - LIVING ROOM - KITCHEN - ADULT ONLY,Bungalow
13348,AARP MEMBER RATE|RESORT BUNGALOW 1K 415SF-39SM BALCONY SHOWER MINFRIDGE WIFI NOSMKG,Bungalow
13350,AAA MEMBER RATE|RESORT BUNGALOW 1K 415SF-39SM BALCONY SHOWER MINFRIDGE WIFI NOSMKG,Bungalow
13357,FLEXIBLE RATE|RESORT BUNGALOW 1 QUEEN BED,Bungalow
13359,GOVERNMENT RATE|EMPLOYEE ID REQUIRED AT CHECK IN RESORT BUNGALOW 1 QUEEN BED,Bungalow
13400,SPECIAL EVENT RATE|RESORT BUNGALOW 1 QUEEN BED,Bungalow
13453,BEST AVAILABLE RATE|2 BEDROOM BUNGALOW 1 KING SPLIT 2 SINGLES,Bungalow
13522,BEST AVAILABLE RATE|3 BEDROOM BUNGALOW 1 KING SPLIT 4 SINGLES,Bungalow
13546,STANDARD DAILY RATE|BUNGALOW WITH PRIVATE PATIO,Bungalow
13582,STANDARD DAILY RATE|PRIVATE BUNGALOW. LOCATED NEXT TO THE POOL.,Bungalow
14005,OUR BEST AVAILABLE RATE|ACCESSIBLE VILLA KING SUITE APPROX 850SQFT ADA ROOM KING BED SEP LIVING ROOM W PULL OUT SOFA,Villa
14008,OUR BEST AVAILABLE RATE|VILLA KING SUITE APPROX 850 SQFT -PRIVATE PATIO KING BED - SEP LIVING ROOM W PULL OUT SOFA,Villa
14014,OUR BEST AVAILABLE RATE|LUXURY VILLA BRISCOE SUITE APPROX 1600 SQFT KING BED - SEPARATE LIVING ROOM W PULL OUT SOFA,Villa
14198,OUR BEST AVAILABLE RATE|VILLA TWO QUEENS APPROX 550 SQ FT - PRIVATE PATIO NESTLED IN THE HILL COUNTRY,Villa
14199,OUR BEST AVAILABLE RATE|ACCESSIBLE VILLA KING SUITE APPROX 850SQFT ADA ROOM KING BED SEP LIVING ROOM W PULL OUT SOFA,Villa
14203,OUR BEST AVAILABLE RATE|ACCESSIBLE VILLA 2 QUEENS APPROX 550SQFT -PATIO ADA ROOM - WHEELCHAIR ACCESSIBLE BATHROOM,Villa
14216,OUR BEST AVAILABLE RATE|VILLA KING SUITE APPROX 850 SQFT -PRIVATE PATIO KING BED - SEP LIVING ROOM W PULL OUT SOFA,Villa
14288,OUR BEST AVAILABLE RATE|VILLA KING ROOM APPROX 550 SQ FT - PRIVATE PATIO ALSO INCLUDES QUEEN SIZE PULL OUT SOFA,Villa
14306,OUR BEST AVAILABLE RATE|LUXURY VILLA BRISCOE SUITE APPROX 1600 SQFT KING BED - SEPARATE LIVING ROOM W PULL OUT SOFA,Villa
14311,WORLD RAINBOW BAR RATE|VILLA TWO QUEENS APPROX 550 SQ FT - PRIVATE PATIO NESTLED IN THE HILL COUNTRY,Villa
14312,WORLD RAINBOW BAR RATE|ACCESSIBLE VILLA KING SUITE APPROX 850SQFT ADA ROOM KING BED SEP LIVING ROOM W PULL OUT SOFA,Villa
14314,AAA DISCOUNT|VILLA TWO QUEENS APPROX 550 SQ FT - PRIVATE PATIO NESTLED IN THE HILL COUNTRY,Villa
14321,AAA DISCOUNT|ACCESSIBLE VILLA KING SUITE APPROX 850SQFT ADA ROOM KING BED SEP LIVING ROOM W PULL OUT SOFA,Villa
14338,WORLD RAINBOW BAR RATE|ACCESSIBLE VILLA 2 QUEENS APPROX 550SQFT -PATIO ADA ROOM - WHEELCHAIR ACCESSIBLE BATHROOM,Villa
14339,AAA DISCOUNT|ACCESSIBLE VILLA 2 QUEENS APPROX 550SQFT -PATIO ADA ROOM - WHEELCHAIR ACCESSIBLE BATHROOM,Villa
14347,BEST AVAILABLE RATE|VILLA TWO QUEENS APPROX 550 SQ FT - PRIVATE PATIO NESTLED IN THE HILL COUNTRY,Villa
14351,WORLD RAINBOW BAR RATE|VILLA KING SUITE APPROX 850 SQFT -PRIVATE PATIO KING BED - SEP LIVING ROOM W PULL OUT SOFA,Villa
14353,AAA DISCOUNT|VILLA KING SUITE APPROX 850 SQFT -PRIVATE PATIO KING BED - SEP LIVING ROOM W PULL OUT SOFA,Villa
14357,BEST AVAILABLE RATE|ACCESSIBLE VILLA 2 QUEENS APPROX 550SQFT -PATIO ADA ROOM - WHEELCHAIR ACCESSIBLE BATHROOM,Villa
14479,BEST AVAILABLE RATE|ACCESSIBLE VILLA KING SUITE APPROX 850SQFT ADA ROOM KING BED SEP LIVING ROOM W PULL OUT SOFA,Villa
14508,BEST AVAILABLE RATE|VILLA KING SUITE APPROX 850 SQFT -PRIVATE PATIO KING BED - SEP LIVING ROOM W PULL OUT SOFA,Villa
14526,WORLD RAINBOW BAR RATE|VILLA KING ROOM APPROX 550 SQ FT - PRIVATE PATIO ALSO INCLUDES QUEEN SIZE PULL OUT SOFA,Villa
14527,AAA DISCOUNT|VILLA KING ROOM APPROX 550 SQ FT - PRIVATE PATIO ALSO INCLUDES QUEEN SIZE PULL OUT SOFA,Villa
14533,"AAA AMERICAN AUTO ASSN|AAA CAA RATE, 10 PERCENT OFF FLEXIBLE RATE, SEE RATE DETAILS, 1 BEDROOM VILLA, 1 KING, SOFA BED",Villa
14534,"MARRIOTT SENIOR DISC.|MARRIOTT SENIOR DISCOUNT, SEE RATE DETAILS, 1 BEDROOM VILLA, 1 KING, SOFA BED",Villa
14535,"LEISURE RATE|FLEXIBLE RATE, 1 BEDROOM VILLA, 1 KING, SOFA BED",Villa
14537,"PREPAY NONREF|PREPAY NON-REFUNDABLE, CHANGES UP TO 14 DAYS PRIOR TO STAY, SEE RATE DETAILS, 1 BEDROOM VILLA, 1 KING, SOFA BED",Villa
14551,OUR BEST AVAILABLE RATE|3 BEDROOM  VILLA - 2360 SQ FT - RESORT VIEW 2K - 1DD - DEN - FULL KITCHEN - PRIVATE GARAGE,Villa
14553,AAA DISCOUNT|LUXURY VILLA BRISCOE SUITE APPROX 1600 SQFT KING BED - SEPARATE LIVING ROOM W PULL OUT SOFA,Villa
14554,WORLD RAINBOW BAR RATE|LUXURY VILLA BRISCOE SUITE APPROX 1600 SQFT KING BED - SEPARATE LIVING ROOM W PULL OUT SOFA,Villa
14556,OUR BEST AVAILABLE RATE|2 BEDROOM VILLA HOME - 1850 SQ FT - OCEAN VIEW FULL KITCHEN - LIVING ROOM - PRIVATE GARAGE,Villa
14559,AAA MEMBER RATE|3 BEDROOM  VILLA - 2360 SQ FT - RESORT VIEW 2K - 1DD - DEN - FULL KITCHEN - PRIVATE GARAGE,Villa
14566,AAA MEMBER RATE|2 BEDROOM VILLA HOME - 1850 SQ FT - OCEAN VIEW FULL KITCHEN - LIVING ROOM - PRIVATE GARAGE,Villa
14572,AARP MEMBER RATE|3 BEDROOM  VILLA - 2360 SQ FT - RESORT VIEW 2K - 1DD - DEN - FULL KITCHEN - PRIVATE GARAGE,Villa
14573,AARP MEMBER RATE|2 BEDROOM VILLA HOME - 1850 SQ FT - OCEAN VIEW FULL KITCHEN - LIVING ROOM - PRIVATE GARAGE,Villa
14584,BEST AVAILABLE RATE|LUXURY VILLA BRISCOE SUITE APPROX 1600 SQFT KING BED - SEPARATE LIVING ROOM W PULL OUT SOFA,Villa
14587,"AAA AMERICAN AUTO ASSN|AAA CAA RATE, 10 PERCENT OFF FLEXIBLE RATE, SEE RATE DETAILS, 1 BEDROOM VILLA, 1 KING, SOFA BED, FIREPLACE, BALCONY",Villa
14589,"AAA AMERICAN AUTO ASSN|AAA CAA RATE, 10 PERCENT OFF FLEXIBLE RATE, SEE RATE DETAILS, 2 BEDROOM VILLA, BEDROOM 1: 1 KING, BEDROOM 2: 2 QUEEN, SOFA BED",Villa
14611,OUR BEST AVAILABLE RATE|3 BEDROOM VILLA HOME - 2500SQFT - OCEAN VIEW 2K - 1DD - HOT TUB - FIREPLACE - KITCHEN,Villa
14617,AAA MEMBER RATE|3 BEDROOM VILLA HOME - 2500SQFT - OCEAN VIEW 2K - 1DD - HOT TUB - FIREPLACE - KITCHEN,Villa
14631,AARP MEMBER RATE|3 BEDROOM VILLA HOME - 2500SQFT - OCEAN VIEW 2K - 1DD - HOT TUB - FIREPLACE - KITCHEN,Villa
14636,BEST AVAILABLE RATE|VILLA KING ROOM APPROX 550 SQ FT - PRIVATE PATIO ALSO INCLUDES QUEEN SIZE PULL OUT SOFA,Villa
14637,"MARRIOTT SENIOR DISC.|MARRIOTT SENIOR DISCOUNT, SEE RATE DETAILS, 2 BEDROOM VILLA, BEDROOM 1: 1 KING, BEDROOM 2: 2 QUEEN, SOFA BED",Villa
14641,"MARRIOTT SENIOR DISC.|MARRIOTT SENIOR DISCOUNT, INCLUDES 62 YEARS AND OLDER VALID ID REQUIRED, 1 BEDROOM VILLA, 1 KING, SOFA BED, ISLAND VIEW, BALC",Villa
14647,"LEISURE RATE|FLEXIBLE RATE, 2 BEDROOM VILLA, BEDROOM 1: 1 KING, BEDROOM 2: 2 QUEEN, SOFA BED",Villa
14648,"PREPAY NONREF NO CHNG|PREPAY NON-REFUNDABLE NON-CHANGEABLE, SEE RATE DETAILS, 1 BEDROOM VILLA, 1 KING, SOFA BED, BALCONY",Villa
14657,"AAA AMERICAN AUTO ASSN|AAA CAA RATE, 10 PERCENT OFF FLEXIBLE RATE, SEE RATE DETAILS, 1 BEDROOM VILLA, 1 KING, SOFA BED, BALCONY",Villa
14747,"AAA AMERICAN AUTO ASSN|AAA CAA RATE, 10 PERCENT OFF FLEXIBLE RATE, SEE RATE DETAILS, 1 BEDROOM SMALLER VILLA, 1 KING, SOFA BED, BALCONY",Villa
14763,"AAA AMERICAN AUTO ASSN|AAA CAA RATE, 10 PERCENT OFF FLEXIBLE RATE, SEE RATE DETAILS, 2 BEDROOM VILLA, BALCONY",Villa
14798,"AAA AMERICAN AUTO ASSN|AAA CAA RATE, 10 PERCENT OFF FLEXIBLE RATE, SEE RATE DETAILS, 1 BEDROOM VILLA, 1 KING, SOFA BED, BALCONY",Villa
14802,"LEISURE RATE|FLEXIBLE RATE, 2 BEDROOM VILLA, BEDROOM 1: 1 KING, BEDROOM 2: 2 QUEEN, SOFA BED",Villa
14803,"MARRIOTT SENIOR DISC.|MARRIOTT SENIOR DISCOUNT, SEE RATE DETAILS, 1 BEDROOM VILLA, 1 KING, SOFA BED, FIREPLACE",Villa
14807,"LEISURE RATE|FLEXIBLE RATE, 2 BEDROOM VILLA, BEDROOM 1: 1 KING, BEDROOM 2: 2 QUEEN, SOFA BED",Villa
14813,"LEISURE RATE|FLEXIBLE RATE, 1 BEDROOM VILLA, 1 KING, SOFA BED, BALCONY",Villa
14818,"AAA AMERICAN AUTO ASSN|AAA CAA RATE, 10 PERCENT OFF FLEXIBLE RATE, SEE RATE DETAILS, 1 BEDROOM VILLA, 1 KING, SOFA BED, BALCONY",Villa
14823,THE LINKS GOLF PACKAGE|2 BEDROOM VILLA HOME - 1850 SQ FT - OCEAN VIEW FULL KITCHEN - LIVING ROOM - PRIVATE GARAGE,Villa
14836,"MARRIOTT SENIOR DISC.|MARRIOTT SENIOR DISCOUNT, INCLUDES 62 YEARS AND OLDER VALID ID REQUIRED, 1 BEDROOM SMALLER VILLA, 1 KING, SOFA BED, BALCONY",Villa
14846,THE LINKS GOLF PACKAGE|3 BEDROOM  VILLA - 2360 SQ FT - RESORT VIEW 2K - 1DD - DEN - FULL KITCHEN - PRIVATE GARAGE,Villa
14853,THE LINKS GOLF PACKAGE|3 BEDROOM VILLA HOME - 2500SQFT - OCEAN VIEW 2K - 1DD - HOT TUB - FIREPLACE - KITCHEN,Villa
14861,"PREPAY NONREF NO CHNG|PREPAY NON-REFUNDABLE NON-CHANGEABLE, SEE RATE DETAILS, 2 BEDROOM VILLA, BALCONY",Villa
14862,BEST AVAILABLE RATE.|ACCESSIBLE VILLA KING SUITE APPROX 850SQFT ADA ROOM KING BED SEP LIVING ROOM W PULL OUT SOFA,Villa
14874,"AAA AMERICAN AUTO ASSN|AAA CAA RATE, 10 PERCENT OFF FLEXIBLE RATE, SEE RATE DETAILS, 1 BEDROOM SMALLER VILLA, 1 KING, SOFA BED",Villa
14880,"AAA AMERICAN AUTO ASSN|AAA CAA RATE, 10 PERCENT OFF FLEXIBLE RATE, SEE RATE DETAILS, 1 BEDROOM SMALLER VILLA, 1 KING, SOFA BED, BALCONY",Villa
14886,"MARRIOTT SENIOR DISC.|MARRIOTT SENIOR DISCOUNT, INCLUDES 62 YEARS AND OLDER VALID ID REQUIRED, 1 BEDROOM SMALLER VILLA, 1 KING, SOFA BED, BALCONY",Villa
14892,"AAA AMERICAN AUTO ASSN|AAA CAA RATE, 10 PERCENT OFF FLEXIBLE RATE, SEE RATE DETAILS, 1 BEDROOM VILLA, 1 KING, SOFA BED, BALCONY",Villa
14907,"REGULAR RATE|FLEXIBLE RATE, 1 BEDROOM SMALLER VILLA, 1 KING, SOFA BED, BALCONY",Villa
14910,"AAA AMERICAN AUTO ASSN|AAA CAA RATE, 10 PERCENT OFF FLEXIBLE RATE, SEE RATE DETAILS, 2 BEDROOM VILLA, BALCONY",Villa
14915,"MARRIOTT SENIOR DISC.|MARRIOTT SENIOR DISCOUNT, INCLUDES 62 YEARS AND OLDER VALID ID REQUIRED, 1 BEDROOM VILLA, 1 KING, SOFA BED, BALCONY",Villa
14951,"DISCOUNT|STAY LONGER, SAVE 10 PERCENT OFF 3 NIGHTS, SEE RATE DETAILS, 1 BEDROOM VILLA, 1 KING, SOFA BED, BALCONY",Villa
14958,"DISCOUNT|STAY LONGER, SAVE 10 PERCENT OFF 3 NIGHTS, SEE RATE DETAILS, 1 BEDROOM SMALLER VILLA, 1 KING, SOFA BED",Villa
14972,"AAA AMERICAN AUTO ASSN|AAA CAA RATE, 10 PERCENT OFF FLEXIBLE RATE, SEE RATE DETAILS, 2 BEDROOM VILLA, 2 KING, SOFA BEDS: 2, BALCONY",Villa
14980,"MARRIOTT SENIOR DISC.|MARRIOTT SENIOR DISCOUNT, INCLUDES 62 YEARS AND OLDER VALID ID REQUIRED, 2 BEDROOM VILLA, 2 KING, SOFA BEDS: 2, BALCONY",Villa
14990,OUR BEST AVAILABLE RATE|2 BEDROOM VILLA HOME - 1850 SQ FT -RESORT VIEW FULL KITCHEN - LIVING ROOM - HOT TUB - GARAGE,Villa
15067,"REGULAR RATE|FLEXIBLE RATE, JUNIOR SUITE, 1 KING, SOFA BED",Junior Suite
15112,"REGULAR RATE|FLEXIBLE RATE, JUNIOR SUITE, 1 KING",Junior Suite
15135,"REGULAR RATE|FLEXIBLE RATE, JUNIOR SUITE, 1 KING",Junior Suite
15234,FLEXIBLE RATE|1 KING BED JUNIOR SUITE WITH SOFABED LIVING AREA-COMP WIFI-BED W/ADJUST FIRM DIAL,Junior Suite
15265,"REGULAR RATE|FLEXIBLE RATE, 1 BEDROOM JUNIOR SUITE, 1 KING",Junior Suite
15309,FLEXIBLE RATE|1 KING BED JUNIOR SUITE WITH SOFABED LIVING AREA-COMP WIFI-BED W/ADJUST FIRM DIAL,Junior Suite
15310,2X POINTS|1 KING BED JUNIOR SUITE WITH SOFABED LIVING AREA-COMP WIFI-BED W/ADJUST FIRM DIAL,Junior Suite
15335,"REGULAR RATE|FLEXIBLE RATE, JUNIOR SUITE, 1 KING",Junior Suite
15344,BEST AVAILABLE RATE|COURTYARD JR STE. QN BED. LV RM. COURTYARD VIEW PULLOUT SOFA 2-BATHRMS. 700 SQFT. COMP WIFI,Junior Suite
15345,JEAN GEORGES BED AND BREAKFAST|COURTYARD JR STE. QN BED. LV RM. COURTYARD VIEW PULLOUT SOFA 2-BATHRMS. 700 SQFT. COMP WIFI,Junior Suite
15346,PREFERRED PRIDE|COURTYARD JR STE. QN BED. LV RM. COURTYARD VIEW PULLOUT SOFA 2-BATHRMS. 700 SQFT. COMP WIFI,Junior Suite
15347,SUITE SLUMBER PARTY|COURTYARD JR STE. QN BED. LV RM. COURTYARD VIEW PULLOUT SOFA 2-BATHRMS. 700 SQFT. COMP WIFI,Junior Suite
15360,2X POINTS|1 KING BED JUNIOR SUITE WITH SOFABED LIVING AREA-COMP WIFI-BED W/ADJUST FIRM DIAL,Junior Suite
15365,BEST AVAILABLE RATE|SEVENTY-SEVEN JR STE. KN BD. 800 SF. VIEW 77 ST LV RM-PULLOUT SOFA. 2-BATHRMS. COMP WIFI,Junior Suite
15366,JEAN GEORGES BED AND BREAKFAST|SEVENTY-SEVEN JR STE. KN BD. 800 SF. VIEW 77 ST LV RM-PULLOUT SOFA. 2-BATHRMS. COMP WIFI,Junior Suite
15367,PREFERRED PRIDE|SEVENTY-SEVEN JR STE. KN BD. 800 SF. VIEW 77 ST LV RM-PULLOUT SOFA. 2-BATHRMS. COMP WIFI,Junior Suite
15368,SUITE SLUMBER PARTY|SEVENTY-SEVEN JR STE. KN BD. 800 SF. VIEW 77 ST LV RM-PULLOUT SOFA. 2-BATHRMS. COMP WIFI,Junior Suite
15415,"REGULAR RATE|FLEXIBLE RATE, PENTHOUSE, 1 BEDROOM JUNIOR SUITE, 1 KING, SOFA BED, GARDEN VIEW",Junior Suite
15426,BEST AVAILABLE RATE|JUNIOR SUITE KING,Junior Suite
15434,"REGULAR RATE|FLEXIBLE RATE, JUNIOR SUITE, 1 KING",Junior Suite
15458,FLEXIBLE RATE|1 KING BED JUNIOR SUITE WITH SOFABED LIVING AREA-COMP WIFI- HDTV W/HIDEF CHANNELS,Junior Suite
15499,"REGULAR RATE|FLEXIBLE RATE, 1 BEDROOM JUNIOR SUITE, 1 KING, SOFA BED",Junior Suite
15505,SEMI-FLEX|1 KING BED JUNIOR SUITE WITH SOFABED LIVING AREA-COMP WIFI-BED W/ADJUST FIRM DIAL,Junior Suite
15528,"REGULAR RATE|FLEXIBLE RATE, JUNIOR SUITE, 1 KING, SOFA BED, CORNER ROOM",Junior Suite
15531,OUR BEST AVAILABLE RATE|POOLVIEW JUNIOR SUITE APPROX 500 SQFT - BALCONY PARTIALLY SEP LIVING ROOM W PULL OUT SOFA,Junior Suite
15554,"REGULAR RATE|FLEXIBLE RATE, JUNIOR SUITE, 1 KING",Junior Suite
15558,FLEXIBLE RATE|1 KING BED JUNIOR SUITE WITH SOFABED LIVING AREA-COMP WIFI-BED W/ADJUST FIRM DIAL,Junior Suite
15559,2X POINTS|1 KING BED JUNIOR SUITE WITH SOFABED LIVING AREA-COMP WIFI-BED W/ADJUST FIRM DIAL,Junior Suite
15569,"REGULAR RATE|FLEXIBLE RATE, JUNIOR SUITE, 1 KING, SOFA BED",Junior Suite
15573,FLEXIBLE RATE|1 KING BED JUNIOR SUITE WITH SOFABED LIVING AREA-COMP WIFI-BED W/ADJUST FIRM DIAL,Junior Suite
15577,"STAY FOR BREAKFST PREM|STAY FOR BREAKFAST, INCLUDES BREAKFAST, PENTHOUSE, 1 BEDROOM JUNIOR SUITE, 1 KING, SOFA BED, GARDEN VIEW",Junior Suite
15579,"PREPAY NONREF NO CHNG|PREPAY NON-REFUNDABLE NON-CHANGEABLE, PREPAY IN FULL, SEE RATE DETAILS, JUNIOR SUITE, 1 KING",Junior Suite
15612,2X POINTS|1 KING BED JUNIOR SUITE WITH SOFABED LIVING AREA-COMP WIFI-BED W/ADJUST FIRM DIAL,Junior Suite
15616,"REGULAR RATE|FLEXIBLE RATE, 1 BEDROOM JUNIOR SUITE, 1 KING, SOFA BED",Junior Suite
15617,"REGULAR RATE|FLEXIBLE RATE, JUNIOR SUITE, 1 KING, SOFA BED",Junior Suite
15621,"REGULAR RATE|FLEXIBLE RATE, JUNIOR SUITE, 1 KING",Junior Suite
15622,FLEXIBLE RATE|1 KING BED JUNIOR SUITE WITH SOFABED LIVING AREA-COMP WIFI-BED W/ADJUST FIRM DIAL,Junior Suite
15627,FLEXIBLE RATE|1 KING BED JUNIOR SUITE WITH SOFABED LIVING AREA-COMP WIFI- HDTV W/HIDEF CHANNELS,Junior Suite
15644,2X POINTS|1 KING BED JUNIOR SUITE WITH SOFABED LIVING AREA-COMP WIFI-BED W/ADJUST FIRM DIAL,Junior Suite
15649,FLEXIBLE RATE|1 KING BED JUNIOR SUITE WITH SOFABED LIVING AREA-COMP WIFI-BED W/ADJUST FIRM DIAL,Junior Suite
15659,"REGULAR RATE|FLEXIBLE RATE, 1 BEDROOM JUNIOR SUITE, 1 KING, SOFA BED",Junior Suite
15662,"REGULAR RATE|FLEXIBLE RATE, 1 BEDROOM JUNIOR SUITE, 1 KING, SOFA BED",Junior Suite
15664,FLEXIBLE RATE|2 QUEEN BEDS JUNIOR SUITE LIVING AREA-COMP WIFI-BED W/ADJUST FIRM DIAL,Junior Suite
15668,WELLNESS PACKAGE|COURTYARD JR STE. QN BED. LV RM. COURTYARD VIEW PULLOUT SOFA 2-BATHRMS. 700 SQFT. COMP WIFI,Junior Suite
15674,WELLNESS PACKAGE|SEVENTY-SEVEN JR STE. KN BD. 800 SF. VIEW 77 ST LV RM-PULLOUT SOFA. 2-BATHRMS. COMP WIFI,Junior Suite
15689,2X POINTS|2 QUEEN BEDS JUNIOR SUITE LIVING AREA-COMP WIFI-BED W/ADJUST FIRM DIAL,Junior Suite
15691,FLEXIBLE RATE|1 KING BED JUNIOR SUITE WITH SOFABED LIVING AREA-COMP WIFI- HDTV W/HIDEF CHANNELS,Junior Suite
15695,"MRATE AVAIL BOOK WITH CONFIDEN|JUNIOR SUITE, 1 KING SIZE BED, 1 SINGLE SOFA BE D",Junior Suite
15703,2X POINTS|1 KING BED JUNIOR SUITE WITH SOFABED LIVING AREA-COMP WIFI-BED W/ADJUST FIRM DIAL,Junior Suite
15704,"REGULAR RATE|FLEXIBLE RATE, 1 BEDROOM JUNIOR SUITE, 1 KING, SOFA BED",Junior Suite
15712,2X POINTS|1 KING BED JUNIOR SUITE WITH SOFABED LIVING AREA-COMP WIFI- HDTV W/HIDEF CHANNELS,Junior Suite
15724,"REGULAR RATE|FLEXIBLE RATE, JUNIOR SUITE, 2 QUEEN, SOFA BED",Junior Suite
15734,2X POINTS|1 KING BED JUNIOR SUITE WITH SOFABED LIVING AREA-COMP WIFI- HDTV W/HIDEF CHANNELS,Junior Suite
15744,"REGULAR RATE|FLEXIBLE RATE, JUNIOR SUITE, 1 KING, SOFA BED",Junior Suite
15758,"REGULAR RATE|FLEXIBLE RATE, 1 BEDROOM JUNIOR SUITE, 2 QUEEN, SOFA BED",Junior Suite
15759,"REGULAR RATE|FLEXIBLE RATE, JUNIOR SUITE, 1 KING, SOFA BED",Junior Suite
15761,"REGULAR RATE|FLEXIBLE RATE, 1 BEDROOM JUNIOR SUITE, 1 KING, SOFA BED",Junior Suite
15768,"REGULAR RATE|FLEXIBLE RATE, JUNIOR SUITE, 1 BEDROOM JUNIOR SUITE, 1 KING, SOFA BED",Junior Suite
15792,BREAKFAST PACKAGE|LOFT JUNIOR SUITE-KING BED-48SQM-WIFI- WALK-IN SHOWER AND BATH.,Junior Suite
15796,"REGULAR RATE|FLEXIBLE RATE, 1 BEDROOM JUNIOR SUITE, 2 QUEEN, SOFA BED",Junior Suite
15806,SEMI-FLEX|1 KING BED JUNIOR SUITE WITH SOFABED LIVING AREA-COMP WIFI-BED W/ADJUST FIRM DIAL,Junior Suite
15823,FLEXIBLE RATE|1 KING BED JUNIOR SUITE COMP WIFI- BED WITH ADJUSTABLE FIRMNESS DIAL,Junior Suite
15826,FLEXIBLE RATE|1 KING BED JUNIOR SUITE COMP WIFI- BED WITH ADJUSTABLE FIRMNESS DIAL,Junior Suite
15831,"REGULAR RATE|FLEXIBLE RATE, 1 BEDROOM JUNIOR SUITE, 1 KING, SOFA BED",Junior Suite
15837,"STAY PASS|WORK ANYWHERE STAY PASS, SEE RATE DETAILS, JUNIOR SUITE, 1 KING",Junior Suite
15841,"REGULAR RATE|FLEXIBLE RATE, JUNIOR SUITE, 1 KING, SOFA BED",Junior Suite
15857,FLEXIBLE RATE|1 KING BED JUNIOR SUITE WITH SOFABED LIVING AREA-COMP WIFI-BED W/ADJUST FIRM DIAL,Junior Suite
15860,2X POINTS|1 KING BED JUNIOR SUITE COMP WIFI- BED WITH ADJUSTABLE FIRMNESS DIAL,Junior Suite
15864,"REGULAR RATE|FLEXIBLE RATE, JUNIOR SUITE, 1 KING, SOFA BED",Junior Suite
15869,FLEXIBLE RATE|1 KING BED JUNIOR SUITE WITH SOFABED LIVING AREA-COMP WIFI-BED W/ADJUST FIRM DIAL,Junior Suite
15872,FLEXIBLE RATE|1 KING BED JUNIOR SUITE WITH SOFABED LIVING AREA-COMP WIFI- HDTV W/HIDEF CHANNELS,Junior Suite
15875,BEST AVAILABLE RATE|JUNIOR SUITE WITH SOFABED,Junior Suite
15889,"PREPAY NONREF NO CHNG|PREPAY NON-REFUNDABLE NON-CHANGEABLE, PREPAY IN FULL, SEE RATE DETAILS, JUNIOR SUITE, 1 KING, SOFA BED",Junior Suite
15951,FLEXIBLE RATE|1 KING JR STE HEARING ACCESSIBLE VIS FIREALRM/DOOR/PHN ALRT,Junior Suite
15965,FLEXIBLE RATE|1 KING BED JUNIOR SUITE WITH SOFABED LIVING AREA-COMP WIFI- HDTV W/HIDEF CHANNELS,Junior Suite
15969,2X POINTS|1 KING BED JUNIOR SUITE WITH SOFABED LIVING AREA-COMP WIFI- HDTV W/HIDEF CHANNELS,Junior Suite
15977,FLEXIBLE RATE|1 KING BED JUNIOR SUITE COMP WIFI- BED WITH ADJUSTABLE FIRMNESS DIAL,Junior Suite
15984,"REGULAR RATE|FLEXIBLE RATE, JUNIOR SUITE, 1 KING",Junior Suite
16102,FLEXIBLE RATE|KING JR SUITE EXECUTIVE 44SQM/474SQ.FT,Executive/Club Room
16105,FLEXIBLE RATE|TWIN JR SUITE EXECUTIVE 44SQM/474SQ.FT,Executive/Club Room
16263,"REGULAR RATE|FLEXIBLE RATE, EXECUTIVE, LARGER GUEST ROOM, 1 KING",Executive/Club Room
16271,"REGULAR RATE|FLEXIBLE RATE, EXECUTIVE DELUXE ROOM, CLUB LOUNGE ACCESS, GUEST ROOM, 1 KING",Executive/Club Room
16489,AMATARA BEST FLEXIBLE RATE|BAY VIEW POOL VILLA KING 150SQM TERRACE PRIVATE POOL LIVING ROOM EXECUTIVE CLUB BEST FLEXIBLE RATE INCLUDE BREAKFAST FREE WIFI,Executive/Club Room
16490,EXCLUSIVE DIRECT OFFER|BAY VIEW POOL VILLA KING 150SQM TERRACE PRIVATE POOL LIVING ROOM EXECUTIVE CLUB EXCLUSIVE DIRECT OFFER INCLUDE BREAKFAST NON REFUNDABLE,Executive/Club Room
16491,NON-REFUNDABLE WITH BREAKFAST|BAY VIEW POOL VILLA KING 150SQM TERRACE PRIVATE POOL LIVING ROOM EXECUTIVE CLUB NON REFUND WITH ABF,Executive/Club Room
16492,EXCLUSIVE DIRECT OFFER|OCEAN VIEW POOL VILLA KING 150SQMPOOL  TERRACE ROOM EXECUTIVE CLUB EXCLUSIVE DIRECT OFFER INCLUDE BREAKFAST NON REFUNDABLE,Executive/Club Room
16493,AMATARA BEST FLEXIBLE RATE|OCEAN VIEW POOL VILLA KING 150SQMPOOL  TERRACE ROOM EXECUTIVE CLUB BEST FLEXIBLE RATE INCLUDE BREAKFAST FREE WIFI,Executive/Club Room
16494,NON-REFUNDABLE WITH BREAKFAST|OCEAN VIEW POOL VILLA KING 150SQMPOOL  TERRACE ROOM EXECUTIVE CLUB NON REFUND WITH ABF,Executive/Club Room
16495,"REGULAR RATE|FLEXIBLE RATE, EXECUTIVE KING, LARGER GUEST ROOM, 1 KING",Executive/Club Room
16690,BEST FLEXIBLE RATE|1 KING BED EXECUTIVE SUITE NONSMOKING TREAT YOURSELF BY STAYING IN OUR SPACIOUS SUITES USE FREE WIFI ACCESS TO STAY,Executive/Club Room
16691,"REGULAR RATE|FLEXIBLE RATE, EXECUTIVE ROOM, LARGER GUEST ROOM, 1 KING",Executive/Club Room
16766,"REGULAR RATE|FLEXIBLE RATE, EXECUTIVE ROOM, LARGER GUEST ROOM, 1 KING",Executive/Club Room
16820,"REGULAR RATE|FLEXIBLE RATE, EXECUTIVE KING, LARGER GUEST ROOM, 1 KING",Executive/Club Room
16913,MRATE AVAIL BOOK WITH CONFIDEN|EXECUTIVE ROOM WITH QUEEN BED,Executive/Club Room
16924,FLEXIBLE RATE - BB-BB/BED BRKF|EXECUTIVE ROOM WITH 2 DOUBLE BEDS,Executive/Club Room
16940,"REGULAR RATE|FLEXIBLE RATE, EXECUTIVE, LARGER GUEST ROOM, 1 KING",Executive/Club Room
16973,"REGULAR RATE|FLEXIBLE RATE, EXECUTIVE ROOM, M CLUB LOUNGE ACCESS, GUEST ROOM, 1 KING",Executive/Club Room
17034,MRATE AVAIL BOOK WITH CONFIDEN|CLASSIC ROOM WITH 1 DOUBLE BED,Classic Room
17036,MRATE AVAIL BOOK WITH CONFIDEN|CLASSIC ROOM WITH 2 SINGLE BEDS,Classic Room
17073,MRATE AVAIL FLEXIBLE RATE|CLASSIC ROOM WITH 1 DOUBLE BED,Classic Room
17077,MRATE AVAIL BOOK WITH CONFIDEN|CLASSIC ROOM WITH 2 SINGLE BEDS,Classic Room
17106,MRATE AVAIL FLEXIBLE RATE|CLASSIC ROOM WITH 2 SINGLE BEDS,Classic Room
17158,MRATE AVAIL BOOK WITH CONFIDEN|CLASSIC ROOM WITH 1 DOUBLE BED,Classic Room
17187,MRATE AVAIL BOOK WITH CONFIDEN|CLASSIC ROOM WITH 1 SINGLE BED,Classic Room
17197,MRATE AVAIL BOOK WITH CONFIDEN|CLASSIC ROOM WITH 2 SINGLE BEDS,Classic Room
17221,MRATE AVAIL FLEXIBLE RATE|CLASSIC ROOM WITH 2 SINGLE BEDS,Classic Room
17263,MRATE AVAIL FLEXIBLE RATE|CLASSIC ROOM WITH 1 DOUBLE BED,Classic Room
17264,MRATE AVAIL FLEXIBLE RATE - BB|CLASSIC ROOM WITH 1 DOUBLE BED,Classic Room
17294,"REGULAR RATE|FLEXIBLE RATE, CLASSIC ROOM, GUEST ROOM, 1 KING",Classic Room
17295,MRATE AVAIL FLEXIBLE RATE|CLASSIC ROOM WITH 1 DOUBLE BED,Classic Room
17298,MRATE AVAIL FLEXIBLE RATE - BB|CLASSIC ROOM WITH 2 SINGLE BEDS,Classic Room
17327,MRATE AVAIL BOOK WITH CONFIDEN|CLASSIC ROOM WITH 1 DOUBLE BED,Classic Room
17353,MRATE AVAIL BOOK WITH CONFIDEN|CLASSIC ROOM WITH 1 DOUBLE BED,Classic Room
17356,"REGULAR RATE|FLEXIBLE RATE, CLASSIC, GUEST ROOM, 2 QUEEN",Classic Room
17369,MRATE AVAIL BOOK WITH CONFIDEN|CLASSIC ROOM WITH 1 DOUBLE BED AND 1 SINGLE SOF A BED,Classic Room
17380,MRATE AVAIL BOOK WITH CONFIDEN|CLASSIC QUEEN,Classic Room
17381,MRATE AVAIL BOOK WITH CONFIDEN|CLASSIC KING,Classic Room
17385,"REGULAR RATE|FLEXIBLE RATE, CLASSIC, GUEST ROOM, 1 KING",Classic Room
17386,"REGULAR RATE|FLEXIBLE RATE, CLASSIC, GUEST ROOM, 2 QUEEN",Classic Room
17407,"REGULAR RATE|FLEXIBLE RATE, CLASSIC DOUBLE, GUEST ROOM, 2 DOUBLE",Classic Room
17424,MRATE AVAIL BOOK WITH CONFIDEN|CLASSIC ROOM WITH 1 DOUBLE BED,Classic Room
17436,MRATE AVAIL FLEXIBLE RATE - BB|CLASSIC ROOM WITH 1 DOUBLE BED,Classic Room
17446,MRATE AVAIL BOOK WITH CONFIDEN|CLASSIC ROOM WITH TWIN BEDS,Classic Room
17449,MRATE AVAIL BOOK WITH CONFIDEN|CLASSIC ROOM WITH 1 DOUBLE BED,Classic Room
17493,"REGULAR RATE|FLEXIBLE RATE, CLASSIC KING, GUEST ROOM, 1 KING",Classic Room
17494,"REGULAR RATE|FLEXIBLE RATE, CLASSIC DOUBLE, GUEST ROOM, 2 DOUBLE",Classic Room
17500,MRATE AVAIL BOOK WITH CONFIDEN|CLASSIC ROOM WITH 1 DOUBLE BED AND 1 SINGLE SOF A BED,Classic Room
17516,BEST AVAILABLE RATE|CLASSIC TWIN BEDDED ROOM,Classic Room
17517,BEST AVAILABLE RATE|CLASSIC TWIN BEDDED ROOM,Classic Room
17519,MRATE AVAIL FLEXIBLE RATE|CLASSIC ROOM WITH 1 SINGLE BED,Classic Room
17548,MRATE AVAIL FLEXIBLE RATE - BB|CLASSIC KING,Classic Room
17550,MRATE AVAIL FLEXIBLE RATE|CLASSIC KING,Classic Room
17560,MRATE AVAIL BOOK WITH CONFIDEN|CLASSIC ROOM - 1 DOUBLE BED AND 1 DOUBLE SOFA B ED,Classic Room
17563,MRATE AVAIL BOOK WITH CONFIDEN|CLASSIC ROOM - 1 DOUBLE BED AND 1 SINGLE SOFA B ED,Classic Room
17565,MRATE AVAIL FLEXIBLE RATE|CLASSIC ROOM WITH 1 DOUBLE BED AND 1 SINGLE SOF A BED,Classic Room
17581,MRATE AVAIL FLEXIBLE RATE|CLASSIC TWIN,Classic Room
17582,MRATE AVAIL FLEXIBLE RATE - BB|CLASSIC TWIN,Classic Room
17589,MRATE AVAIL BOOK WITH CONFIDEN|CLASSIC ROOM - 1 DOUBLE BED,Classic Room
17590,"REGULAR RATE|FLEXIBLE RATE, CLASSIC, GUEST ROOM, 1 KING",Classic Room
17596,MRATE AVAIL BOOK WITH CONFIDEN|CLASSIC ROOM WITH TWIN BEDS,Classic Room
17602,MRATE AVAIL FLEXIBLE RATE|CLASSIC ROOM WITH 2 SINGLE BEDS,Classic Room
17603,"REGULAR RATE|FLEXIBLE RATE, CLASSIC, GUEST ROOM, 2 QUEEN",Classic Room
17604,MRATE AVAIL BOOK WITH CONFIDEN|CLASSIC QUEEN,Classic Room
17610,MRATE AVAIL BOOK WITH CONFIDEN|CLASSIC ROOM - TWIN BEDS,Classic Room
17613,MRATE AVAIL FLEXIBLE RATE|CLASSIC ROOM WITH 1 DOUBLE BED,Classic Room
17614,MRATE AVAIL BOOK WITH CONFIDEN|CLASSIC ROOM WITH 1 DOUBLE BED,Classic Room
17617,MRATE AVAIL FLEXIBLE RATE - BB|CLASSIC ROOM WITH 1 SINGLE BED,Classic Room
17622,"MRATE AVAIL BOOK WITH CONFIDEN|CLASSIC ROOM, 2 SINGLE SIZE BEDS",Classic Room
17633,MRATE AVAIL BOOK WITH CONFIDEN|CLASSIC ROOM WITH 1 DOUBLE BED,Classic Room
17634,MRATE AVAIL FLEXIBLE RATE - BB|CLASSIC ROOM WITH 2 SINGLE BEDS,Classic Room
17637,BEST AVAILABLE RATE|CLASSIC KING ROOM,Classic Room
17641,"REGULAR RATE|FLEXIBLE RATE, CLASSIC KING, GUEST ROOM, 1 KING",Classic Room
17654,MRATE AVAIL BOOK WITH CONFIDEN|CLASSIC ROOM WITH 1 DOUBLE BED AND 1 SINGLE SOF A BED,Classic Room
17660,"REGULAR RATE|FLEXIBLE RATE, CLASSIC, GUEST ROOM, 1 KING",Classic Room
17679,MRATE AVAIL BOOK WITH CONFIDEN|CLASSIC ROOM WITH TWIN BEDS,Classic Room
17689,MRATE AVAIL BOOK WITH CONFIDEN|CLASSIC DOUBLE OR TWIN ROOM,Classic Room
17696,PREPAID NOT REF. ROOM ONLY|BUSINESS DOUBLE ROOM-CLASSIC STYLE-19SQM- PARQUET OR HYPOALLERGENIC CARPET-WIFI-MINIBAR,Classic Room
17697,BEST AVAILABLE RATE|BUSINESS DOUBLE ROOM-CLASSIC STYLE-19SQM- PARQUET OR HYPOALLERGENIC CARPET-WIFI-MINIBAR,Classic Room
17700,MRATE AVAIL FLEXIBLE RATE - BB|CLASSIC ROOM WITH 1 DOUBLE BED AND 1 SINGLE SOF A BED,Classic Room
17716,MRATE AVAIL BOOK WITH CONFIDEN|CLASSIC ROOM WITH 1 SINGLE BED,Classic Room
17738,MRATE AVAIL FLEXIBLE RATE - BB|CLASSIC ROOM WITH 1 DOUBLE BED,Classic Room
17739,MRATE AVAIL FLEXIBLE RATE|CLASSIC ROOM WITH 1 DOUBLE BED,Classic Room
17748,"REGULAR RATE|FLEXIBLE RATE, CLASSIC KING, GUEST ROOM, 1 KING",Classic Room
17767,"PREPAY NONREF NO CHNG|PREPAY NON-REFUNDABLE NON-CHANGEABLE, PREPAY IN FULL, SEE RATE DETAILS, CLASSIC DOUBLE, GUEST ROOM, 2 DOUBLE",Classic Room
17801,MRATE AVAIL BOOK WITH CONFIDEN|CLASSIC ROOM WITH 2 SINGLE BEDS,Classic Room
17824,MRATE AVAIL BOOK WITH CONFIDEN|CLASSIC ROOM - TWIN BEDS,Classic Room
17825,MRATE AVAIL BOOK WITH CONFIDEN|CLASSIC ROOM - 1 DOUBLE BED,Classic Room
17845,MRATE AVAIL FLEXIBLE RATE - BB|CLASSIC ROOM WITH 1 DOUBLE BED,Classic Room
17846,MRATE AVAIL FLEXIBLE RATE|CLASSIC ROOM WITH 1 DOUBLE BED,Classic Room
17848,MRATE AVAIL BOOK WITH CONFIDEN|CLASSIC ROOM WITH 1 DOUBLE BED AND 1 DOUBLE SOF A BED,Classic Room
17851,"MARRIOTT SENIOR DISC.|MARRIOTT SENIOR DISCOUNT, INCLUDES 62 YEARS AND OLDER VALID ID REQUIRED, CLASSIC, GUEST ROOM, 2 QUEEN",Classic Room
17856,"REGULAR RATE|FLEXIBLE RATE, CLASSIC DOUBLE, GUEST ROOM, 2 DOUBLE",Classic Room
17877,MRATE AVAIL FLEXIBLE RATE|CLASSIC ROOM WITH TWIN BEDS,Classic Room
17880,MRATE AVAIL FLEXIBLE RATE - BB|CLASSIC ROOM WITH TWIN BEDS,Classic Room
17884,MRATE AVAIL FLEXIBLE RATE - BB|CLASSIC ROOM WITH 1 DOUBLE BED,Classic Room
17885,MRATE AVAIL FLEXIBLE RATE|CLASSIC ROOM WITH 1 DOUBLE BED,Classic Room
17886,MRATE AVAIL FLEXIBLE RATE - BB|CLASSIC ROOM WITH 1 DOUBLE BED,Classic Room
17903,BEST FLEXIBLE ROOM ONLY|CLASSIC ROOM- KING BED AND EN-SUITE BATHROOM FREE WIFI-FLAT SCREEN TV-KETTLE-DESK,Classic Room
17904,BEST FLEXIBLE BB|CLASSIC ROOM- KING BED AND EN-SUITE BATHROOM FREE WIFI-FLAT SCREEN TV-KETTLE-DESK,Classic Room
17906,MRATE AVAIL FLEXIBLE RATE|CLASSIC KING,Classic Room
17908,MRATE AVAIL FLEXIBLE RATE - BB|CLASSIC KING,Classic Room
17909,FLEXIBLE DINNER AND BREAKFAST|CLASSIC ROOM- KING BED AND EN-SUITE BATHROOM FREE WIFI-FLAT SCREEN TV-KETTLE-DESK,Classic Room
17919,MRATE AVAIL FLEXIBLE RATE|CLASSIC ROOM WITH TWIN BEDS,Classic Room
17920,MRATE AVAIL FLEXIBLE RATE - BB|CLASSIC ROOM WITH TWIN BEDS,Classic Room
17930,CORPORATE PREFERRED|CLASSIC ROOM- KING BED AND EN-SUITE BATHROOM FREE WIFI-FLAT SCREEN TV-KETTLE-DESK,Classic Room
17933,"MRATE AVAIL BOOK WITH CONFIDEN|CLASSIC ROOM, 1 QUEEN SIZE BED",Classic Room
17958,"MRATE AVAIL FLEXIBLE RATE|CLASSIC ROOM, 2 SINGLE SIZE BEDS",Classic Room
17981,MRATE AVAIL BOOK WITH CONFIDEN|CLASSIC ROOM WITH 1 DOUBLE BED,Classic Room
17989,MRATE AVAIL BOOK WITH CONFIDEN|CLASSIC ROOM WITH TWIN BEDS,Classic Room
17998,"REGULAR RATE|FLEXIBLE RATE, CLASSIC, GUEST ROOM, 2 QUEEN",Classic Room
18246,RACK|COMFORT ROOM WITH DOUBLE BED,Comfort Room
18280,"REGULAR RATE|FLEXIBLE RATE, COMFORT ROOM, GUEST ROOM, 1 KING",Comfort Room
18329,"MARRIOTT SENIOR DISC.|MARRIOTT SENIOR DISCOUNT, INCLUDES 62 YEARS AND OLDER VALID ID REQUIRED, COMFORT ROOM, GUEST ROOM, 1 KING",Comfort Room
18331,"FLEXIBLE BED - BREAKFAST RATE*|1 QUEEN BED,NONSMOKING,COMFORT ROOM",Comfort Room
18365,"ADV PURCHASE B B*FULLPAY*NO CA|1 QUEEN BED,NONSMOKING,COMFORT ROOM",Comfort Room
18417,MRATE AVAIL BOOK WITH CONFIDEN|COMFORT ROOM WITH DOUBLE BED,Comfort Room
18420,WORLD RAINBOW HOTELS BAR RATE|COMFORT ROOM/TWIN OR KING BED/23SQM/FREE WIFI/WORK DESK/AC/SAFE/CABLE TV/CANAL,Comfort Room
18422,BEST AVAILABLE RATE|COMFORT ROOM/TWIN OR KING BED/23SQM/FREE WIFI/WORK DESK/AC/SAFE/CABLE TV/CANAL,Comfort Room
18425,BED AND BREAKFAST|COMFORT ROOM/TWIN OR KING BED/23SQM/FREE WIFI/WORK DESK/AC/SAFE/CABLE TV/CANAL,Comfort Room
18437,"REGULAR RATE|FLEXIBLE RATE, COMFORT ROOM, GUEST ROOM, 1 KING, GARDEN VIEW, CORNER ROOM, POOL",Comfort Room
18455,MRATE AVAIL BOOK WITH CONFIDEN|COMFORT ROOM WITH DOUBLE BED,Comfort Room
18465,"FLEXIBLE BED - BREAKFAST RATE*|1 DOUBLE BED,COMFORT ROOM",Comfort Room
18469,"REGULAR RATE|FLEXIBLE RATE, COMFORT ROOM, GUEST ROOM, 1 TWIN/SINGLE BED-S-",Comfort Room
18470,"FLEXIBLE RATE*BEST LEAST RESTR|1 DOUBLE BED,COMFORT ROOM",Comfort Room
18477,"STAY FOR BREAKFAST|STAY FOR BREAKFAST RATE, INCLUDES BREAKFAST, WIFI, COMFORT ROOM, GUEST ROOM, 1 KING, GARDEN VIEW, CORNER ROOM, POOL",Comfort Room
18481,"MARRIOTT SENIOR DISC.|MARRIOTT SENIOR DISCOUNT, INCLUDES 62 YEARS AND OLDER VALID ID REQUIRED, COMFORT ROOM, GUEST ROOM, 1 KING, GARDEN VIEW, CORNE",Comfort Room
18498,"FLEXIBLE RATE*BEST LEAST RESTR|1 QUEEN BED,COMFORT ROOM",Comfort Room
18499,"FLEXIBLE RATE*BEST LEAST RESTR|2 SINGLE BEDS,COMFORT ROOM",Comfort Room
18501,"AAA CAA RATE|1 DOUBLE BED,COMFORT ROOM MUST SHOW AAA ID AT CHECK IN",Comfort Room
18502,"SAVER RATE*ADV PUR*MIN 48HR CX|1 DOUBLE BED,COMFORT ROOM",Comfort Room
18524,"MARRIOTT SENIOR DISC.|MARRIOTT SENIOR DISCOUNT, INCLUDES 62 YEARS AND OLDER VALID ID REQUIRED, COMFORT ROOM, GUEST ROOM, 1 TWIN/SINGLE BED-S-",Comfort Room
18525,"STAY FOR BREAKFAST|STAY FOR BREAKFAST RATE, INCLUDES BREAKFAST, WIFI, COMFORT ROOM, GUEST ROOM, 1 TWIN/SINGLE BED-S-",Comfort Room
18537,"CWT BUSINESS RATE|1 DOUBLE BED,COMFORT ROOM",Comfort Room
18543,"ACCENTURE|1 DOUBLE BED,COMFORT ROOM",Comfort Room
18544,MRATE AVAIL BOOK WITH CONFIDEN|COMFORT ROOM WITH DOUBLE BED,Comfort Room
18554,"FLEXIBLE RATE*BEST LEAST RESTR|2 SINGLE BEDS,COMFORT ROOM",Comfort Room
18555,"FLEXIBLE BED - BREAKFAST RATE*|2 SINGLE BEDS,COMFORT ROOM",Comfort Room
18557,DORINT CORPORATE RATE - RO -|COMFORT ROOM KING O QUEEN SIZE BED*29-35 SQM,Comfort Room
18575,"HOT DEAL*3 DAY ADV BKG*NO CNCL|1 QUEEN BED,NONSMOKING,COMFORT ROOM",Comfort Room
18578,"AAA CAA RATE|2 SINGLE BEDS,COMFORT ROOM MUST SHOW AAA ID AT CHECK IN",Comfort Room
18583,"FLEXIBLE BED - BREAKFAST RATE*|2 SINGLE BEDS,COMFORT ROOM",Comfort Room
18585,"FLEXIBLE BED - BREAKFAST RATE*|1 QUEEN BED,COMFORT ROOM",Comfort Room
18588,"REGULAR RATE|FLEXIBLE RATE, COMFORT ROOM, GUEST ROOM, 1 TWIN/SINGLE BED-S-",Comfort Room
18603,"FLEXIBLE RATE*BEST LEAST RESTR|1 QUEEN BED,COMFORT ROOM",Comfort Room
18606,"FLEXIBLE BED - BREAKFAST RATE*|1 QUEEN BED,COMFORT ROOM",Comfort Room
18618,"MARRIOTT SENIOR DISC.|MARRIOTT SENIOR DISCOUNT, INCLUDES 62 YEARS AND OLDER VALID ID REQUIRED, COMFORT ROOM, GUEST ROOM, 1 TWIN/SINGLE BED-S-",Comfort Room
18619,"STAY FOR BREAKFAST|STAY FOR BREAKFAST RATE, INCLUDES BREAKFAST, WIFI, COMFORT ROOM, GUEST ROOM, 1 TWIN/SINGLE BED-S-",Comfort Room
18622,MRATE AVAIL FLEXIBLE RATE|COMFORT ROOM WITH DOUBLE BED,Comfort Room
18624,MRATE AVAIL FLEXIBLE RATE - BB|COMFORT ROOM WITH DOUBLE BED,Comfort Room
18632,"AAA CAA RATE|1 QUEEN BED,COMFORT ROOM MUST SHOW AAA ID AT CHECK IN",Comfort Room
18643,"ACCENTURE|2 SINGLE BEDS,COMFORT ROOM",Comfort Room
18654,MRATE AVAIL FLEXIBLE RATE|COMFORT ROOM WITH DOUBLE BED,Comfort Room
18666,MRATE AVAIL FLEXIBLE RATE - BB|COMFORT ROOM WITH DOUBLE BED,Comfort Room
18671,"ACCENTURE|1 QUEEN BED,COMFORT ROOM",Comfort Room
18672,"FLEXIBLE BED - BREAKFAST RATE*|1 QUEEN BED,COMFORT ROOM",Comfort Room
18679,"FLEXIBLE RATE*BEST LEAST RESTR|1 QUEEN BED,COMFORT ROOM",Comfort Room
18688,"FLEXIBLE BED - BREAKFAST RATE*|1 QUEEN BED,NONSMOKING,COMFORT ROOM",Comfort Room
18689,FLEXIBLE HALF BOARD-HB/HALFBOA|COMFORT ROOM WITH DOUBLE BED,Comfort Room
18698,"FLEXIBLE RATE*BEST LEAST RESTR|1 QUEEN BED,NONSMOKING,COMFORT ROOM",Comfort Room
18707,"FLEXIBLE RATE*BEST LEAST RESTR|1 QUEEN BED,NONSMOKING,COMFORT ROOM",Comfort Room
18714,"BEST AVAILABLE RATE FLEXIBLE|2 TWIN BEDS, COMFORT ROOM, NON-SMOKING, WIFI, AIR CONDITIONING",Comfort Room
18720,"FLEXIBLE BED - BREAKFAST RATE*|1 SINGLE BED,COMFORT ROOM",Comfort Room
18723,MRATE AVAIL FLEXIBLE RATE|COMFORT ROOM WITH DOUBLE BED,Comfort Room
18727,MRATE AVAIL FLEXIBLE RATE - BB|COMFORT ROOM WITH DOUBLE BED,Comfort Room
18729,"MEMBER RETAIL RATE|MEMBER RATE FLEXIBLE, COMFORT ROOM, GUEST ROOM, 1 KING",Comfort Room
18732,FLEXIBLE HALF BOARD-HB/HALFBOA|COMFORT ROOM WITH DOUBLE BED,Comfort Room
18740,"BEST AVAILABLE RATE FLEXIBLE|1 KING BED, COMFORT ROOM, NON-SMOKING, WIFI, AIR CONDITIONING",Comfort Room
18744,"FLEXIBLE BED - BREAKFAST RATE*|1 QUEEN BED,COMFORT ROOM",Comfort Room
18778,MRATE AVAIL FLEXIBLE RATE|COMFORT ROOM WITH TWIN BEDS,Comfort Room
18784,"BEST AVAILABLE RATE WITH BREAK|2 TWIN BEDS, COMFORT ROOM, NON-SMOKING, WIFI, AIR CONDITIONING",Comfort Room
18794,"BEST AVAILABLE RATE WITH BREAK|1 QUEEN BED, COMFORT ROOM, NON-SMOKING, WIFI, AIR CONDITIONING",Comfort Room
18798,"BEST AVAILABLE RATE WITH BREAK|1 KING BED, COMFORT ROOM, NON-SMOKING, WIFI, AIR CONDITIONING",Comfort Room
18805,"HOT DEAL*3 DAY ADV BKG*NO CNCL|1 QUEEN BED,COMFORT ROOM",Comfort Room
18808,"FLEXIBLE RATE*BEST LEAST RESTR|1 SINGLE BED,COMFORT ROOM",Comfort Room
18810,"ADV PURCHASE B B*FULLPAY*NO CA|2 SINGLE BEDS,COMFORT ROOM",Comfort Room
18811,"ADV PURCHASE B B*FULLPAY*NO CA|1 QUEEN BED,COMFORT ROOM",Comfort Room
18812,"ADV PURCHASE B B*FULLPAY*NO CA|1 QUEEN BED,COMFORT ROOM",Comfort Room
18825,"FLEXIBLE RATE*BEST LEAST RESTR|1 QUEEN BED,COMFORT ROOM",Comfort Room
18828,"HOT DEAL*3 DAY ADV BKG*NO CNCL|1 QUEEN BED,NONSMOKING,COMFORT ROOM",Comfort Room
18837,"FLEXIBLE BED - BREAKFAST RATE*|1 QUEEN BED,NSMK,COMFORT ROOM",Comfort Room
18844,"FLEXIBLE RATE*BEST LEAST RESTR|1 QUEEN BED,NSMK,COMFORT ROOM",Comfort Room
18848,"HOT DEAL*3 DAY ADV BKG*NO CNCL|1 QUEEN BED,COMFORT ROOM",Comfort Room
18851,"FLEXIBLE BED - BREAKFAST RATE*|2 SINGLE BEDS,COMFORT ROOM",Comfort Room
18858,REGULAR RATE - RO -|COMFORT ROOM,Comfort Room
18862,"ACCENTURE|1 QUEEN BED,COMFORT ROOM",Comfort Room
18863,"REGULAR RATE|FLEXIBLE RATE, COMFORT ROOM, GUEST ROOM, 2 DOUBLE",Comfort Room
18869,"FLEXIBLE BED - BREAKFAST RATE*|2 SINGLE BEDS,COMFORT ROOM",Comfort Room
18876,"CWT BUSINESS RATE|1 QUEEN BED,COMFORT ROOM",Comfort Room
18880,"HOT DEAL*3 DAY ADV BKG*NO CNCL|2 SINGLE BEDS,COMFORT ROOM",Comfort Room
18887,REGULAR RATE - BB -|COMFORT ROOM,Comfort Room
18888,"REGULAR RATE|FLEXIBLE RATE, COMFORT ROOM, GUEST ROOM, 1 KING",Comfort Room
18893,"ADV PURCHASE B B*FULLPAY*NO CA|2 SINGLE BEDS,COMFORT ROOM",Comfort Room
18898,"FLEXIBLE RATE*BEST LEAST RESTR|2 SINGLE BEDS,COMFORT ROOM",Comfort Room
18900,"AAA CAA RATE|1 SINGLE BED,COMFORT ROOM MUST SHOW AAA ID AT CHECK IN",Comfort Room
18906,"AAA CAA RATE|1 QUEEN BED,COMFORT ROOM MUST SHOW AAA ID AT CHECK IN",Comfort Room
18919,"AAA CAA RATE|2 SINGLE BEDS,COMFORT ROOM MUST SHOW AAA ID AT CHECK IN",Comfort Room
18932,"HOT DEAL*3 DAY ADV BKG*NO CNCL|1 SINGLE BED,COMFORT ROOM",Comfort Room
18933,BEST AVAIL RATE|COMFORT ROOM-2 TWIN BEDS-19SQM-AC-FREE WIFI-INCL 1BTL WATER-TEA COFFEE STATION,Comfort Room
18939,BEST AVAILABLE RATE EXCL BFST|COMFORT ROOM * DOUBLE BED * WIFI,Comfort Room
18942,"ADV PURCHASE B B*FULLPAY*NO CA|1 SINGLE BED,COMFORT ROOM",Comfort Room
18952,BEST AVAILABLE RATE|COMFORT ROOM * DOUBLE BED * WIFI,Comfort Room
18953,"BOOK AND STAY|COMFORT ROOM 1 KING BED, 23SQM, FREE WIFI, MINIBAR, TV AND BATHROOM WITH SHOWER",Comfort Room
18963,"BUSINESS NIGHT AND DINNER|1 QUEEN BED,NONSMOKING,COMFORT ROOM",Comfort Room
18965,BEST AVAIL RATE|COMFORT ROOM-1 SINGLE BED-19SQM-AC-FREE WIFI-INCL 1BTL WATER-TEA COFFEE STATION,Comfort Room
18974,BEST AVAILABLE RATE INC. WIFI|COMFORT ROOM-1 SINGLE BED-IPAD-WIFI-15SQM-CLARINS AMENITIES- WORKING DESK,Comfort Room
18976,"FLEXIBLE BED - BREAKFAST RATE*|1 QUEEN BED,COMFORT ROOM",Comfort Room
18978,MRATE AVAIL BOOK WITH CONFIDEN|COMFORT ROOM WITH 1 DOUBLE BED,Comfort Room
18982,100 PCT DEPOSIT INCL BREAKFAST|COMFORT ROOM TWIN OR KING 30 SQM FREE WIFI AC LUXURY BED RAIN SHOWER NON REF INCL BKFST FREE WIFI,Comfort Room
18986,BAR|COMFORT ROOM AC MINIBAR BATHUBE 1 KING OR 2 TWN BEDS,Comfort Room
18995,100 PCT DEPOSIT EXCL BREAKFAST|COMFORT ROOM TWIN OR KING 30 SQM FREE WIFI AC LUXURY BED RAIN SHOWER NON REF EXCL BKFST FREE WIFI,Comfort Room
19021,"REGULAR RATE|FLEXIBLE RATE, DELUXE KING-KING ROOM, LARGER GUEST ROOM, 2 KING",Deluxe Room
19023,"REGULAR RATE|FLEXIBLE RATE, DELUXE KING, GUEST ROOM, 1 KING",Deluxe Room
19089,"REGULAR RATE|FLEXIBLE RATE, DELUXE DOUBLE-DOUBLE ROOM, GUEST ROOM, 2 DOUBLE",Deluxe Room
19106,"REGULAR RATE|FLEXIBLE RATE, DELUXE ROOM, GUEST ROOM, 1 KING",Deluxe Room
19107,"REGULAR RATE|FLEXIBLE RATE, DELUXE GUEST ROOM, 1 KING",Deluxe Room
19142,ROOM RATE|DELUXE 1 BEDROOM SUITE 1K HARBOUR VW. 37-41 FL. 7 DAY CXL 1 NT DEPOSIT,Deluxe Room
19150,WELLNESS RETREAT|DELUXE 1 BEDROOM SUITE 1K HARBOUR VW. 37-41 FL. 7 DAY CXL 1 NT DEPOSIT,Deluxe Room
19163,SUMMER ESCAPADE - 25PCT OFF|DELUXE 1 BEDROOM SUITE 1K HARBOUR VW. 37-41 FL. 7 DAY CXL 1 NT DEPOSIT,Deluxe Room
19168,"REGULAR RATE|FLEXIBLE RATE, DELUXE GUEST ROOM, 2 QUEEN",Deluxe Room
19180,"REGULAR RATE|FLEXIBLE RATE, DELUXE GUEST ROOM, 1 KING",Deluxe Room
19219,"REGULAR RATE|FLEXIBLE RATE, DELUXE GUEST ROOM, 2 QUEEN",Deluxe Room
19357,"REGULAR RATE|FLEXIBLE RATE, DELUXE, GUEST ROOM, 1 KING",Deluxe Room
19475,"REGULAR RATE|FLEXIBLE RATE, DELUXE, GUEST ROOM, 1 KING",Deluxe Room
19477,TRIPADVISOR PLUS RATE|ADA DELUXE KING SHOWER ONLY 1 KING BED ,Deluxe Room
19506,"REGULAR RATE|FLEXIBLE RATE, DELUXE GUEST ROOM, 1 KING",Deluxe Room
19548,"AAA AMERICAN AUTO ASSN|AAA CAA RATE, MEMBERSHIP CARD REQUIRED, DELUXE GUEST ROOM, 1 KING",Deluxe Room
19586,"REGULAR RATE|FLEXIBLE RATE, DELUXE, GUEST ROOM, 1 KING",Deluxe Room
19627,BEST AVAILABLE RATE|DELUXE KING,Deluxe Room
19646,WORLD RAINBOW BAR RATE|ADA DOUBLE DLX RM-250 SQFT-TUB W-GRAB BAR. HAND-HELD SHOWER. ADA COMMUNICATION FEATURES.,Deluxe Room
19648,NO-AMENITY FEE-UP TO 10PCT OFF|ADA DOUBLE DLX RM-250 SQFT-TUB W-GRAB BAR. HAND-HELD SHOWER. ADA COMMUNICATION FEATURES.,Deluxe Room
19649,SENIOR-AARP DISCOUNT|ADA DOUBLE DLX RM-250 SQFT-TUB W-GRAB BAR. HAND-HELD SHOWER. ADA COMMUNICATION FEATURES.,Deluxe Room
19661,"REGULAR RATE|FLEXIBLE RATE, DELUXE, GUEST ROOM, 2 QUEEN, CITY VIEW",Deluxe Room
19696,"REGULAR RATE|FLEXIBLE RATE, GRAND DELUXE, GUEST ROOM, 1 KING",Deluxe Room
19716,"REGULAR RATE|FLEXIBLE RATE, DELUXE KING, GUEST ROOM, 1 KING",Deluxe Room
19717,"REGULAR RATE|FLEXIBLE RATE, DELUXE, GUEST ROOM, 1 KING, CITY VIEW",Deluxe Room
19740,"REGULAR RATE|FLEXIBLE RATE, DELUXE, GUEST ROOM, 2 DOUBLE",Deluxe Room
19744,"REGULAR RATE|FLEXIBLE RATE, DELUXE GUEST ROOM, 1 KING",Deluxe Room
19752,"REGULAR RATE|FLEXIBLE RATE, DELUXE, GUEST ROOM, 1 KING",Deluxe Room
19758,"REGULAR RATE|FLEXIBLE RATE, SUPERIOR DELUXE ROOM, GUEST ROOM, 1 KING, CITY VIEW, HIGH FLOOR",Deluxe Room
19768,"REGULAR RATE|FLEXIBLE RATE, DELUXE, GUEST ROOM, 2 DOUBLE",Deluxe Room
19771,"REGULAR RATE|FLEXIBLE RATE, DELUXE GUEST ROOM, 2 QUEEN",Deluxe Room
19810,"REGULAR RATE|FLEXIBLE RATE, DELUXE ROOM, GUEST ROOM, 1 KING, CITY VIEW",Deluxe Room
19818,"REGULAR RATE|FLEXIBLE RATE, DELUXE ROOM, GUEST ROOM, 2 QUEEN, CITY VIEW",Deluxe Room
19833,"REGULAR RATE|FLEXIBLE RATE, DELUXE ROOM, GUEST ROOM, 1 KING, CITY VIEW, HIGH FLOOR",Deluxe Room
19836,"REGULAR RATE|FLEXIBLE RATE, DELUXE ROOM, GUEST ROOM, 2 DOUBLE, CITY VIEW, HIGH FLOOR",Deluxe Room
19841,"STAY FOR BREAKFAST|ROOM AND BREAKFAST RATE, INCLUDES BREAKFAST, DELUXE ROOM, GUEST ROOM, 2 DOUBLE, CITY VIEW, HIGH FLOOR",Deluxe Room
19847,"STAY FOR BREAKFAST|ROOM AND BREAKFAST RATE, INCLUDES BREAKFAST, DELUXE ROOM, GUEST ROOM, 1 KING, CITY VIEW, HIGH FLOOR",Deluxe Room
19848,"BED AND BREAKFAST PKG|BED AND BREAKFAST RATE, INCLUDES BREAKFAST DAILY, DELUXE ROOM, GUEST ROOM, 1 KING, CITY VIEW",Deluxe Room
19856,"REGULAR RATE|FLEXIBLE RATE, DELUXE KING, GUEST ROOM, 1 KING",Deluxe Room
19867,"REGULAR RATE|FLEXIBLE RATE, PREMIER DELUXE CORNER, GUEST ROOM, 1 KING, CITY VIEW, HIGH FLOOR",Deluxe Room
19886,"REGULAR RATE|FLEXIBLE RATE, DELUXE KING, GUEST ROOM, 1 KING",Deluxe Room
19893,FLEXIBLE RATE|DELUXE KING,Deluxe Room
19897,"AAA AMERICAN AUTO ASSN|AAA CAA RATE, MEMBERSHIP CARD REQUIRED, DELUXE GUEST ROOM, 2 QUEEN",Deluxe Room
19907,"REGULAR RATE|FLEXIBLE RATE, DELUXE ROOM, GUEST ROOM, 2 TWIN/SINGLE BED-S-",Deluxe Room
19933,"BED AND BREAKFAST PKG|BED AND BREAKFAST RATE, INCLUDES BREAKFAST DAILY, DELUXE ROOM, GUEST ROOM, 2 QUEEN, CITY VIEW",Deluxe Room
20000,"VIRTUOSO PACKAGES|VIRTUOSO PACKAGE, DELUXE SUITE, 1 BEDROOM SUITE, 1 KING, COURTYARD VIEW",Deluxe Suite
20001,"SEMIFLEX NON REFUN|PREPAY NON-REFUNDABLE, CHANGES UP TO 14 DAYS PRIOR TO STAY, SEE RATE RULES, DELUXE SUITE, 1 BEDROOM SUITE, 1 KING, COURTYARD V",Deluxe Suite
20002,"REGULAR RATE|FLEXIBLE RATE, DELUXE SUITE, 1 BEDROOM SUITE, 1 KING, COURTYARD VIEW",Deluxe Suite
20003,"STAY FOR BREAKFST PREM|STAY FOR BREAKFAST RATE, INCLUDES BREAKFAST, DELUXE SUITE, 1 BEDROOM SUITE, 1 KING, COURTYARD VIEW",Deluxe Suite
20004,"EMEA PROMOTION 4|WELCOME BACK, ENJOY A COMPLIMENTARY ROOM UPGRADE, SEE RATE RULES, DELUXE SUITE, 1 BEDROOM SUITE, 1 KING, COURTYARD VIEW",Deluxe Suite
20021,"AAA HOT DEALS|AAA PROMOTION, AAA MEMBERSHIP CARD REQUIRED, DELUXE SUITE, 1 BEDROOM SUITE, 1 KING, COURTYARD VIEW",Deluxe Suite
20035,"REGULAR RATE|FLEXIBLE RATE, DELUXE SUITE, 1 BEDROOM SUITE, 1 KING, SOFA BED",Deluxe Suite
20321,"REGULAR RATE|FLEXIBLE RATE, DELUXE SUITE, 1 BEDROOM 2 ROOM SUITE, 1 KING, SOFA BED",Deluxe Suite
20410,FLEXIBLE RATE|1KNG DLX SUITE MOBILITY/HEARNG ACCESS 3X3SHW VIS FIREALRM/DOOR/PHN ALRT,Deluxe Suite
20471,"MEMBER RETAIL RATE|MEMBER RATE FLEXIBLE, DELUXE SUITE, 1 BEDROOM SUITE, 1 KING, SOFA BED",Deluxe Suite
20503,"REGULAR RATE|FLEXIBLE RATE, DELUXE SUITE, 1 BEDROOM SUITE, 1 KING, CITY VIEW",Deluxe Suite
20536,FLEXIBLE RATE|1KNG DLX SUITE MOBILITY/HEARNG ACCESS 3X3SHW VIS FIREALRM/DOOR/PHN ALRT,Deluxe Suite
20571,2X POINTS|1KNG DLX SUITE MOBILITY/HEARNG ACCESS 3X3SHW VIS FIREALRM/DOOR/PHN ALRT,Deluxe Suite
20579,SENIOR DISCOUNT|DELUXE SUITE,Deluxe Suite
20582,AAA-CAA|PROOF OF MEMBERSHIP REQUIRED AT CHECK-IN DELUXE SUITE,Deluxe Suite
20617,"BEST AVAILABLE RATE FLEXIBLE|1 KING DELUXE SUITE NSMK WITH FREE WIFI, FREE CONTINENTAL BREAKFAST, JETTED TUB",Deluxe Suite
20623,AAA-CAA|PROOF OF MEMBERSHIP REQUIRED AT CHECK-IN DELUXE SUITE,Deluxe Suite
20636,FLEXIBLE RATE|DELUXE SUITE,Deluxe Suite
20672,GET REAL EXPERIENCE IT ALL|DELUXE SUITE,Deluxe Suite
20683,BEST AVAILABLE RATE|DELUXE SUITE FACING THE LAKESIDE70SQM 755SQF LIVING ROOM BEDROOM KING OR TWIN,Deluxe Suite
20687,BEST AVAILABLE ROOM ONLY RATE|DELUXE SUITE-1 KING-ENSUITE-AC-WIFI-SAFE-45SQM-SEATING AREA- MINIBAR-NEWSPAPER-VIEWS-MAXOCC3,Deluxe Suite
20700,FLEXIBLE RATE|DELUXE SUITE,Deluxe Suite
20713,BEST AVAILABLE BREAKFAST RATE|DELUXE SUITE-1 KING-ENSUITE-AC-WIFI-SAFE-45SQM-SEATING AREA- MINIBAR-NEWSPAPER-VIEWS-MAXOCC3,Deluxe Suite
20715,2X POINTS|1KNG DLX SUITE MOBILITY/HEARNG ACCESS 3X3SHW VIS FIREALRM/DOOR/PHN ALRT,Deluxe Suite
20752,BREAKFAST INCLUSIVE - FLEXIBLE|DELUXE SUITE FACING THE LAKESIDE70SQM 755SQF LIVING ROOM BEDROOM KING OR TWIN,Deluxe Suite
20758,FLEXIBLE RATE|1KNG DLX SUITE MOBILITY/HEARNG ACCESS 3X3SHW VIS FIREALRM/DOOR/PHN ALRT,Deluxe Suite
20791,2X POINTS|1KNG DLX SUITE MOBILITY/HEARNG ACCESS 3X3SHW VIS FIREALRM/DOOR/PHN ALRT,Deluxe Suite
20821,BEST AVAILABLE RATE|KHALEEJ DELUXE SUITE-1 KING BED WITH BALCONY -SEA VIEW-JACUZZI-165SQM 1776SQFT,Deluxe Suite
20823,FLEXIBLE RATE|DELUXE SUITE - COURTYARD OR CITY VIEW - 1 KING SEPARATE LIVING AREA - SOFA BED - 60SQM-645SQF,Deluxe Suite
20844,FLEXIBLE RATE|1KING DLX SUITE HEARING ACCESSIBLE VIS FIREALRM/DOOR/PHN ALRT,Deluxe Suite
20851,BEST FLEX RATE INC BREAKFAST|DELUXE SUITE - 1 KING BED - AVG 80SQM 861SQF LIVING ROOM- FREE BREAKFAST - FREE WI,Deluxe Suite
20852,ROCCO FORTE FAMILY EXPERIENCE|DELUXE SUITE - 1 KING BED - AVG 80SQM 861SQF LIVING ROOM- FREE BREAKFAST - FREE WI,Deluxe Suite
20860,"BEST AVAILABLE RATE ROOM ONLY,|DELUXE SUITE-1KG BED-67SQM 721SQFT-AC SEPARATE SITTING RM-BUTLER SVC-FREE WIFI-",Deluxe Suite
20875,BREAKFAST INCLUDED|1KNG DLX SUITE MOBILITY/HEARNG ACCESS 3X3SHW VIS FIREALRM/DOOR/PHN ALRT,Deluxe Suite
20879,SEMI-FLEX|1KNG DLX SUITE MOBILITY/HEARNG ACCESS 3X3SHW VIS FIREALRM/DOOR/PHN ALRT,Deluxe Suite
20881,"SENIOR DISCOUNT|2 QUEENS DELUXE SUITE NSMK WITH FREE WIFI, FREE HOT BREAKFAST, SOFA BED, MINI-FRIDGE, HDTV",Deluxe Suite
20882,"BEST AVAILABLE RATE FLEXIBLE|2 QUEENS DELUXE SUITE NSMK WITH FREE WIFI, FREE HOT BREAKFAST, SOFA BED, MINI-FRIDGE, HDTV",Deluxe Suite
20883,"AAA RATE|2 QUEENS DELUXE SUITE NSMK WITH FREE WIFI, FREE HOT BREAKFAST, SOFA BED, MINI-FRIDGE, HDTV",Deluxe Suite
20884,"AARP RATE|2 QUEENS DELUXE SUITE NSMK WITH FREE WIFI, FREE HOT BREAKFAST, SOFA BED, MINI-FRIDGE, HDTV",Deluxe Suite
20888,"AAA HOT DEALS|2 QUEENS DELUXE SUITE NSMK WITH FREE WIFI, FREE HOT BREAKFAST, SOFA BED, MINI-FRIDGE, HDTV",Deluxe Suite
20908,14D ADVANCE PURCHASE|DELUXE SUITE - COURTYARD OR CITY VIEW - 1 KING SEPARATE LIVING AREA - SOFA BED - 60SQM-645SQF,Deluxe Suite
20912,SUITE RETREAT|DELUXE SUITE-1KG BED-67SQM 721SQFT-AC SEPARATE SITTING RM-BUTLER SVC-FREE WIFI-,Deluxe Suite
20913,STAYCATION|DELUXE SUITE - 1 KING BED - AVG 80SQM 861SQF LIVING ROOM- FREE BREAKFAST - FREE WI,Deluxe Suite
20942,21D ADVANCE PURCHASE|DELUXE SUITE - COURTYARD OR CITY VIEW - 1 KING SEPARATE LIVING AREA - SOFA BED - 60SQM-645SQF,Deluxe Suite
20945,"REGULAR RATE|FLEXIBLE RATE, DELUXE SUITE, SUITE, 1 KING, SOFA BED",Deluxe Suite
20964,FLEXIBLE RATE|1KNG DLX SUITE MOBILITY/HEARING ACCESS TUB VIS FIREALRM/DOOR/PHN ALRT,Deluxe Suite
21159,FLEXIBLE RATE|1 KING MOBILITY ACCESSIBLE W/BATHTUB FREE BASIC WIFI PREMIUM WIFI 12.95/DAY,Premier Room
21286,FLEXIBLE RATE|2 QUEENS PREMIUM W/IN-ROOM DRINKS-SNACKS PREM WIFI- HDTV WITH HI-DEF CHANNELS,Premier Room
21306,FLEXIBLE RATE|1 KING PREMIUM W/IN-ROOM DRINKS-SNACKS PREM WIFI- HDTV WITH HI-DEF CHANNELS,Premier Room
21310,FLEXIBLE RATE|1 KING PREMIUM W/IN-ROOM DRINKS-SNACKS PREM WIFI- HDTV WITH HI-DEF CHANNELS,Premier Room
21325,"REGULAR RATE|FLEXIBLE RATE, PREMIUM KING, GUEST ROOM, 1 KING, HIGH FLOOR",Premier Room
21352,FLEXIBLE RATE|1 KING PREMIUM W/IN-ROOM DRINKS-SNACKS PREM WIFI- HDTV WITH HI-DEF CHANNELS,Premier Room
21404,SEMI-FLEX|1 KING PREMIUM W/IN-ROOM DRINKS-SNACKS PREM WIFI- HDTV WITH HI-DEF CHANNELS,Premier Room
21421,FLEXIBLE RATE|1 KING PREMIUM W/IN-ROOM DRINKS-SNACKS PREM WIFI- HDTV WITH HI-DEF CHANNELS,Premier Room
21423,BREAKFAST INCLUDED|1 KING PREMIUM W/IN-ROOM DRINKS-SNACKS PREM WIFI- HDTV WITH HI-DEF CHANNELS,Premier Room
21453,FLEXIBLE RATE|2 QUEENS PREMIUM W/IN-ROOM DRINKS-SNACKS PREM WIFI- HDTV WITH HI-DEF CHANNELS,Premier Room
21458,2X POINTS|1 KING PREMIUM W/IN-ROOM DRINKS-SNACKS PREM WIFI- HDTV WITH HI-DEF CHANNELS,Premier Room
21459,FLEXIBLE RATE|1 KING PREMIUM W/IN-ROOM DRINKS-SNACKS PREM WIFI- HDTV WITH HI-DEF CHANNELS,Premier Room
21477,FLEXIBLE RATE|2 QUEENS PREMIUM W/IN-ROOM DRINKS-SNACKS PREM WIFI- HDTV WITH HI-DEF CHANNELS,Premier Room
21493,2X POINTS|2 QUEENS PREMIUM W/IN-ROOM DRINKS-SNACKS PREM WIFI- HDTV WITH HI-DEF CHANNELS,Premier Room
21494,2X POINTS|2 QUEENS PREMIUM W/IN-ROOM DRINKS-SNACKS PREM WIFI- HDTV WITH HI-DEF CHANNELS,Premier Room
21496,SEMI-FLEX|1 KING PREMIUM W/IN-ROOM DRINKS-SNACKS PREM WIFI- HDTV WITH HI-DEF CHANNELS,Premier Room
21527,EXECUTIVE CLUB PACKAGE|PREMIER RM CANTON TWR RM KG. CITY VW. 74-84 FL. MARBLE BATHROOM. RAIN SHOWER. WC. BATHROBES.,Premier Room
21538,2X POINTS|1 KING PREMIUM W/IN-ROOM DRINKS-SNACKS PREM WIFI- HDTV WITH HI-DEF CHANNELS,Premier Room
21539,2X POINTS|1 KING MOBILITY ACCESSIBLE W/BATHTUB FREE BASIC WIFI PREMIUM WIFI 12.95/DAY,Premier Room
21549,FLEXIBLE RATE|1 KING PREMIUM W/IN-ROOM DRINKS-SNACKS PREM WIFI- HDTV WITH HI-DEF CHANNELS,Premier Room
21563,FLEXIBLE RATE|1 KING PREMIUM W/IN-ROOM DRINKS-SNACKS PREM WIFI- HDTV WITH HI-DEF CHANNELS,Premier Room
21574,FLEXIBLE RATE|1 KING PREMIUM W/IN-ROOM DRINKS-SNACKS PREM WIFI- HDTV WITH HI-DEF CHANNELS,Premier Room
21575,BREAKFAST INCLUDED|1 KING PREMIUM W/IN-ROOM DRINKS-SNACKS PREM WIFI- HDTV WITH HI-DEF CHANNELS,Premier Room
21578,2X POINTS|2 QUEENS PREMIUM W/IN-ROOM DRINKS-SNACKS PREM WIFI- HDTV WITH HI-DEF CHANNELS,Premier Room
21587,2X POINTS|1 KING PREMIUM W/IN-ROOM DRINKS-SNACKS PREM WIFI- HDTV WITH HI-DEF CHANNELS,Premier Room
21592,2X POINTS|1 KING PREMIUM W/IN-ROOM DRINKS-SNACKS PREM WIFI- HDTV WITH HI-DEF CHANNELS,Premier Room
21605,FLEXIBLE RATE|2 QUEENS PREMIUM W/IN-ROOM DRINKS-SNACKS PREM WIFI- HDTV WITH HI-DEF CHANNELS,Premier Room
21618,2X POINTS|2 QUEENS PREMIUM W/IN-ROOM DRINKS-SNACKS PREM WIFI- HDTV WITH HI-DEF CHANNELS,Premier Room
21628,BREAKFAST INCLUDED|2 QUEENS PREMIUM W/IN-ROOM DRINKS-SNACKS PREM WIFI- HDTV WITH HI-DEF CHANNELS,Premier Room
21636,DINE AND UNWIND|2 QUEENS PREMIUM W/IN-ROOM DRINKS-SNACKS PREM WIFI- HDTV WITH HI-DEF CHANNELS,Premier Room
21640,2X POINTS|1 KING PREMIUM W/IN-ROOM DRINKS-SNACKS PREM WIFI- HDTV WITH HI-DEF CHANNELS,Premier Room
21647,FLEXIBLE RATE|2 QUEENS PREMIUM W/IN-ROOM DRINKS-SNACKS PREM WIFI- HDTV WITH HI-DEF CHANNELS,Premier Room
21650,DINE AND UNWIND|1 KING PREMIUM W/IN-ROOM DRINKS-SNACKS PREM WIFI- HDTV WITH HI-DEF CHANNELS,Premier Room
21652,FLEXIBLE RATE|1 KING PREMIUM W/IN-ROOM DRINKS-SNACKS PREM WIFI- HDTV WITH HI-DEF CHANNELS,Premier Room
21662,BEST AVAILABLE RATE|2 QUEENS PREMIUM W/IN-ROOM DRINKS-SNACKS PREM WIFI- HDTV WITH HI-DEF CHANNELS,Premier Room
21664,FLEXIBLE RATE|1 KING PREMIUM W/IN-ROOM DRINKS-SNACKS PREM WIFI- HDTV WITH HI-DEF CHANNELS,Premier Room
21667,FLEXIBLE RATE|1 KING PREMIUM W/IN-ROOM DRINKS-SNACKS PREM WIFI- HDTV WITH HI-DEF CHANNELS,Premier Room
21668,FLEXIBLE RATE|2 QUEENS PREMIUM W/IN-ROOM DRINKS-SNACKS PREM WIFI- HDTV WITH HI-DEF CHANNELS,Premier Room
21675,2X POINTS|2 QUEENS PREMIUM W/IN-ROOM DRINKS-SNACKS PREM WIFI- HDTV WITH HI-DEF CHANNELS,Premier Room
21677,FLEXIBLE RATE|2 QUEENS PREMIUM W/IN-ROOM DRINKS-SNACKS PREM WIFI- HDTV WITH HI-DEF CHANNELS,Premier Room
21678,2X POINTS|1 KING PREMIUM W/IN-ROOM DRINKS-SNACKS PREM WIFI- HDTV WITH HI-DEF CHANNELS,Premier Room
21685,FLEXIBLE RATE|1 KING PREMIUM W/IN-ROOM DRINKS-SNACKS PREM WIFI- HDTV WITH HI-DEF CHANNELS,Premier Room
21687,SEMI-FLEX|1 KING PREMIUM W/IN-ROOM DRINKS-SNACKS PREM WIFI- HDTV WITH HI-DEF CHANNELS,Premier Room
21700,SEMI-FLEX|2 QUEENS PREMIUM W/IN-ROOM DRINKS-SNACKS PREM WIFI- HDTV WITH HI-DEF CHANNELS,Premier Room
21704,2X POINTS|1 KING PREMIUM W/IN-ROOM DRINKS-SNACKS PREM WIFI- HDTV WITH HI-DEF CHANNELS,Premier Room
21705,2X POINTS|2 QUEENS PREMIUM W/IN-ROOM DRINKS-SNACKS PREM WIFI- HDTV WITH HI-DEF CHANNELS,Premier Room
21714,2X POINTS|1 KING PREMIUM W/IN-ROOM DRINKS-SNACKS PREM WIFI- HDTV WITH HI-DEF CHANNELS,Premier Room
21719,FLEXIBLE RATE|1 KING PREMIUM W/IN-ROOM DRINKS-SNACKS PREM WIFI- HDTV WITH HI-DEF CHANNELS,Premier Room
21727,2X POINTS|1 KING PREMIUM W/IN-ROOM DRINKS-SNACKS PREM WIFI- HDTV WITH HI-DEF CHANNELS,Premier Room
21733,2X POINTS|1 KING PREMIUM W/IN-ROOM DRINKS-SNACKS PREM WIFI- HDTV WITH HI-DEF CHANNELS,Premier Room
21735,SEMI-FLEX|1 KING PREMIUM W/IN-ROOM DRINKS-SNACKS PREM WIFI- HDTV WITH HI-DEF CHANNELS,Premier Room
21746,"REGULAR RATE|FLEXIBLE RATE, PREMIUM KING, GUEST ROOM, 1 KING",Premier Room
21747,FLEXIBLE RATE|2 QUEENS PREMIUM W/IN-ROOM DRINKS-SNACKS PREM WIFI- HDTV WITH HI-DEF CHANNELS,Premier Room
21759,2X POINTS|2 QUEENS PREMIUM W/IN-ROOM DRINKS-SNACKS PREM WIFI- HDTV WITH HI-DEF CHANNELS,Premier Room
21766,2X POINTS|2 QUEENS PREMIUM W/IN-ROOM DRINKS-SNACKS PREM WIFI- HDTV WITH HI-DEF CHANNELS,Premier Room
21770,FLEXIBLE RATE|1 KING PREMIUM W/IN-ROOM DRINKS-SNACKS PREM WIFI- HDTV WITH HI-DEF CHANNELS,Premier Room
21778,2X POINTS|2 QUEENS PREMIUM W/IN-ROOM DRINKS-SNACKS PREM WIFI- HDTV WITH HI-DEF CHANNELS,Premier Room
21781,FLEXIBLE RATE|KING PREMIER LOFT STD WIFI/ESPRESSO/BATHROOM TV/MP3 DOCKING,Premier Room
21783,FLEXIBLE RATE|1 KING PREMIUM W/IN-ROOM DRINKS-SNACKS PREM WIFI- HDTV WITH HI-DEF CHANNELS,Premier Room
21784,SEMI-FLEX|2 QUEENS PREMIUM W/IN-ROOM DRINKS-SNACKS PREM WIFI- HDTV WITH HI-DEF CHANNELS,Premier Room
21790,FLEXIBLE RATE|1 KING PREMIUM W/IN-ROOM DRINKS-SNACKS PREM WIFI- HDTV WITH HI-DEF CHANNELS,Premier Room
21793,FLEXIBLE RATE|2 QUEENS PREMIUM W/IN-ROOM DRINKS-SNACKS PREM WIFI- HDTV WITH HI-DEF CHANNELS,Premier Room
21794,FLEXIBLE RATE|2 QUEENS PREMIUM W/IN-ROOM DRINKS-SNACKS PREM WIFI- HDTV WITH HI-DEF CHANNELS,Premier Room
21797,FLEXIBLE RATE|2 QUEENS PREMIUM W/IN-ROOM DRINKS-SNACKS PREM WIFI- HDTV WITH HI-DEF CHANNELS,Premier Room
21808,FLEXIBLE RATE|1 KING PREMIUM URBAN LOFT STYLE ROOM AND NATURE INSPIRD BATH,Premier Room
21810,FLEXIBLE RATE|1 KING PREMIUM W/IN-ROOM DRINKS-SNACKS PREM WIFI- HDTV WITH HI-DEF CHANNELS,Premier Room
21811,FLEXIBLE RATE|1 KING PREMIUM W/IN-ROOM DRINKS-SNACKS PREM WIFI- HDTV WITH HI-DEF CHANNELS,Premier Room
21812,FLEXIBLE RATE|2 QUEENS PREMIUM W/IN-ROOM DRINKS-SNACKS PREM WIFI- HDTV WITH HI-DEF CHANNELS,Premier Room
21824,FLEXIBLE RATE|1 KING PREMIUM W/IN-ROOM DRINKS-SNACKS PREM WIFI- HDTV WITH HI-DEF CHANNELS,Premier Room
21828,2X POINTS|1 KING PREMIUM W/IN-ROOM DRINKS-SNACKS PREM WIFI- HDTV WITH HI-DEF CHANNELS,Premier Room
21829,2X POINTS|2 QUEENS PREMIUM W/IN-ROOM DRINKS-SNACKS PREM WIFI- HDTV WITH HI-DEF CHANNELS,Premier Room
21830,FLEXIBLE RATE|2 QUEENS PREMIUM W/IN-ROOM DRINKS-SNACKS PREM WIFI- HDTV WITH HI-DEF CHANNELS,Premier Room
21835,FLEXIBLE RATE|2 QUEENS PREMIUM W/IN-ROOM DRINKS-SNACKS PREM WIFI- HDTV WITH HI-DEF CHANNELS,Premier Room
21836,FLEXIBLE RATE|2 QUEENS PREMIUM W/IN-ROOM DRINKS-SNACKS PREM WIFI- HDTV WITH HI-DEF CHANNELS,Premier Room
21839,2X POINTS|1 KING PREMIUM W/IN-ROOM DRINKS-SNACKS PREM WIFI- HDTV WITH HI-DEF CHANNELS,Premier Room
21841,2X POINTS|1 KING PREMIUM URBAN LOFT STYLE ROOM AND NATURE INSPIRD BATH,Premier Room
21844,2X POINTS|1 KING PREMIUM W/IN-ROOM DRINKS-SNACKS PREM WIFI- HDTV WITH HI-DEF CHANNELS,Premier Room
21853,2X POINTS|2 QUEENS PREMIUM W/IN-ROOM DRINKS-SNACKS PREM WIFI- HDTV WITH HI-DEF CHANNELS,Premier Room
21861,FLEXIBLE RATE|2 QUEENS PREMIUM W/IN-ROOM DRINKS-SNACKS PREM WIFI- HDTV WITH HI-DEF CHANNELS,Premier Room
21865,2X POINTS|2 QUEENS PREMIUM W/IN-ROOM DRINKS-SNACKS PREM WIFI- HDTV WITH HI-DEF CHANNELS,Premier Room
21870,FLEXIBLE RATE|KING ROOM WHRLPOOL TUB PREMIUM CAN/US FALLSVW PREMIUM FLOORS 33 - 49,Premier Room
21873,FLEXIBLE RATE|1 KING PREMIUM W/IN-ROOM DRINKS-SNACKS PREM WIFI- HDTV WITH HI-DEF CHANNELS,Premier Room
21875,FLEXIBLE RATE|1 KING PREMIUM W/IN-ROOM DRINKS-SNACKS PREM WIFI- HDTV WITH HI-DEF CHANNELS,Premier Room
21878,FLEXIBLE RATE|2 QUEENS PREMIUM W/IN-ROOM DRINKS-SNACKS PREM WIFI- HDTV WITH HI-DEF CHANNELS,Premier Room
21882,2X POINTS|1 KING PREMIUM W/IN-ROOM DRINKS-SNACKS PREM WIFI- HDTV WITH HI-DEF CHANNELS,Premier Room
21885,FLEXIBLE RATE|1 KING PREMIUM W/IN-ROOM DRINKS-SNACKS PREM WIFI- HDTV WITH HI-DEF CHANNELS,Premier Room
21888,2X POINTS|2 QUEENS PREMIUM W/IN-ROOM DRINKS-SNACKS PREM WIFI- HDTV WITH HI-DEF CHANNELS,Premier Room
21892,DINE AND UNWIND|2 QUEENS PREMIUM W/IN-ROOM DRINKS-SNACKS PREM WIFI- HDTV WITH HI-DEF CHANNELS,Premier Room
21893,2X POINTS|2 QUEENS PREMIUM W/IN-ROOM DRINKS-SNACKS PREM WIFI- HDTV WITH HI-DEF CHANNELS,Premier Room
21894,2X POINTS|1 KING PREMIUM W/IN-ROOM DRINKS-SNACKS PREM WIFI- HDTV WITH HI-DEF CHANNELS,Premier Room
21896,2X POINTS|1 KING PREMIUM W/IN-ROOM DRINKS-SNACKS PREM WIFI- HDTV WITH HI-DEF CHANNELS,Premier Room
21897,2X POINTS|2 QUEENS PREMIUM W/IN-ROOM DRINKS-SNACKS PREM WIFI- HDTV WITH HI-DEF CHANNELS,Premier Room
21899,FLEXIBLE RATE|1 KING PREMIUM W/IN-ROOM DRINKS-SNACKS PREM WIFI- HDTV WITH HI-DEF CHANNELS,Premier Room
21901,DINE AND UNWIND|1 KING PREMIUM W/IN-ROOM DRINKS-SNACKS PREM WIFI- HDTV WITH HI-DEF CHANNELS,Premier Room
21903,2X POINTS|2 QUEENS PREMIUM W/IN-ROOM DRINKS-SNACKS PREM WIFI- HDTV WITH HI-DEF CHANNELS,Premier Room
21908,FLEXIBLE RATE|2 QUEENS PREMIUM W/IN-ROOM DRINKS-SNACKS PREM WIFI- HDTV WITH HI-DEF CHANNELS,Premier Room
21911,2X POINTS|1 KING PREMIUM W/IN-ROOM DRINKS-SNACKS PREM WIFI- HDTV WITH HI-DEF CHANNELS,Premier Room
21912,FLEXIBLE RATE|2 QUEENS PREMIUM W/IN-ROOM DRINKS-SNACKS PREM WIFI- HDTV WITH HI-DEF CHANNELS,Premier Room
21917,FLEXIBLE RATE|2 QUEENS PREMIUM W/IN-ROOM DRINKS-SNACKS PREM WIFI- HDTV WITH HI-DEF CHANNELS,Premier Room
21921,FLEXIBLE RATE|1 KING PREMIUM W/IN-ROOM DRINKS-SNACKS PREM WIFI- HDTV WITH HI-DEF CHANNELS,Premier Room
21922,2X POINTS|1 KING PREMIUM W/IN-ROOM DRINKS-SNACKS PREM WIFI- HDTV WITH HI-DEF CHANNELS,Premier Room
21923,2X POINTS|2 QUEENS PREMIUM W/IN-ROOM DRINKS-SNACKS PREM WIFI- HDTV WITH HI-DEF CHANNELS,Premier Room
21944,SEMI-FLEX|1 KING PREMIUM W/IN-ROOM DRINKS-SNACKS PREM WIFI- HDTV WITH HI-DEF CHANNELS,Premier Room
21953,BREAKFAST INCLUDED|1 KING PREMIUM W/IN-ROOM DRINKS-SNACKS PREM WIFI- HDTV WITH HI-DEF CHANNELS,Premier Room
21954,BREAKFAST INCLUDED|2 QUEENS PREMIUM W/IN-ROOM DRINKS-SNACKS PREM WIFI- HDTV WITH HI-DEF CHANNELS,Premier Room
21959,FLEXIBLE RATE|2 QUEENS PREMIUM W/IN-ROOM DRINKS-SNACKS PREM WIFI- HDTV WITH HI-DEF CHANNELS,Premier Room
21961,BREAKFAST INCLUDED|2 QUEENS PREMIUM W/IN-ROOM DRINKS-SNACKS PREM WIFI- HDTV WITH HI-DEF CHANNELS,Premier Room
21962,2X POINTS|2 QUEENS PREMIUM W/IN-ROOM DRINKS-SNACKS PREM WIFI- HDTV WITH HI-DEF CHANNELS,Premier Room
21965,2X POINTS|1 KING PREMIUM W/IN-ROOM DRINKS-SNACKS PREM WIFI- HDTV WITH HI-DEF CHANNELS,Premier Room
21967,2X POINTS|2 QUEENS PREMIUM W/IN-ROOM DRINKS-SNACKS PREM WIFI- HDTV WITH HI-DEF CHANNELS,Premier Room
21976,SEMI-FLEX|1 KING PREMIUM W/IN-ROOM DRINKS-SNACKS PREM WIFI- HDTV WITH HI-DEF CHANNELS,Premier Room
21977,FLEXIBLE RATE|2 QUEENS PREMIUM W/IN-ROOM DRINKS-SNACKS PREM WIFI- HDTV WITH HI-DEF CHANNELS,Premier Room
21978,BREAKFAST INCLUDED|1 KING PREMIUM W/IN-ROOM DRINKS-SNACKS PREM WIFI- HDTV WITH HI-DEF CHANNELS,Premier Room
21984,FLEXIBLE RATE|1 KING PREMIUM W/IN-ROOM DRINKS-SNACKS PREM WIFI- HDTV WITH HI-DEF CHANNELS,Premier Room
21985,FLEXIBLE RATE|2 QUEENS PREMIUM W/IN-ROOM DRINKS-SNACKS PREM WIFI- HDTV WITH HI-DEF CHANNELS,Premier Room
21986,DINE AND UNWIND|1 KING PREMIUM W/IN-ROOM DRINKS-SNACKS PREM WIFI- HDTV WITH HI-DEF CHANNELS,Premier Room
21987,2X POINTS|1 KING PREMIUM W/IN-ROOM DRINKS-SNACKS PREM WIFI- HDTV WITH HI-DEF CHANNELS,Premier Room
21989,BREAKFAST INCLUDED|2 QUEENS PREMIUM W/IN-ROOM DRINKS-SNACKS PREM WIFI- HDTV WITH HI-DEF CHANNELS,Premier Room
21990,FLEXIBLE RATE|1 KING PREMIUM MOBILITY ACCESSIBLE W/BATHTUB IN ROOM DRINKS-SNACKS/PREM WIFI/HDTV,Premier Room
21993,2X POINTS|1 KING PREMIUM W/IN-ROOM DRINKS-SNACKS PREM WIFI- HDTV WITH HI-DEF CHANNELS,Premier Room
21996,BREAKFAST INCLUDED|1 KING PREMIUM W/IN-ROOM DRINKS-SNACKS PREM WIFI- HDTV WITH HI-DEF CHANNELS,Premier Room
21998,BEST AVAILABLE RATE|2 QUEENS PREMIUM W/IN-ROOM DRINKS-SNACKS PREM WIFI- HDTV WITH HI-DEF CHANNELS,Premier Room
22057,FLEXIBLE RATE|KING PREMIER ROOM STD WIFI/ESPRESSO/BATHROOM TV/MP3 DOCKING,Standard Room
22058,BED AND BREAKFAST|KING PREMIER ROOM STD WIFI/ESPRESSO/BATHROOM TV/MP3 DOCKING,Standard Room
22059,FLEXIBLE RATE|KING GRAND PREMIER ROOM STD WIFI/ESPRESSO/BATHROOM TV/MP3 DOCKING,Standard Room
22060,BED AND BREAKFAST|KING GRAND PREMIER ROOM STD WIFI/ESPRESSO/BATHROOM TV/MP3 DOCKING,Standard Room
22062,FLEXIBLE RATE|TWIN PREMIER ROOM STD WIFI/ESPRESSO/BATHROOM TV/MP3 DOCKING,Standard Room
22063,BED AND BREAKFAST|TWIN PREMIER ROOM STD WIFI/ESPRESSO/BATHROOM TV/MP3 DOCKING,Standard Room
22064,FLEXIBLE RATE|TWIN GRAND PREMIER ROOM STD WIFI/ESPRESSO/BATHROOM TV/MP3 DOCKING,Standard Room
22065,BED AND BREAKFAST|TWIN GRAND PREMIER ROOM STD WIFI/ESPRESSO/BATHROOM TV/MP3 DOCKING,Standard Room
22069,FLEXIBLE RATE|KING GRAND PREMIER WITH CANAL VIEW STD WIFI/ESPRESSO/BATHROOM TV/MP3 DOCKING,Standard Room
22070,BED AND BREAKFAST|KING GRAND PREMIER WITH CANAL VIEW STD WIFI/ESPRESSO/BATHROOM TV/MP3 DOCKING,Standard Room
22073,FLEXIBLE RATE|KING GRAND LOFT STD WIFI/ESPRESSO/BATHROOM TV/CANAL VIEW,Standard Room
22076,FLEXIBLE RATE|KING PREMIER LOFT STD WIFI/ESPRESSO/BATHROOM TV/MP3 DOCKING,Standard Room
22086,"BEST FLEXIBLE RATE|STANDARD ROOM YOU DESERVE A ROOM AS UNIQUE AS YOU ARE. WHILE BED TYPE IS NOT GUARANTEED AND SUBJECT TO AVAILABILITY, WE",Standard Room
22093,FLEXIBLE RATE|KING LOFT STD WIFI/ESPRESSO/BATHROOM TV/MP3 DOCKING,Standard Room
22133,FLEXIBLE RATE - BB-BB/BED BRKF|STANDARD TWIN ROOM WITH 1 DOUBLE AND 1 SINGLE B ED,Standard Room
22135,FLEXIBLE RATE|STANDARD TWIN ROOM WITH 1 DOUBLE AND 1 SINGLE B ED,Standard Room
22153,MRATE AVAIL BOOK WITH CONFIDEN|STANDARD ROOM WITH TWIN BEDS,Standard Room
22164,MRATE AVAIL BOOK WITH CONFIDEN|STANDARD ROOM WITH 1 DOUBLE BED,Standard Room
22165,"1000 BONUS POINTS NT INCLUDES|STANDARD ROOM YOU DESERVE A ROOM AS UNIQUE AS YOU ARE. WHILE BED TYPE IS NOT GUARANTEED AND SUBJECT TO AVAILABILITY, WE",Standard Room
22184,MRATE AVAIL FLEXIBLE RATE - BB|STANDARD ROOM WITH 2 SINGLE BEDS,Standard Room
22188,MRATE AVAIL FLEXIBLE RATE - BB|STANDARD ROOM WITH 1 DOUBLE BED,Standard Room
22192,MRATE AVAIL FLEXIBLE RATE|STANDARD ROOM WITH 1 DOUBLE BED,Standard Room
22193,MRATE AVAIL FLEXIBLE RATE|STANDARD ROOM WITH 2 SINGLE BEDS,Standard Room
22226,BEST FLEXIBLE RATE|STANDARD ROOM YOU DESERVE A ROOM AS UNIQUE AS YOU ARE WHILE BED TYPE IS NOT GUARANTEED AND SUBJECT TO AVAILABILITY WE,Standard Room
22233,BEST FLEXIBLE RATE|STANDARD ROOM WHEN YOU ARRIVE AT THE HOTEL WE WILL DO OUR BEST TO MEET YOUR ROOM TYPE PREFERENCE THIS IS SUBJECT TO,Standard Room
22242,1000 BONUS POINTS NT INCLUDES|ROOM AND 1000 REWARDS CLUB BONUS POINTS PER STANDARD ROOM WHEN YOU ARRIVE AT THE HOTEL WE WILL DO OUR BEST TO MEET YOUR ROOM TYPE PREFERENCE THIS IS SUBJECT TO,Standard Room
22260,MRATE AVAIL FLEXIBLE RATE|STANDARD ROOM WITH 1 DOUBLE BED,Standard Room
22261,MRATE AVAIL PREMIUM ONLINE PAC|STANDARD ROOM WITH 1 DOUBLE BED,Standard Room
22262,MRATE AVAIL FLEXIBLE RATE - BB|STANDARD ROOM WITH 1 DOUBLE BED,Standard Room
22273,"BOOK NOW, PAY LATER|STANDARD ROOM YOU DESERVE A ROOM AS UNIQUE AS YOU ARE. WHILE BED TYPE IS NOT GUARANTEED AND SUBJECT TO AVAILABILITY, WE",Standard Room
22286,MRATE AVAIL FLEXIBLE RATE - BB|STANDARD ROOM WITH 2 SINGLE BEDS,Standard Room
22287,MRATE AVAIL FLEXIBLE RATE|STANDARD ROOM WITH 2 SINGLE BEDS,Standard Room
22288,MRATE AVAIL PREMIUM ONLINE PAC|STANDARD ROOM WITH 2 SINGLE BEDS,Standard Room
22306,5000 RC BONUS INCLUDES ROOM|AND 5000 RC BONUS POINTS PER ANY CONSECUTIVE STANDARD ROOM WHEN YOU ARRIVE AT THE HOTEL WE WILL DO OUR BEST TO MEET YOUR ROOM TYPE PREFERENCE THIS IS SUBJECT TO,Standard Room
22356,BEST FLEXIBLE RATE|STANDARD ROOM BED TYPE CANNOT BE GUARANTEED AS IT WILL BE ALLOCATED UPON ARRIVAL BASED ON AVAILABILITY. MODERNLY,Standard Room
22381,BEST FLEXIBLE RATE|STANDARD ROOM WHEN YOU ARRIVE AT THE HOTEL WE WILL DO OUR BEST TO MEET YOUR ROOM TYPE PREFERENCE THIS IS SUBJECT TO,Standard Room
22384,MRATE AVAIL BOOK WITH CONFIDEN|STANDARD ROOM WITH 2 SINGLE BEDS,Standard Room
22471,BEST FLEXIBLE RATE BEST|AVAILABLE RATE STANDARD ROOM YOU DESERVE A ROOM AS UNIQUE AS YOU ARE. WHILE BED TYPE IS NOT GUARANTEED AND SUBJECT TO AVAILABILITY WE,Standard Room
22480,"BEST FLEXIBLE RATE|STANDARD ROOM YOU DESERVE A ROOM AS UNIQUE AS YOU ARE. WHILE BED TYPE IS NOT GUARANTEED AND SUBJECT TO AVAILABILITY, WE",Standard Room
22486,MRATE AVAIL BOOK WITH CONFIDEN|STANDARD ROOM WITH 1 DOUBLE BED,Standard Room
22487,MRATE AVAIL BOOK WITH CONFIDEN|STANDARD ROOM WITH 2 SINGLE BEDS,Standard Room
22531,MRATE AVAIL ADVANCE SAVER|STANDARD ROOM WITH 2 SINGLE BEDS,Standard Room
22533,MRATE AVAIL ADVANCE SAVER|STANDARD ROOM WITH 1 DOUBLE BED,Standard Room
22551,BEST FLEXIBLE RATE|STANDARD ROOM BED TYPE CANNOT BE GUARANTEED AS IT WILL BE ALLOCATED UPON ARRIVAL BASED ON AVAILABILITY. MODERNLY,Standard Room
22599,BEST FLEXIBLE RATE|STANDARD ROOM YOU DESERVE A ROOM AS UNIQUE AS YOU ARE WHILE BED TYPE IS NOT GUARANTEED AND SUBJECT TO AVAILABILITY WE,Standard Room
22605,BEST FLEXIBLE RATE|STANDARD ROOM YOU DESERVE A ROOM AS UNIQUE AS YOU ARE WHILE BED TYPE IS NOT GUARANTEED AND SUBJECT TO AVAILABILITY WE,Standard Room
22643,SAVER|STANDARD TWIN ROOM WITH 1 DOUBLE AND 1 SINGLE B ED,Standard Room
22664,"BEST FLEXIBLE RATE|STANDARD ROOM YOU DESERVE A ROOM AS UNIQUE AS YOU ARE. WHILE BED TYPE IS NOT GUARANTEED AND SUBJECT TO AVAILABILITY, WE",Standard Room
22671,BEST FLEXIBLE RATE|STANDARD ROOM WHEN YOU ARRIVE AT THE HOTEL WE WILL DO OUR BEST TO MEET YOUR ROOM TYPE PREFERENCE THIS IS SUBJECT TO,Standard Room
22672,1000 BONUS POINTS NT INCLUDES|ROOM AND 1000 REWARDS CLUB BONUS POINTS PER STANDARD ROOM WHEN YOU ARRIVE AT THE HOTEL WE WILL DO OUR BEST TO MEET YOUR ROOM TYPE PREFERENCE THIS IS SUBJECT TO,Standard Room
22676,BEST FLEXIBLE RATE|STANDARD ROOM WHEN YOU ARRIVE AT THE HOTEL WE WILL DO OUR BEST TO MEET YOUR ROOM TYPE PREFERENCE THIS IS SUBJECT TO,Standard Room
22684,1000 BONUS POINTS NT INCLUDES|ROOM AND 1000 REWARDS CLUB BONUS POINTS PER STANDARD ROOM WHEN YOU ARRIVE AT THE HOTEL WE WILL DO OUR BEST TO MEET YOUR ROOM TYPE PREFERENCE THIS IS SUBJECT TO,Standard Room
22720,ADVANCE SAVER|STANDARD ROOM WHEN YOU ARRIVE AT THE HOTEL WE WILL DO OUR BEST TO MEET YOUR ROOM TYPE PREFERENCE THIS IS SUBJECT TO,Standard Room
22729,MRATE AVAIL FLEXIBLE RATE|STANDARD ROOM WITH TWIN BEDS,Standard Room
22759,ADVANCE SAVER|STANDARD ROOM YOU DESERVE A ROOM AS UNIQUE AS YOU ARE WHILE BED TYPE IS NOT GUARANTEED AND SUBJECT TO AVAILABILITY WE,Standard Room
22762,BEST FLEXIBLE RATE|STANDARD ROOM BED TYPE CANNOT BE GUARANTEED AS IT WILL BE ALLOCATED UPON ARRIVAL BASED ON AVAILABILITY. MODERNLY,Standard Room
22783,MRATE AVAIL FLEXIBLE RATE|STANDARD ROOM WITH 1 DOUBLE BED,Standard Room
22819,MRATE AVAIL BOOK WITH CONFIDEN|STANDARD ROOM WITH 2 SINGLE BEDS,Standard Room
22821,ADVANCE SAVER|STANDARD ROOM BED TYPE CANNOT BE GUARANTEED AS IT WILL BE ALLOCATED UPON ARRIVAL BASED ON AVAILABILITY. MODERNLY,Standard Room
22826,ADVANCE SAVER|STANDARD ROOM BED TYPE CANNOT BE GUARANTEED AS IT WILL BE ALLOCATED UPON ARRIVAL BASED ON AVAILABILITY. MODERNLY,Standard Room
22832,MRATE AVAIL ADVANCE SAVER - BB|STANDARD ROOM WITH 2 SINGLE BEDS,Standard Room
22833,MRATE AVAIL ADVANCE SAVER - BB|STANDARD ROOM WITH 1 DOUBLE BED,Standard Room
22848,MRATE AVAIL BOOK WITH CONFIDEN|STANDARD ROOM WITH 1 DOUBLE BED,Standard Room
22850,MRATE AVAIL BOOK WITH CONFIDEN|STANDARD ROOM WITH 2 SINGLE BEDS,Standard Room
22854,BEST FLEXIBLE RATE|STANDARD ROOM YOU DESERVE A ROOM AS UNIQUE AS YOU ARE WHILE BED TYPE IS NOT GUARANTEED AND SUBJECT TO AVAILABILITY WE,Standard Room
22870,BEST FLEXIBLE RATE|STANDARD ROOM WHEN YOU ARRIVE AT THE HOTEL WE WILL DO OUR BEST TO MEET YOUR SMOKE FREE ROOM AND BED TYPE PREFERENCES,Standard Room
22879,MRATE AVAIL BOOK WITH CONFIDEN|STANDARD ROOM WITH 1 DOUBLE BED,Standard Room
22931,MRATE AVAIL BOOK WITH CONFIDEN|STANDARD ROOM WITH TWIN BEDS,Standard Room
22947,MRATE AVAIL PREMIUM ONLINE PAC|STANDARD ROOM WITH 1 DOUBLE BED,Standard Room
22951,BEST FLEXIBLE RATE|STANDARD ROOM NONSMOKING BED TYPE PREFERENCE CANNOT BE GUARANTEED AS IT WILL BE ALLOCATED UPON ARRIVAL BASED ON,Standard Room
22962,BEST FLEXIBLE RATE|STANDARD ROOM WHEN YOU ARRIVE AT THE HOTEL WE WILL DO OUR BEST TO MEET YOUR ROOM TYPE PREFERENCE THIS IS SUBJECT TO,Standard Room
22964,1000 BONUS POINTS NT INCLUDES|ROOM AND 1000 REWARDS CLUB BONUS POINTS PER STANDARD ROOM WHEN YOU ARRIVE AT THE HOTEL WE WILL DO OUR BEST TO MEET YOUR ROOM TYPE PREFERENCE THIS IS SUBJECT TO,Standard Room
22966,1000 BONUS POINTS NT INCLUDES|ROOM AND 1000 REWARDS CLUB BONUS POINTS PER STANDARD ROOM WHEN YOU ARRIVE AT THE HOTEL WE WILL DO OUR BEST TO MEET YOUR ROOM TYPE PREFERENCE THIS IS SUBJECT TO,Standard Room
22967,BEST FLEXIBLE RATE|STANDARD ROOM WHEN YOU ARRIVE AT THE HOTEL WE WILL DO OUR BEST TO MEET YOUR ROOM TYPE PREFERENCE THIS IS SUBJECT TO,Standard Room
22976,BEST FLEXIBLE RATE|STANDARD ROOM WHEN YOU ARRIVE AT THE HOTEL WE WILL DO OUR BEST TO MEET YOUR ROOM TYPE PREFERENCE THIS IS SUBJECT TO,Standard Room
22982,BEST FLEXIBLE RATE|STANDARD ROOM WHEN YOU ARRIVE AT THE HOTEL WE WILL DO EVERYTHING POSSIBLE TO SATISFY YOUR ROOM TYPE PREFERENCE,Standard Room
22986,"BEST FLEXIBLE RATE|STANDARD ROOM WHEN YOU BOOK A STANDARD ROOM, WE TRY OUR BEST TO MEET YOUR BED TYPE PREFERENCES. HOWEVER, STANDARD ROOMS",Standard Room
22989,1000 BONUS POINTS NT INCLUDES|ROOM AND 1000 REWARDS CLUB BONUS POINTS PER STANDARD ROOM WHEN YOU ARRIVE AT THE HOTEL WE WILL DO OUR BEST TO MEET YOUR ROOM TYPE PREFERENCE THIS IS SUBJECT TO,Standard Room
22992,BEST FLEXIBLE RATE|STANDARD ROOM - QUEEN SIZE BED - LOUNGE CHAIR FREE HIGH SPEED WI-FI AND CHILLED BOTTLED WATER,Standard Room
22993,"REGULAR RATE|FLEXIBLE RATE, STANDARD KING, GUEST ROOM, 1 KING",Standard Room
22998,5000 RC BONUS INCLUDES ROOM|AND 5000 RC BONUS POINTS PER ANY CONSECUTIVE STANDARD ROOM WHEN YOU ARRIVE AT THE HOTEL WE WILL DO OUR BEST TO MEET YOUR ROOM TYPE PREFERENCE THIS IS SUBJECT TO,Standard Room
23075,JEAN GEORGES BED AND BREAKFAST|SUPERIOR CTYD KING RM. 450 SQFT. COURTYARD VIEW LRGE MARBLE BATH SEP SHOWER-TUB. COMP WIFI,Superior Room
23076,PREFERRED PRIDE|SUPERIOR CTYD KING RM. 450 SQFT. COURTYARD VIEW LRGE MARBLE BATH SEP SHOWER-TUB. COMP WIFI,Superior Room
23077,BEST AVAILABLE RATE|SUPERIOR CTYD KING RM. 450 SQFT. COURTYARD VIEW LRGE MARBLE BATH SEP SHOWER-TUB. COMP WIFI,Superior Room
23078,BEST AVAILABLE RATE|SUPERIOR CTYD QUEEN RM. 400 SQFT. COURTYRD VIEW LARGE MARBLE BATH SEP SHOWER-TUB. COMP WIFI,Superior Room
23079,PREFERRED PRIDE|SUPERIOR CTYD QUEEN RM. 400 SQFT. COURTYRD VIEW LARGE MARBLE BATH SEP SHOWER-TUB. COMP WIFI,Superior Room
23080,JEAN GEORGES BED AND BREAKFAST|SUPERIOR CTYD QUEEN RM. 400 SQFT. COURTYRD VIEW LARGE MARBLE BATH SEP SHOWER-TUB. COMP WIFI,Superior Room
23401,FLEXIBLE RATE|ACCESSIBLE SUPERIOR KING - 360 SF OR 33 SM - ADA COMPLIANT ROOM,Superior Room
23402,"REGULAR RATE|FLEXIBLE RATE, SUPERIOR, GUEST ROOM, 1 KING",Superior Room
23415,FLEXIBLE RATE|SUPERIOR TWIN,Superior Room
23429,FLEXIBLE RATE - BB-BB/BED BRKF|SUPERIOR TWIN,Superior Room
23487,WORLD RAINBOW HOTELS BAR|ACCESSIBLE SUPERIOR KING - 360 SF OR 33 SM - ADA COMPLIANT ROOM,Superior Room
23574,FLEXIBLE RATE|1 KING BED SUPERIOR ROOM 20USD FOOD BEVERAGE CREDIT - CMP PREMIUM WIFI,Superior Room
23588,2X POINTS|1 KING BED SUPERIOR ROOM 20USD FOOD BEVERAGE CREDIT - CMP PREMIUM WIFI,Superior Room
23637,BEST AVAILABLE RATE|SUPERIOR CTYD QUEEN RM. 400 SQFT. COURTYRD VIEW LARGE MARBLE BATH SEP SHOWER-TUB. COMP WIFI,Superior Room
23638,JEAN GEORGES BED AND BREAKFAST|SUPERIOR CTYD QUEEN RM. 400 SQFT. COURTYRD VIEW LARGE MARBLE BATH SEP SHOWER-TUB. COMP WIFI,Superior Room
23639,BEST AVAILABLE RATE|SUPERIOR CTYD KING RM. 450 SQFT. COURTYARD VIEW LRGE MARBLE BATH SEP SHOWER-TUB. COMP WIFI,Superior Room
23640,JEAN GEORGES BED AND BREAKFAST|SUPERIOR CTYD KING RM. 450 SQFT. COURTYARD VIEW LRGE MARBLE BATH SEP SHOWER-TUB. COMP WIFI,Superior Room
23641,PREFERRED PRIDE|SUPERIOR CTYD QUEEN RM. 400 SQFT. COURTYRD VIEW LARGE MARBLE BATH SEP SHOWER-TUB. COMP WIFI,Superior Room
23643,PREFERRED PRIDE|SUPERIOR CTYD KING RM. 450 SQFT. COURTYARD VIEW LRGE MARBLE BATH SEP SHOWER-TUB. COMP WIFI,Superior Room
23658,WELLNESS PACKAGE|SUPERIOR CTYD QUEEN RM. 400 SQFT. COURTYRD VIEW LARGE MARBLE BATH SEP SHOWER-TUB. COMP WIFI,Superior Room
23660,WELLNESS PACKAGE|SUPERIOR CTYD KING RM. 450 SQFT. COURTYARD VIEW LRGE MARBLE BATH SEP SHOWER-TUB. COMP WIFI,Superior Room
23676,FLEXIBLE RATE|2 QUEEN SUPERIOR ROOM 450 SQ FT - 2 FULL BATH - SOFA - FRIDGE,Superior Room
23709,MRATE AVAIL BOOK WITH CONFIDEN|SUPERIOR KING,Superior Room
23733,2X POINTS|2 QUEEN SUPERIOR ROOM 450 SQ FT - 2 FULL BATH - SOFA - FRIDGE,Superior Room
23769,BREAKFAST INCLUDED|2 QUEEN SUPERIOR ROOM 450 SQ FT - 2 FULL BATH - SOFA - FRIDGE,Superior Room
23782,"SUPERIOR ROOM - HIRAFU VIEW -|SUPERIOR ROOM: 2 TWIN BEDS323-SQ-FOOT ROOM WITH A BALCONY RELAX - IN-ROOM MASSAGE AVAILABLEINTERNET - FREE WIFI AND WIRED INTERNET ACCESSENTERTAINMENT - FLAT-SCREEN TV, SATELLITE CHANNELS, AND DVD PLAYERFOOD   DRINK - REFRIGERATOR, COFFEE/TEA MAKER, AND FREE BOTTLED WATERSLEEP - PREMIUM BEDDING, A DOWN DUVET, A PILLOW MENU, AND BLACKOUT DRAPES/CURTAINS BATHROOM - PRIVATE BATHROOM, SHOWER, SLIPPERS, AND FREE TOILETRIESPRACTICAL - SAFE, DESK, AND PHONECOMFORT - CLIMATE-CONTROLLED AIR CONDITIONING AND DAILY HOUSEKEEPINGACCESSIBILITY - WHEELCHAIR ACCESSIBLENEED TO KNOW - NO CRIBS  INFANT BEDS  AVAILABLENON-SMOKING, RENOVATED IN DECEMBER 2015CONNECTING/ADJOINING ROOMS CAN BE REQUESTED, SUBJECT TO AVAILABILITY BREAKFAST INCLUDED HOTEL BUILT IN: 2012 CLASSIC CONCIERGE SERVICE SHUTTLE SERVICE TO THE AIRPORT AIRPORT: 62.073 KM, LAST NAME: OKADAMA AIRPORT  OKD , TRAVEL TIME BY PUBLIC TRANSPORT: 0 MIN, IATA CODE: OKD AIRPORT: 81.343 KM, LAST NAME: NEW CHITOSE AIRPORT  CTS , TRAVEL TIME BY PUBLIC TRANSPORT: 0 MIN, IATA CODE: QOT AIRPORT: 121.668 KM, LAST NAME: HAKODATE AIRPORT  HKD , TRAVEL TIME BY PUBLIC TRANSPORT: 0 MIN, IATA CODE: HKD CITY/TOWN CENTER: 6.314 KM, LAST NAME: NISEKO-CHO, TRAVEL TIME BY PUBLIC TRANSPORT: 0 MIN CENTRAL TRAIN STATION: 2.145 KM, LAST NAME: HIRAFU, TRAVEL TIME BY PUBLIC TRANSPORT: 0 MIN FRIDGE IRON   IRONING BOARD BREAKFAST HOTEL BAR GARDEN/PARK ELEVATOR RECEPTION  LOBBY BABYSITTER  HOUR LAUNDRY SERVICE TOTAL NUMBER OF ROOMS: 78 ROOMS WITH CONNECTING DOOR: 0 HOTEL-OWNED CAR PARK BATHROOM WITH SHOWER HAIRDRYER ROOM SAFE SATELLITE TV",Superior Room
23783,"SUPERIOR ROOM - MT. YOTEI VIEW|SUPERIOR ROOM: 2 TWIN BEDS322-SQ-FOOT ROOM WITH A BALCONY RELAX - IN-ROOM MASSAGE AVAILABLEINTERNET - FREE WIFI AND WIRED INTERNET ACCESSENTERTAINMENT - FLAT-SCREEN TV, SATELLITE CHANNELS, AND DVD PLAYERFOOD   DRINK - REFRIGERATOR, COFFEE/TEA MAKER, AND FREE BOTTLED WATERSLEEP - PREMIUM BEDDING, A DOWN DUVET, A PILLOW MENU, AND BLACKOUT DRAPES/CURTAINS BATHROOM - PRIVATE BATHROOM, SHOWER, SLIPPERS, AND FREE TOILETRIESPRACTICAL - SAFE, DESK, AND PHONE  FREE CRIBS/INFANT BEDS AVAILABLE ON REQUESTCOMFORT - CLIMATE-CONTROLLED AIR CONDITIONING AND DAILY HOUSEKEEPINGACCESSIBILITY - WHEELCHAIR ACCESSIBLENON-SMOKINGCONNECTING/ADJOINING ROOMS CAN BE REQUESTED, SUBJECT TO AVAILABILITY BREAKFAST INCLUDED HOTEL BUILT IN: 2012 CLASSIC CONCIERGE SERVICE SHUTTLE SERVICE TO THE AIRPORT AIRPORT: 62.073 KM, LAST NAME: OKADAMA AIRPORT  OKD , TRAVEL TIME BY PUBLIC TRANSPORT: 0 MIN, IATA CODE: OKD AIRPORT: 81.343 KM, LAST NAME: NEW CHITOSE AIRPORT  CTS , TRAVEL TIME BY PUBLIC TRANSPORT: 0 MIN, IATA CODE: QOT AIRPORT: 121.668 KM, LAST NAME: HAKODATE AIRPORT  HKD , TRAVEL TIME BY PUBLIC TRANSPORT: 0 MIN, IATA CODE: HKD CITY/TOWN CENTER: 6.314 KM, LAST NAME: NISEKO-CHO, TRAVEL TIME BY PUBLIC TRANSPORT: 0 MIN CENTRAL TRAIN STATION: 2.145 KM, LAST NAME: HIRAFU, TRAVEL TIME BY PUBLIC TRANSPORT: 0 MIN FRIDGE IRON   IRONING BOARD BREAKFAST HOTEL BAR GARDEN/PARK ELEVATOR RECEPTION  LOBBY BABYSITTER  HOUR LAUNDRY SERVICE TOTAL NUMBER OF ROOMS: 78 ROOMS WITH CONNECTING DOOR: 0 HOTEL-OWNED CAR PARK BATHROOM WITH SHOWER HAIRDRYER ROOM SAFE SATELLITE TV",Superior Room
23787,MRATE AVAIL FLEXIBLE RATE|SUPERIOR KING,Superior Room
23790,MRATE AVAIL FLEXIBLE RATE - BB|SUPERIOR KING,Superior Room
23804,IN THE ART OF NEW YORK|SUPERIOR CTYD KING RM. 450 SQFT. COURTYARD VIEW LRGE MARBLE BATH SEP SHOWER-TUB. COMP WIFI,Superior Room
23805,IN THE ART OF NEW YORK|SUPERIOR CTYD QUEEN RM. 400 SQFT. COURTYRD VIEW LARGE MARBLE BATH SEP SHOWER-TUB. COMP WIFI,Superior Room
23817,"REGULAR RATE|FLEXIBLE RATE, SUPERIOR ROOM, GUEST ROOM, 1 KING",Superior Room
23894,"MRATE AVAIL BOOK WITH CONFIDEN|SUPERIOR ROOM, 1 QUEEN SIZE BED, BALCONY",Superior Room
23931,MRATE AVAIL BOOK WITH CONFIDEN|SUPERIOR ROOM WITH 1 KING-SIZE BED,Superior Room
23949,CCS PUBLIC SECTOR RATE BB|SUPERIOR ROOM WITH KING BED,Superior Room
23966,TRIP ADVISOR PLUS RATE- 15  OF|ACCESSIBLE SUPERIOR ROOM-TWO QUEEN SERTA BEDS-FREE WIFI-SHOWER GRAB BARS-MAX 4 PPL,Superior Room
24055,"MRATE AVAIL BOOK WITH CONFIDEN|SUPERIOR SUITE, LIVING ROOM AND BEDROOM, LARGED OUBLE BED, SOFA BED, ALSO IDEAL FOR FAMILIES",Superior Suite
24077,"MRATE AVAIL FLEXIBLE RATE|SUPERIOR SUITE, LIVING ROOM AND BEDROOM, LARGED OUBLE BED, SOFA BED, ALSO IDEAL FOR FAMILIES",Superior Suite
24078,"MRATE AVAIL PREMIUM ONLINE PAC|SUPERIOR SUITE, LIVING ROOM AND BEDROOM, LARGED OUBLE BED, SOFA BED, ALSO IDEAL FOR FAMILIES",Superior Suite
24159,BEST AVAILABLE RATE|ONE BEDROOM SUPERIOR SUITE CITY VIEWS QUEEN BED KITCHEN LAUNDRY LCD TV BALCONY PARKING 20.00/NT - BOOKINGS REQ UNLIMITED WIFI INCLUDED,Superior Suite
24162,BEST AVAILABLE RATE|ONE BEDROOM SUPERIOR SUITE QUEEN BED KITCHEN LAUNDRY LCD TV BALCONY PARKING 20.00/NT - BOOKINGS REQ UNLIMITED WIFI INCLUDED,Superior Suite
24167,BEST AVAILABLE RATE|TWO BEDROOM SUPERIOR SUITE CITY VIEWS QUEEN BEDS KITCHEN LAUNDRY LCD TV BALCONY PARKING 20.00/NT - BOOKINGS REQ UNLIMITED WIFI INCLUDED,Superior Suite
24222,BEST AVAILABLE RATE ROOM ONLY|SUPERIOR SUITE 50SQM540SFT CITY-INNER VIEW,Superior Suite
24223,BREAKFAST INCLUSIVE - FLEXIBLE|SUPERIOR SUITE 50SQM540SFT CITY-INNER VIEW,Superior Suite
24235,GOVERNMENT COMMISSONABLE|ONE BEDROOM SUPERIOR SUITE QUEEN BED KITCHEN LAUNDRY LCD TV BALCONY COMP UNLMTD WIFI PARKING 20 PER NIGHT BKG RQD GOVT ID REQUIRED AT CHECKIN,Superior Suite
24242,SUPER SAVER PROMOTION|SUPERIOR SUITE 50SQM540SFT CITY-INNER VIEW,Superior Suite
24243,GOVERNMENT COMMISSONABLE|ONE BEDROOM SUPERIOR SUITE CITY VIEWS QUEEN BED KITCHEN LAUNDRY LCD TV BALCONY COMP UNLMTD WIFI PARKING 20 PER NIGHT BKG RQD GOVT ID REQUIRED AT CHECKIN,Superior Suite
24244,MRATE AVAIL BOOK WITH CONFIDEN|SUPERIOR SUITE WITH 1 DOUBLE BED,Superior Suite
24257,GOVERNMENT COMMISSONABLE|TWO BEDROOM SUPERIOR SUITE CITY VIEWS QUEEN BEDS KITCHEN LAUNDRY LCD TV BALCONY COMP UNLMTD WIFI PARKING 20 PER NIGHT BKG RQD GOVT ID REQUIRED AT CHECKIN,Superior Suite
24281,SAVER PROMOTION|SUPERIOR SUITE 50SQM540SFT CITY-INNER VIEW,Superior Suite
24368,MRATE AVAIL FLEXIBLE RATE|SUPERIOR SUITE WITH 1 DOUBLE BED,Superior Suite
24378,MRATE AVAIL FLEXIBLE RATE - BB|SUPERIOR SUITE WITH 1 DOUBLE BED,Superior Suite
24402,BEST AVAILABLE RATE INCL WIFI|1 BDRM SUPERIOR SUITE-1 KING-FREE WIFI FULL KITCHEN-LAUNDRY-CITY VIEWS-48SQM,Superior Suite
24411,FLEXIBLE RATE|KING SUPERIOR SUITE SPACIOUS LOUNGE CKUB LOUNGE ACCESS,Superior Suite
24424,"REGULAR RATE|FLEXIBLE RATE, SUPERIOR SUITE, 1 BEDROOM SUITE, 1 KING",Superior Suite
24447,BEST FLEXIBLE RATE|1BDRM SUPERIOR SUITE KING BED 35SQM AIRCON COVID SAFE KITCHEN FREE WIFI MINI FRIDGE FREE AIRPORT SHUTTLE FREE WIFI,Superior Suite
24487,MRATE AVAIL BOOK WITH CONFIDEN|SUPERIOR SUITE WITH 1 DOUBLE BED AND 1 SINGLE B ED,Superior Suite
24495,"AAA RATE|1 KING SUPERIOR SUITE NSMK WITH FREE WIFI, FREE HOT BREAKFAST, HOT TUB, SOFA BED, FIREPLACE",Superior Suite
24497,"WYNDHAM REWARDS DOUBLE POINTS|1 KING SUPERIOR SUITE NSMK WITH FREE WIFI, FREE HOT BREAKFAST, HOT TUB, SOFA BED, FIREPLACE",Superior Suite
24499,"BEST AVAILABLE RATE FLEXIBLE|1 KING SUPERIOR SUITE NSMK WITH FREE WIFI, FREE HOT BREAKFAST, HOT TUB, SOFA BED, FIREPLACE",Superior Suite
24526,GOVERNMENT NON COM|ONE BEDROOM SUPERIOR SUITE CITY VIEWS QUEEN BED KITCHEN LAUNDRY LCD TV BALCONY COMP UNLMTD WIFI PARKING 20 PER NIGHT BKG RQD GOVT ID REQUIRED AT CHECKIN,Superior Suite
24532,GOVERNMENT NON COM|ONE BEDROOM SUPERIOR SUITE QUEEN BED KITCHEN LAUNDRY LCD TV BALCONY COMP UNLMTD WIFI PARKING 20 PER NIGHT BKG RQD GOVT ID REQUIRED AT CHECKIN,Superior Suite
24607,"REGULAR RATE|FLEXIBLE RATE, SUPERIOR SUITE, 1 BEDROOM SUITE, 1 KING",Superior Suite
24621,MRATE AVAIL BOOK WITH CONFIDEN|SUPERIOR SUITE WITH 1 DOUBLE BED AND 1 SINGLE S OFA BED,Superior Suite
24624,MRATE AVAIL BOOK WITH CONFIDEN|SUPERIOR SUITE WITH 1 DOUBLE BED,Superior Suite
24644,MRATE AVAIL BOOK WITH CONFIDEN|SUPERIOR SUITE WITH 1 DOUBLE BED AND 1 SINGLE B ED,Superior Suite
24681,"GOVERNMENT RATE|EMPLOYEE ID REQUIRED AT CHECK IN SUPERIOR SUITE WITH 1 KINGSIZE BED, WITH BALCON",Superior Suite
24685,"FLEXIBLE RATE|SUPERIOR SUITE WITH 1 KINGSIZE BED, WITH BALCON Y",Superior Suite
24688,"FLEXIBLE RATE|SUPERIOR SUITE WITH 1 QUEENSIZE BED, WITH BALCO NY",Superior Suite
24690,"GOVERNMENT RATE|EMPLOYEE ID REQUIRED AT CHECK IN SUPERIOR SUITE WITH 1 QUEENSIZE BED, WITH BALCO",Superior Suite
24706,BEST AVAIL. RATE DINNER-HB/HAL|SUPERIOR SUITE WITH 1 DOUBLE BED,Superior Suite
24747,GOVERNMENT NON COM|TWO BEDROOM SUPERIOR SUITE CITY VIEWS QUEEN BEDS KITCHEN LAUNDRY LCD TV BALCONY COMP UNLMTD WIFI PARKING 20 PER NIGHT BKG RQD GOVT ID REQUIRED AT CHECKIN,Superior Suite
24798,MRATE AVAIL BOOK WITH CONFIDEN|SUPERIOR SUITE WITH 1 DOUBLE BED,Superior Suite
24799,MRATE AVAIL BOOK WITH CONFIDEN|FAMILY SUPERIOR SUITE WITH 1 DOUBLE BED AND 1 S INGLE SOFA BED,Superior Suite
24828,MRATE AVAIL FLEXIBLE RATE|SUPERIOR SUITE WITH 1 DOUBLE BED AND 1 SINGLE B ED,Superior Suite
24834,MRATE AVAIL FLEXIBLE RATE - BB|SUPERIOR SUITE WITH 1 DOUBLE BED AND 1 SINGLE B ED,Superior Suite
24879,MRATE AVAIL BOOK WITH CONFIDEN|SUPERIOR SUITE WITH 1 DOUBLE BED AND 1 SINGLE B ED,Superior Suite
24891,MRATE AVAIL BOOK WITH CONFIDEN|SUPERIOR SUITE WITH 1 DOUBLE BED AND 2 SINGLE B EDS,Superior Suite
24916,"BEST FLEXIBLE RATE|SUPERIOR SUITE ENJOY 1,200 SQ. FT. OF PURE LUXURY OVERLOOKING THE FORT POINT CHANNEL. ENJOY A WELCOME GIFT.",Superior Suite
24932,"DAILY PARKING PKG PACKAGE|INCLUDES ROOM ACCOMMODATIONS AND PARKING FOR SUPERIOR SUITE ENJOY 1,200 SQ. FT. OF PURE LUXURY OVERLOOKING THE FORT POINT CHANNEL. ENJOY A WELCOME GIFT.",Superior Suite
24951,"AAA RATE|1 KING BED SUPERIOR SUITE NSMK WITH FREE WIFI, FREE BREAKFAST, SOFA BED, HOT TUB, FIREPLACE",Superior Suite
24953,"WYNDHAM REWARDS DOUBLE POINTS|1 KING BED SUPERIOR SUITE NSMK WITH FREE WIFI, FREE BREAKFAST, SOFA BED, HOT TUB, FIREPLACE",Superior Suite
24958,"SENIOR DISCOUNT|1 KING BED SUPERIOR SUITE NSMK WITH FREE WIFI, FREE BREAKFAST, SOFA BED, HOT TUB, FIREPLACE",Superior Suite
24962,"BEST AVAILABLE RATE FLEXIBLE|1 KING BED SUPERIOR SUITE NSMK WITH FREE WIFI, FREE BREAKFAST, SOFA BED, HOT TUB, FIREPLACE",Superior Suite
24974,"PULLMAN TIME TO ENJOY-HB/HALFB|SUPERIOR SUITE, 1 KING SIZE BED, CITY VIEW",Superior Suite
24975,MRATE AVAIL BOOK WITH CONFIDEN|SUPERIOR SUITE WITH 1 DOUBLE BED,Superior Suite
25057,FLEXIBLE RATE|2 ROOM PREMIUM SUITE-1 KING BED-NONSMOKING INCLUDES WIFI AND IN-SUITE DRINKS/SNACKS,Premier Suite
25063,BEST AVAILABLE RATE|TWO BDRM PREMIER STE. 1640 SQ FT 153 SQM LV RM. CHEFS KITCHEN 2.5 BATHRMS. COMP WIFI,Premier Suite
25064,JEAN GEORGES BED AND BREAKFAST|TWO BDRM PREMIER STE. 1640 SQ FT 153 SQM LV RM. CHEFS KITCHEN 2.5 BATHRMS. COMP WIFI,Premier Suite
25065,PREFERRED PRIDE|TWO BDRM PREMIER STE. 1640 SQ FT 153 SQM LV RM. CHEFS KITCHEN 2.5 BATHRMS. COMP WIFI,Premier Suite
25066,SUITE SLUMBER PARTY|TWO BDRM PREMIER STE. 1640 SQ FT 153 SQM LV RM. CHEFS KITCHEN 2.5 BATHRMS. COMP WIFI,Premier Suite
25067,BEST AVAILABLE RATE|1 BDRM PREMIER STE. KN BED. 1000 SQFT. 93 SQM VIEW 77 ST. LV RM. KTCHN 1.5 BATHRMS. COMP WIFI,Premier Suite
25068,JEAN GEORGES BED AND BREAKFAST|1 BDRM PREMIER STE. KN BED. 1000 SQFT. 93 SQM VIEW 77 ST. LV RM. KTCHN 1.5 BATHRMS. COMP WIFI,Premier Suite
25069,PREFERRED PRIDE|1 BDRM PREMIER STE. KN BED. 1000 SQFT. 93 SQM VIEW 77 ST. LV RM. KTCHN 1.5 BATHRMS. COMP WIFI,Premier Suite
25070,SUITE SLUMBER PARTY|1 BDRM PREMIER STE. KN BED. 1000 SQFT. 93 SQM VIEW 77 ST. LV RM. KTCHN 1.5 BATHRMS. COMP WIFI,Premier Suite
25074,FLEXIBLE RATE|2 ROOM PREMIUM SUITE-1 KING BED-NONSMOKING INCLUDES WIFI AND IN-SUITE DRINKS/SNACKS,Premier Suite
25076,FLEXIBLE RATE|2 ROOM PREMIUM SUITE-1 KING BED-NONSMOKING INCLUDES WIFI AND IN-SUITE DRINKS/SNACKS,Premier Suite
25082,2X POINTS PACKAGE|2 ROOM PREMIUM SUITE-1 KING BED-NONSMOKING INCLUDES WIFI AND IN-SUITE DRINKS/SNACKS,Premier Suite
25083,2X POINTS PACKAGE|2 ROOM PREMIUM SUITE-1 KING BED-NONSMOKING INCLUDES WIFI AND IN-SUITE DRINKS/SNACKS,Premier Suite
25087,SEMI-FLEX|2 ROOM PREMIUM SUITE-1 KING BED-NONSMOKING INCLUDES WIFI AND IN-SUITE DRINKS/SNACKS,Premier Suite
25088,SEMI-FLEX|2 ROOM PREMIUM SUITE-1 KING BED-NONSMOKING INCLUDES WIFI AND IN-SUITE DRINKS/SNACKS,Premier Suite
25090,2X POINTS PACKAGE|2 ROOM PREMIUM SUITE-1 KING BED-NONSMOKING INCLUDES WIFI AND IN-SUITE DRINKS/SNACKS,Premier Suite
25094,FLEXIBLE RATE|2 ROOM PREMIUM SUITE-2 QUEENS BEDS-NONSMOKING INCLUDES WIFI AND IN-SUITE DRINKS/SNACKS,Premier Suite
25110,PREMIUM WI-FI|2 ROOM PREMIUM SUITE-1 KING BED-NONSMOKING INCLUDES WIFI AND IN-SUITE DRINKS/SNACKS,Premier Suite
25113,SEMI-FLEX|2 ROOM PREMIUM SUITE-2 QUEENS BEDS-NONSMOKING INCLUDES WIFI AND IN-SUITE DRINKS/SNACKS,Premier Suite
25115,SEMI-FLEX|2 ROOM PREMIUM SUITE-1 KING BED-NONSMOKING INCLUDES WIFI AND IN-SUITE DRINKS/SNACKS,Premier Suite
25120,2X POINTS PACKAGE|2 ROOM CORNER PREMIUM SUITE-1 KING BED NOSMOK INCLUDES WIFI AND IN-SUITE DRINKS/SNACKS,Premier Suite
25124,WELLNESS PACKAGE|TWO BDRM PREMIER STE. 1640 SQ FT 153 SQM LV RM. CHEFS KITCHEN 2.5 BATHRMS. COMP WIFI,Premier Suite
25125,WELLNESS PACKAGE|1 BDRM PREMIER STE. KN BED. 1000 SQFT. 93 SQM VIEW 77 ST. LV RM. KTCHN 1.5 BATHRMS. COMP WIFI,Premier Suite
25130,FLEXIBLE RATE|2 ROOM PREMIUM SUITE-1 KING BED-NONSMOKING INCLUDES WIFI AND IN-SUITE DRINKS/SNACKS,Premier Suite
25140,FLEXIBLE RATE|2 ROOM PREMIUM SUITE-1 KING BED-NONSMOKING INCLUDES WIFI AND IN-SUITE DRINKS/SNACKS,Premier Suite
25144,FLEXIBLE RATE|2 ROOM PREMIUM SUITE-2 DOUBLE BEDS-NONSMOKING INCLUDES WIFI AND IN-SUITE DRINKS/SNACKS,Premier Suite
25146,2X POINTS PACKAGE|2 ROOM PREMIUM SUITE-1 KING BED-NONSMOKING INCLUDES WIFI AND IN-SUITE DRINKS/SNACKS,Premier Suite
25150,FLEXIBLE RATE|2 ROOM CORNER PREMIUM SUITE-1 KING BED NOSMOK INCLUDES WIFI AND IN-SUITE DRINKS/SNACKS,Premier Suite
25154,2X POINTS PACKAGE|2 ROOM PREMIUM SUITE-2 DOUBLE BEDS-NONSMOKING INCLUDES WIFI AND IN-SUITE DRINKS/SNACKS,Premier Suite
25159,FLEXIBLE RATE|2 ROOM PREMIUM SUITE-1 KING BED-NONSMOKING INCLUDES WIFI AND IN-SUITE DRINKS/SNACKS,Premier Suite
25163,FLEXIBLE RATE|2 ROOM PREMIUM SUITE-1 KING BED-NONSMOKING INCLUDES WIFI AND IN-SUITE DRINKS/SNACKS,Premier Suite
25169,2X POINTS PACKAGE|2 ROOM PREMIUM SUITE-1 KING BED-NONSMOKING INCLUDES WIFI AND IN-SUITE DRINKS/SNACKS,Premier Suite
25170,FLEXIBLE RATE|2 ROOM PREMIUM SUITE-2 DOUBLE BEDS-NONSMOKING INCLUDES WIFI AND IN-SUITE DRINKS/SNACKS,Premier Suite
25172,2X POINTS PACKAGE|2 ROOM CORNER PREMIUM SUITE-1 KING BED NOSMOK INCLUDES WIFI AND IN-SUITE DRINKS/SNACKS,Premier Suite
25177,CWT PROGRAM -HONORS SEMI-FLEX|2 ROOM PREMIUM SUITE-1 KING BED-NONSMOKING INCLUDES WIFI AND IN-SUITE DRINKS/SNACKS,Premier Suite
25178,2X POINTS PACKAGE|2 ROOM PREMIUM SUITE-1 KING BED-NONSMOKING INCLUDES WIFI AND IN-SUITE DRINKS/SNACKS,Premier Suite
25179,FLEXIBLE RATE|2 ROOM PREMIUM SUITE-1 KING BED-NONSMOKING INCLUDES WIFI AND IN-SUITE DRINKS/SNACKS,Premier Suite
25181,SEMI-FLEX|2 ROOM PREMIUM SUITE-1 KING BED-NONSMOKING INCLUDES WIFI AND IN-SUITE DRINKS/SNACKS,Premier Suite
25185,2X POINTS PACKAGE|2 ROOM PREMIUM SUITE-1 KING BED-NONSMOKING INCLUDES WIFI AND IN-SUITE DRINKS/SNACKS,Premier Suite
25188,SEMI-FLEX|2 ROOM CORNER PREMIUM SUITE-1 KING BED NOSMOK INCLUDES WIFI AND IN-SUITE DRINKS/SNACKS,Premier Suite
25190,FLEXIBLE RATE|2 ROOM PREMIUM SUITE - 1 KING BED INCLUDES WIFI AND IN-SUITE DRINKS/SNACKS,Premier Suite
25194,CWT PROGRAM -HONORS SEMI-FLEX|2 ROOM PREMIUM SUITE-1 KING BED-NONSMOKING INCLUDES WIFI AND IN-SUITE DRINKS/SNACKS,Premier Suite
25195,FLEXIBLE RATE|2 ROOM PREMIUM SUITE-1 KING BED-NONSMOKING INCLUDES WIFI AND IN-SUITE DRINKS/SNACKS,Premier Suite
25197,SEMI-FLEX|2 ROOM PREMIUM SUITE-1 KING BED-NONSMOKING INCLUDES WIFI AND IN-SUITE DRINKS/SNACKS,Premier Suite
25199,FLEXIBLE RATE|2 ROOM PREMIUM SUITE-1 KING BED-NONSMOKING INCLUDES WIFI AND IN-SUITE DRINKS/SNACKS,Premier Suite
25200,FLEXIBLE RATE|2 ROOM PREMIUM SUITE-2 QUEENS BEDS-NONSMOKING INCLUDES WIFI AND IN-SUITE DRINKS/SNACKS,Premier Suite
25203,FLEXIBLE RATE|2 ROOM PREMIUM SUITE-2 DOUBLE BEDS-NONSMOKING INCLUDES WIFI AND IN-SUITE DRINKS/SNACKS,Premier Suite
25209,2X POINTS PACKAGE|2 ROOM PREMIUM SUITE-1 KING BED-NONSMOKING INCLUDES WIFI AND IN-SUITE DRINKS/SNACKS,Premier Suite
25211,2X POINTS PACKAGE|2 ROOM PREMIUM SUITE-2 DOUBLE BEDS-NONSMOKING INCLUDES WIFI AND IN-SUITE DRINKS/SNACKS,Premier Suite
25213,FLEXIBLE RATE|2 ROOM PREMIUM SUITE - 2 DOUBLE BEDS INCLUDES WIFI AND IN-SUITE DRINKS/SNACKS,Premier Suite
25219,SEMI-FLEX|2 ROOM PREMIUM SUITE-2 QUEENS BEDS-NONSMOKING INCLUDES WIFI AND IN-SUITE DRINKS/SNACKS,Premier Suite
25221,2X POINTS PACKAGE|2 ROOM PREMIUM SUITE-2 QUEENS BEDS-NONSMOKING INCLUDES WIFI AND IN-SUITE DRINKS/SNACKS,Premier Suite
25225,FLEXIBLE RATE|2 ROOM PREMIUM SUITE-1 KING BED-NONSMOKING INCLUDES WIFI AND IN-SUITE DRINKS/SNACKS,Premier Suite
25226,FLEXIBLE RATE|2 ROOM PREMIUM SUITE-1 KING BED-NONSMOKING INCLUDES WIFI AND IN-SUITE DRINKS/SNACKS,Premier Suite
25228,CWT PROGRAM -HONORS SEMI-FLEX|2 ROOM PREMIUM SUITE-2 QUEENS BEDS-NONSMOKING INCLUDES WIFI AND IN-SUITE DRINKS/SNACKS,Premier Suite
25231,FLEXIBLE RATE|2 ROOM PREMIUM SUITE-1 KING BED-NONSMOKING INCLUDES WIFI AND IN-SUITE DRINKS/SNACKS,Premier Suite
25235,2X POINTS PACKAGE|2 ROOM PREMIUM SUITE-1 KING BED-NONSMOKING INCLUDES WIFI AND IN-SUITE DRINKS/SNACKS,Premier Suite
25242,2X POINTS PACKAGE|2 ROOM PREMIUM SUITE-1 KING BED-NONSMOKING INCLUDES WIFI AND IN-SUITE DRINKS/SNACKS,Premier Suite
25244,FLEXIBLE RATE|2 ROOM PREMIUM SUITE-1 KING BED-NONSMOKING INCLUDES WIFI AND IN-SUITE DRINKS/SNACKS,Premier Suite
25245,CWT PROGRAM -SEMI FLEX|2 ROOM PREMIUM SUITE-1 KING BED-NONSMOKING INCLUDES WIFI AND IN-SUITE DRINKS/SNACKS,Premier Suite
25257,PREMIUM WI-FI|2 ROOM PREMIUM SUITE-1 KING BED-NONSMOKING INCLUDES WIFI AND IN-SUITE DRINKS/SNACKS,Premier Suite
25264,FLEXIBLE RATE|2 ROOM PREMIUM SUITE-2 QUEEN BEDS-NONSMOKING INCLUDES WIFI AND IN-SUITE DRINKS/SNACKS,Premier Suite
25266,2X POINTS PACKAGE|2 ROOM PREMIUM SUITE-1 KING BED-NONSMOKING INCLUDES WIFI AND IN-SUITE DRINKS/SNACKS,Premier Suite
25267,2X POINTS PACKAGE|2 ROOM PREMIUM SUITE-2 DOUBLE BEDS-NONSMOKING INCLUDES WIFI AND IN-SUITE DRINKS/SNACKS,Premier Suite
25268,SEMI-FLEX|2 ROOM PREMIUM SUITE-1 KING BED-NONSMOKING INCLUDES WIFI AND IN-SUITE DRINKS/SNACKS,Premier Suite
25269,2X POINTS PACKAGE|2 ROOM PREMIUM SUITE-1 KING BED-NONSMOKING INCLUDES WIFI AND IN-SUITE DRINKS/SNACKS,Premier Suite
25271,FLEXIBLE RATE|2 ROOM PREMIUM SUITE-1 KING BED-NONSMOKING INCLUDES WIFI AND IN-SUITE DRINKS/SNACKS,Premier Suite
25275,SEMI-FLEX|2 ROOM PREMIUM SUITE-1 KING BED-NONSMOKING INCLUDES WIFI AND IN-SUITE DRINKS/SNACKS,Premier Suite
25277,FLEXIBLE RATE|2 ROOM PREMIUM SUITE-1 KING BED-NONSMOKING INCLUDES WIFI AND IN-SUITE DRINKS/SNACKS,Premier Suite
25278,SEMI-FLEX|2 ROOM PREMIUM SUITE-2 DOUBLE BEDS-NONSMOKING INCLUDES WIFI AND IN-SUITE DRINKS/SNACKS,Premier Suite
25281,FLEXIBLE RATE|2 ROOM PREMIUM SUITE-1 KING BED-NONSMOKING INCLUDES WIFI AND IN-SUITE DRINKS/SNACKS,Premier Suite
25282,SEMI-FLEX|2 ROOM PREMIUM SUITE-1 KING BED-NONSMOKING INCLUDES WIFI AND IN-SUITE DRINKS/SNACKS,Premier Suite
25286,2X POINTS PACKAGE|2 ROOM PREMIUM SUITE - 1 KING BED INCLUDES WIFI AND IN-SUITE DRINKS/SNACKS,Premier Suite
25295,CWT PROGRAM -HONORS SEMI-FLEX|2 ROOM PREMIUM SUITE-1 KING BED-NONSMOKING INCLUDES WIFI AND IN-SUITE DRINKS/SNACKS,Premier Suite
25298,FLEXIBLE RATE|2 ROOM PREMIUM SUITE-2 DOUBLE BEDS-NONSMOKING INCLUDES WIFI AND IN-SUITE DRINKS/SNACKS,Premier Suite
25299,CWT PROGRAM -HONORS SEMI-FLEX|2 ROOM CORNER PREMIUM SUITE-1 KING BED NOSMOK INCLUDES WIFI AND IN-SUITE DRINKS/SNACKS,Premier Suite
25301,2X POINTS PACKAGE|2 ROOM PREMIUM SUITE-1 KING BED-NONSMOKING INCLUDES WIFI AND IN-SUITE DRINKS/SNACKS,Premier Suite
25302,SEMI-FLEX|2 ROOM PREMIUM SUITE-1 KING BED-NONSMOKING INCLUDES WIFI AND IN-SUITE DRINKS/SNACKS,Premier Suite
25305,2X POINTS PACKAGE|2 ROOM PREMIUM SUITE-1 KING BED-NONSMOKING INCLUDES WIFI AND IN-SUITE DRINKS/SNACKS,Premier Suite
25308,FLEXIBLE RATE|2 ROOM PREMIUM SUITE-2 DOUBLE BEDS-NONSMOKING INCLUDES WIFI AND IN-SUITE DRINKS/SNACKS,Premier Suite
25310,FLEXIBLE RATE|2 ROOM PREMIUM SUITE-1 KING BED-NONSMOKING INCLUDES WIFI AND IN-SUITE DRINKS/SNACKS,Premier Suite
25311,CWT PROGRAM -SEMI FLEX|2 ROOM PREMIUM SUITE-1 KING BED-NONSMOKING INCLUDES WIFI AND IN-SUITE DRINKS/SNACKS,Premier Suite
25315,FLEXIBLE RATE|2 ROOM PREMIUM SUITE-2 DOUBLE BEDS-NONSMOKING INCLUDES WIFI AND IN-SUITE DRINKS/SNACKS,Premier Suite
25317,2X POINTS PACKAGE|2 ROOM PREMIUM SUITE-1 KING BED-NONSMOKING INCLUDES WIFI AND IN-SUITE DRINKS/SNACKS,Premier Suite
25320,FLEXIBLE RATE|2 RM PREMIUM SUITE-1 KING BED-CITYVIEW-NOSMOK INCLUDES WIFI AND IN-SUITE DRINKS/SNACKS,Premier Suite
25321,2X POINTS PACKAGE|2 ROOM PREMIUM SUITE-2 DOUBLE BEDS-NONSMOKING INCLUDES WIFI AND IN-SUITE DRINKS/SNACKS,Premier Suite
25322,2X POINTS PACKAGE|2 ROOM PREMIUM SUITE-2 QUEEN BEDS-NONSMOKING INCLUDES WIFI AND IN-SUITE DRINKS/SNACKS,Premier Suite
25323,PREMIUM WI-FI|2 ROOM PREMIUM SUITE-1 KING BED-NONSMOKING INCLUDES WIFI AND IN-SUITE DRINKS/SNACKS,Premier Suite
25328,FLEXIBLE RATE|2 ROOM PREMIUM SUITE-2 QUEENS BEDS-NONSMOKING INCLUDES WIFI AND IN-SUITE DRINKS/SNACKS,Premier Suite
25332,PREMIUM WI-FI|2 ROOM PREMIUM SUITE-1 KING BED-NONSMOKING INCLUDES WIFI AND IN-SUITE DRINKS/SNACKS,Premier Suite
25333,2X POINTS PACKAGE|2 ROOM PREMIUM SUITE-2 QUEENS BEDS-NONSMOKING INCLUDES WIFI AND IN-SUITE DRINKS/SNACKS,Premier Suite
25334,2X POINTS PACKAGE|2 ROOM PREMIUM SUITE-2 DOUBLE BEDS-NONSMOKING INCLUDES WIFI AND IN-SUITE DRINKS/SNACKS,Premier Suite
25341,PREMIUM WI-FI|2 ROOM PREMIUM SUITE-2 DOUBLE BEDS-NONSMOKING INCLUDES WIFI AND IN-SUITE DRINKS/SNACKS,Premier Suite
25342,SEMI-FLEX|2 ROOM PREMIUM SUITE-2 DOUBLE BEDS-NONSMOKING INCLUDES WIFI AND IN-SUITE DRINKS/SNACKS,Premier Suite
25343,2X POINTS PACKAGE|2 ROOM PREMIUM SUITE-2 DOUBLE BEDS-NONSMOKING INCLUDES WIFI AND IN-SUITE DRINKS/SNACKS,Premier Suite
25345,FLEXIBLE RATE|2 ROOM PREMIUM SUITE-1 KING BED INCLUDES WIFI AND IN-SUITE DRINKS/SNACKS,Premier Suite
25347,FLEXIBLE RATE|2 ROOM PREMIUM SUITE-1 KING BED-NONSMOKING INCLUDES WIFI AND IN-SUITE DRINKS/SNACKS,Premier Suite
25348,2X POINTS PACKAGE|2 ROOM PREMIUM SUITE-2 QUEENS BEDS-NONSMOKING INCLUDES WIFI AND IN-SUITE DRINKS/SNACKS,Premier Suite
25349,FLEXIBLE RATE|2 ROOM PREMIUM SUITE-1 KING BED-NONSMOKING INCLUDES WIFI AND IN-SUITE DRINKS/SNACKS,Premier Suite
25359,FLEXIBLE RATE|2 ROOM PREMIUM SUITE-1 KING BED-NONSMOKING INCLUDES WIFI AND IN-SUITE DRINKS/SNACKS,Premier Suite
25360,SEMI-FLEX|2 ROOM PREMIUM SUITE - 1 KING BED INCLUDES WIFI AND IN-SUITE DRINKS/SNACKS,Premier Suite
25362,FLEXIBLE RATE|2 ROOM PREMIUM SUITE-2 DOUBLE BEDS-NONSMOKING INCLUDES WIFI AND IN-SUITE DRINKS/SNACKS,Premier Suite
25368,FLEXIBLE RATE|2 ROOM PREMIUM SUITE-2 QUEEN BEDS-NONSMOKING INCLUDES WIFI AND IN-SUITE DRINKS/SNACKS,Premier Suite
25369,FLEXIBLE RATE|2 ROOM PREMIUM SUITE-1 KING BED-NONSMOKING INCLUDES WIFI AND IN-SUITE DRINKS/SNACKS,Premier Suite
25370,2X POINTS PACKAGE|2 ROOM PREMIUM SUITE-1 KING BED-NONSMOKING INCLUDES WIFI AND IN-SUITE DRINKS/SNACKS,Premier Suite
25371,FLEXIBLE RATE|2 ROOM PREMIUM SUITE-2 QUEENS BEDS-NONSMOKING INCLUDES WIFI AND IN-SUITE DRINKS/SNACKS,Premier Suite
25374,SEMI-FLEX|2 ROOM PREMIUM SUITE-1 KING BED-NONSMOKING INCLUDES WIFI AND IN-SUITE DRINKS/SNACKS,Premier Suite
25379,SEMI-FLEX|2 ROOM PREMIUM SUITE-2 DOUBLE BEDS-NONSMOKING INCLUDES WIFI AND IN-SUITE DRINKS/SNACKS,Premier Suite
25381,FLEXIBLE RATE|2 RM PREMIUM SUITE-2 QUEEN BEDS-MTN VIEW-NS INCLUDES WIFI AND IN-SUITE DRINKS/SNACKS,Premier Suite
25382,SEMI-FLEX|2 ROOM PREMIUM SUITE-1 KING BED-NONSMOKING INCLUDES WIFI AND IN-SUITE DRINKS/SNACKS,Premier Suite
25386,SEMI-FLEX|2 ROOM PREMIUM SUITE-2 DOUBLE BEDS-NONSMOKING INCLUDES WIFI AND IN-SUITE DRINKS/SNACKS,Premier Suite
25387,FLEXIBLE RATE|2 ROOM PREMIUM SUITE-2 DOUBLE BEDS-NONSMOKING INCLUDES WIFI AND IN-SUITE DRINKS/SNACKS,Premier Suite
25388,FLEXIBLE RATE|2 ROOM PREMIUM SUITE-1 KING BED-NONSMOKING INCLUDES WIFI AND IN-SUITE DRINKS/SNACKS,Premier Suite
25389,CWT PROGRAM -HONORS SEMI-FLEX|2 ROOM PREMIUM SUITE-1 KING BED-NONSMOKING INCLUDES WIFI AND IN-SUITE DRINKS/SNACKS,Premier Suite
25391,PREMIUM WI-FI|2 ROOM PREMIUM SUITE-1 KING BED-NONSMOKING INCLUDES WIFI AND IN-SUITE DRINKS/SNACKS,Premier Suite
25394,FLEXIBLE RATE|2 ROOM PREMIUM SUITE-2 DOUBLE BEDS-NONSMOKING INCLUDES WIFI AND IN-SUITE DRINKS/SNACKS,Premier Suite
25395,SEMI-FLEX|2 ROOM PREMIUM SUITE-1 KING BED-NONSMOKING INCLUDES WIFI AND IN-SUITE DRINKS/SNACKS,Premier Suite
25396,FLEXIBLE RATE|2 ROOM PREMIUM SUITE-1 KING BED-NONSMOKING INCLUDES WIFI AND IN-SUITE DRINKS/SNACKS,Premier Suite
25397,2X POINTS PACKAGE|2 ROOM PREMIUM SUITE-2 DOUBLE BEDS-NONSMOKING INCLUDES WIFI AND IN-SUITE DRINKS/SNACKS,Premier Suite
25402,KOCH INDUSTRIES -PREFERRED RAT|2 ROOM PREMIUM SUITE-1 KING BED-NONSMOKING INCLUDES WIFI AND IN-SUITE DRINKS/SNACKS,Premier Suite
25405,SEMI-FLEX|2 ROOM PREMIUM SUITE-1 KING BED-NONSMOKING INCLUDES WIFI AND IN-SUITE DRINKS/SNACKS,Premier Suite
25410,2X POINTS PACKAGE|2 ROOM PREMIUM SUITE-1 KING BED-NONSMOKING INCLUDES WIFI AND IN-SUITE DRINKS/SNACKS,Premier Suite
25411,PREMIUM WI-FI|2 ROOM PREMIUM SUITE-1 KING BED-NONSMOKING INCLUDES WIFI AND IN-SUITE DRINKS/SNACKS,Premier Suite
25413,FLEXIBLE RATE|2 ROOM PREMIUM SUITE-2 DOUBLE BEDS-NONSMOKING INCLUDES WIFI AND IN-SUITE DRINKS/SNACKS,Premier Suite
25414,SEMI-FLEX|2 RM PREMIUM SUITE-2 QUEEN BEDS-MTN VIEW-NS INCLUDES WIFI AND IN-SUITE DRINKS/SNACKS,Premier Suite
25415,SEMI-FLEX|2 ROOM PREMIUM SUITE-1 KING BED-NONSMOKING INCLUDES WIFI AND IN-SUITE DRINKS/SNACKS,Premier Suite
25419,FLEXIBLE RATE|2 ROOM PREMIUM SUITE-1 KING BED-NONSMOKING INCLUDES WIFI AND IN-SUITE DRINKS/SNACKS,Premier Suite
25422,2X POINTS PACKAGE|2 ROOM PREMIUM SUITE-2 DOUBLE BEDS-NONSMOKING INCLUDES WIFI AND IN-SUITE DRINKS/SNACKS,Premier Suite
25423,CWT PROGRAM -HONORS DISCOUNT|2 ROOM PREMIUM SUITE-1 KING BED-NONSMOKING INCLUDES WIFI AND IN-SUITE DRINKS/SNACKS,Premier Suite
25426,SEMI-FLEX|2 ROOM PREMIUM SUITE-1 KING BED-NONSMOKING INCLUDES WIFI AND IN-SUITE DRINKS/SNACKS,Premier Suite
25430,2X POINTS PACKAGE|2 ROOM PREMIUM SUITE-1 KING BED-NONSMOKING INCLUDES WIFI AND IN-SUITE DRINKS/SNACKS,Premier Suite
25433,2X POINTS PACKAGE|2 ROOM PREMIUM SUITE-1 KING BED-NONSMOKING INCLUDES WIFI AND IN-SUITE DRINKS/SNACKS,Premier Suite
25435,2X POINTS PACKAGE|2 ROOM PREMIUM SUITE-1 KING BED-NONSMOKING INCLUDES WIFI AND IN-SUITE DRINKS/SNACKS,Premier Suite
25436,SEMI-FLEX|2 ROOM PREMIUM SUITE-1 KING BED-NONSMOKING INCLUDES WIFI AND IN-SUITE DRINKS/SNACKS,Premier Suite
25439,2X POINTS PACKAGE|2 ROOM PREMIUM SUITE-1 KING BED-NONSMOKING INCLUDES WIFI AND IN-SUITE DRINKS/SNACKS,Premier Suite
25444,2X POINTS PACKAGE|2 ROOM PREMIUM SUITE-2 DOUBLE BEDS-NONSMOKING INCLUDES WIFI AND IN-SUITE DRINKS/SNACKS,Premier Suite
25446,2X POINTS PACKAGE|2 ROOM PREMIUM SUITE-1 KING BED INCLUDES WIFI AND IN-SUITE DRINKS/SNACKS,Premier Suite
25448,SEMI-FLEX|2 ROOM PREMIUM SUITE-2 QUEENS BEDS-NONSMOKING INCLUDES WIFI AND IN-SUITE DRINKS/SNACKS,Premier Suite
25450,FLEXIBLE RATE|2 ROOM PREMIUM SUITE - 2 DOUBLE BEDS INCLUDES WIFI AND IN-SUITE DRINKS/SNACKS,Premier Suite
25453,FLEXIBLE RATE|2 ROOM PREMIUM SUITE-1 KING BED-NONSMOKING INCLUDES WIFI AND IN-SUITE DRINKS/SNACKS,Premier Suite
25456,SEMI-FLEX|2 ROOM PREMIUM SUITE-2 QUEEN BEDS-NONSMOKING INCLUDES WIFI AND IN-SUITE DRINKS/SNACKS,Premier Suite
25463,SEMI-FLEX|2 ROOM PREMIUM SUITE-1 KING BED-NONSMOKING INCLUDES WIFI AND IN-SUITE DRINKS/SNACKS,Premier Suite
25465,PARK AND GO|2 ROOM PREMIUM SUITE-1 KING BED-NONSMOKING INCLUDES WIFI AND IN-SUITE DRINKS/SNACKS,Premier Suite
25471,FLEXIBLE RATE|2 ROOM PREMIUM SUITE-1 KING BED-NONSMOKING INCLUDES WIFI AND IN-SUITE DRINKS/SNACKS,Premier Suite
25472,FLEXIBLE RATE|2 ROOM PREMIUM SUITE-2 QUEENS BEDS-NONSMOKING INCLUDES WIFI AND IN-SUITE DRINKS/SNACKS,Premier Suite
25476,SEMI-FLEX|2 ROOM PREMIUM SUITE-2 DOUBLE BEDS-NONSMOKING INCLUDES WIFI AND IN-SUITE DRINKS/SNACKS,Premier Suite
25481,SEMI-FLEX|2 ROOM PREMIUM SUITE-1 KING BED INCLUDES WIFI AND IN-SUITE DRINKS/SNACKS,Premier Suite
25483,FLEXIBLE RATE|2 ROOM PREMIUM SUITE-1 KING BED-NONSMOKING INCLUDES WIFI AND IN-SUITE DRINKS/SNACKS,Premier Suite
25485,PREMIUM WI-FI|2 ROOM PREMIUM SUITE-2 DOUBLE BEDS-NONSMOKING INCLUDES WIFI AND IN-SUITE DRINKS/SNACKS,Premier Suite
25487,SEMI-FLEX|2 ROOM PREMIUM SUITE-2 DOUBLE BEDS-NONSMOKING INCLUDES WIFI AND IN-SUITE DRINKS/SNACKS,Premier Suite
25489,SEMI-FLEX|2 ROOM PREMIUM SUITE-1 KING BED-NONSMOKING INCLUDES WIFI AND IN-SUITE DRINKS/SNACKS,Premier Suite
25490,PREMIUM WI-FI|2 ROOM PREMIUM SUITE-1 KING BED-NONSMOKING INCLUDES WIFI AND IN-SUITE DRINKS/SNACKS,Premier Suite
25495,SEMI-FLEX|2 ROOM PREMIUM SUITE-1 KING BED-NONSMOKING INCLUDES WIFI AND IN-SUITE DRINKS/SNACKS,Premier Suite
25498,FLEXIBLE RATE|2 ROOM PREMIUM SUITE-1 KING BED-NONSMOKING INCLUDES WIFI AND IN-SUITE DRINKS/SNACKS,Premier Suite
25500,FLEXIBLE RATE|2 ROOM PREMIUM SUITE-2 DOUBLE BEDS-NONSMOKING INCLUDES WIFI AND IN-SUITE DRINKS/SNACKS,Premier Suite
25503,PREMIUM WI-FI|2 ROOM PREMIUM SUITE-1 KING BED-NONSMOKING INCLUDES WIFI AND IN-SUITE DRINKS/SNACKS,Premier Suite
25505,FLEXIBLE RATE|2 RM PREMIUM SUITE-1 KING BED-NOURISH HEALTHY INC WIFI AND IN-SUITE DRINKS/HEALTHY SNACKS,Premier Suite
25506,SEMI-FLEX|2 ROOM PREMIUM SUITE-2 DOUBLE BEDS-NONSMOKING INCLUDES WIFI AND IN-SUITE DRINKS/SNACKS,Premier Suite
25508,FLEXIBLE RATE|2 ROOM PREMIUM SUITE-1 KING BED-NONSMOKING INCLUDES WIFI AND IN-SUITE DRINKS/SNACKS,Premier Suite
25509,SEMI-FLEX|2 RM PREMIUM SUITE-1 KING BED-CITYVIEW-NOSMOK INCLUDES WIFI AND IN-SUITE DRINKS/SNACKS,Premier Suite
25512,FLEXIBLE RATE|2 ROOM PREMIUM SUITE-1 KING BED-1 BEDROOM INCLUDES WIFI AND IN-SUITE DRINKS/SNACKS,Premier Suite
25514,2X POINTS PACKAGE|2 ROOM PREMIUM SUITE-1 KING BED-NONSMOKING INCLUDES WIFI AND IN-SUITE DRINKS/SNACKS,Premier Suite
25515,SEMI-FLEX|2 ROOM PREMIUM SUITE-1 KING BED-NONSMOKING INCLUDES WIFI AND IN-SUITE DRINKS/SNACKS,Premier Suite
25518,SEMI-FLEX|2 ROOM PREMIUM SUITE-2 QUEENS BEDS-NONSMOKING INCLUDES WIFI AND IN-SUITE DRINKS/SNACKS,Premier Suite
25520,SEMI-FLEX|2 ROOM PREMIUM SUITE-1 KING BED-NONSMOKING INCLUDES WIFI AND IN-SUITE DRINKS/SNACKS,Premier Suite
25521,SEMI-FLEX|2 ROOM PREMIUM SUITE-1 KING BED-NONSMOKING INCLUDES WIFI AND IN-SUITE DRINKS/SNACKS,Premier Suite
25524,2X POINTS PACKAGE|2 ROOM PREMIUM SUITE-2 DOUBLE BEDS-NONSMOKING INCLUDES WIFI AND IN-SUITE DRINKS/SNACKS,Premier Suite
25525,CWT PROGRAM -HONORS SEMI-FLEX|2 RM PREMIUM SUITE-2 QUEEN BEDS-MTN VIEW-NS INCLUDES WIFI AND IN-SUITE DRINKS/SNACKS,Premier Suite
25527,PREMIUM WI-FI|2 ROOM PREMIUM SUITE-1 KING BED-NONSMOKING INCLUDES WIFI AND IN-SUITE DRINKS/SNACKS,Premier Suite
25528,FLEXIBLE RATE|2 ROOM PREMIUM SUITE-1 KING BED-NONSMOKING INCLUDES WIFI AND IN-SUITE DRINKS/SNACKS,Premier Suite
25529,SEMI-FLEX|2 ROOM PREMIUM SUITE-1 KING BED-NONSMOKING INCLUDES WIFI AND IN-SUITE DRINKS/SNACKS,Premier Suite
25531,PARK AND GO|2 ROOM PREMIUM SUITE-1 KING BED-NONSMOKING INCLUDES WIFI AND IN-SUITE DRINKS/SNACKS,Premier Suite
25533,FLEXIBLE RATE|2 ROOM PREMIUM SUITE-1 KING BED-NONSMOKING INCLUDES WIFI-24 HR REFRESHMENT CENTER ACCESS,Premier Suite
25535,FLEXIBLE RATE|2 ROOM CORNER PREMIUM SUITE - 1 KING BED INCLUDES WIFI AND IN-SUITE DRINKS/SNACKS,Premier Suite
25540,SEMI-FLEX|2 ROOM PREMIUM SUITE - 2 DOUBLE BEDS INCLUDES WIFI AND IN-SUITE DRINKS/SNACKS,Premier Suite
25543,2X POINTS PACKAGE|2 ROOM PREMIUM SUITE-1 KING BED-NONSMOKING INCLUDES WIFI AND IN-SUITE DRINKS/SNACKS,Premier Suite
25546,SEMI-FLEX|2 ROOM PREMIUM SUITE-2 DOUBLE BEDS-NONSMOKING INCLUDES WIFI AND IN-SUITE DRINKS/SNACKS,Premier Suite
25547,2X POINTS PACKAGE|2 ROOM PREMIUM SUITE-1 KING BED-NONSMOKING INCLUDES WIFI AND IN-SUITE DRINKS/SNACKS,Premier Suite
25549,SEMI-FLEX|2 ROOM PREMIUM SUITE-1 KING BED-NONSMOKING INCLUDES WIFI AND IN-SUITE DRINKS/SNACKS,Premier Suite
25553,2X POINTS PACKAGE|2 RM PREMIUM SUITE-1 KING BED-NOURISH HEALTHY INC WIFI AND IN-SUITE DRINKS/HEALTHY SNACKS,Premier Suite
25554,2X POINTS PACKAGE|2 ROOM PREMIUM SUITE-1 KING BED-NONSMOKING INCLUDES WIFI AND IN-SUITE DRINKS/SNACKS,Premier Suite
25555,SEMI-FLEX|2 ROOM PREMIUM SUITE-2 DOUBLE BEDS-NONSMOKING INCLUDES WIFI AND IN-SUITE DRINKS/SNACKS,Premier Suite
25560,PREMIUM WI-FI|2 ROOM PREMIUM SUITE-1 KING BED-NONSMOKING INCLUDES WIFI AND IN-SUITE DRINKS/SNACKS,Premier Suite
25562,PARK AND GO|2 ROOM PREMIUM SUITE-2 DOUBLE BEDS-NONSMOKING INCLUDES WIFI AND IN-SUITE DRINKS/SNACKS,Premier Suite
25565,2X POINTS PACKAGE|2 ROOM PREMIUM SUITE-1 KING BED-1 BEDROOM INCLUDES WIFI AND IN-SUITE DRINKS/SNACKS,Premier Suite
25569,PREMIUM WI-FI|2 ROOM PREMIUM SUITE-1 KING BED-NONSMOKING INCLUDES WIFI AND IN-SUITE DRINKS/SNACKS,Premier Suite
25572,SEMI-FLEX|2 ROOM PREMIUM SUITE-1 KING BED-NONSMOKING INCLUDES WIFI AND IN-SUITE DRINKS/SNACKS,Premier Suite
25573,FLEXIBLE RATE|2 QUEEN BEDS PREMIUM 1 BEDROOM SUITE NONSMOK PREMIUM INTERNET AND IN-SUITE DRINKS/SNACKS,Premier Suite
25575,SEMI-FLEX|2 ROOM PREMIUM SUITE-2 DOUBLE BEDS-NONSMOKING INCLUDES WIFI AND IN-SUITE DRINKS/SNACKS,Premier Suite
25577,CWT PROGRAM -HONORS SEMI-FLEX|2 ROOM PREMIUM SUITE - 2 DOUBLE BEDS INCLUDES WIFI AND IN-SUITE DRINKS/SNACKS,Premier Suite
25583,FLEXIBLE RATE|2 ROOM PREMIUM SUITE-1 KING BED-NONSMOKING INCLUDES WIFI AND IN-SUITE DRINKS/SNACKS,Premier Suite
25589,CWT PROGRAM -HONORS SEMI-FLEX|2 ROOM PREMIUM SUITE-1 KING BED-NONSMOKING INCLUDES WIFI AND IN-SUITE DRINKS/SNACKS,Premier Suite
25593,FLEXIBLE RATE|2 ROOM PREMIUM SUITE-2 QUEENS BEDS-NONSMOKING INCLUDES WIFI-24 HR REFRESHMENT CENTER ACCESS,Premier Suite
25594,2X POINTS PACKAGE|2 ROOM CORNER PREMIUM SUITE - 1 KING BED INCLUDES WIFI AND IN-SUITE DRINKS/SNACKS,Premier Suite
25596,FLEXIBLE RATE|2 ROOM PREMIUM SUITE-2 QUEENS BEDS-NONSMOKING INCLUDES WIFI-24 HR REFRESHMENT CENTER ACCESS,Premier Suite
25597,FLEXIBLE RATE|2 ROOM CORNER PREMIUM SUITE-1 KING BED NOSMOK INCLUDES WIFI AND IN-SUITE DRINKS/SNACKS,Premier Suite
25600,FLEXIBLE RATE|2 ROOM PREMIUM SUITE-2 QUEENS BEDS-NONSMOKING INCLUDES WIFI AND IN-SUITE DRINKS/SNACKS,Premier Suite
25602,SEMI-FLEX|2 ROOM PREMIUM SUITE-1 KING BED-NONSMOKING INCLUDES WIFI AND IN-SUITE DRINKS/SNACKS,Premier Suite
25605,FLEXIBLE RATE|2 ROOM PREMIUM SUITE-1 KING BED-NONSMOKING INCLUDES WIFI AND IN-SUITE DRINKS/SNACKS,Premier Suite
25607,CWT PROGRAM -HONORS SEMI-FLEX|2 ROOM PREMIUM SUITE-2 DOUBLE BEDS-NONSMOKING INCLUDES WIFI AND IN-SUITE DRINKS/SNACKS,Premier Suite
25608,2X POINTS PACKAGE|2 ROOM PREMIUM SUITE-1 KING BED-NONSMOKING INCLUDES WIFI AND IN-SUITE DRINKS/SNACKS,Premier Suite
25612,SEMI-FLEX|2 ROOM PREMIUM SUITE-1 KING BED-NONSMOKING INCLUDES WIFI AND IN-SUITE DRINKS/SNACKS,Premier Suite
25613,2X POINTS PACKAGE|2 ROOM PREMIUM SUITE-1 KING BED-NONSMOKING INCLUDES WIFI AND IN-SUITE DRINKS/SNACKS,Premier Suite
25616,SEMI-FLEX|2 ROOM PREMIUM SUITE-1 KING BED-NONSMOKING INCLUDES WIFI AND IN-SUITE DRINKS/SNACKS,Premier Suite
25618,FLEXIBLE RATE|2 ROOM PREMIUM SUITE-1 KING BED INCLUDES WIFI AND IN-SUITE DRINKS/SNACKS,Premier Suite
25620,FLEXIBLE RATE|2 ROOM PREMIUM SUITE-2 QUEENS BEDS-NONSMOKING INCLUDES WIFI AND IN-SUITE DRINKS/SNACKS,Premier Suite
25621,SEMI-FLEX|2 ROOM PREMIUM SUITE-2 DOUBLE BEDS-NONSMOKING INCLUDES WIFI AND IN-SUITE DRINKS/SNACKS,Premier Suite
25626,FLEXIBLE RATE|2 ROOM PREMIUM SUITE-1 KING BED-NONSMOKING INCLUDES WIFI AND IN-SUITE DRINKS/SNACKS,Premier Suite
25627,FLEXIBLE RATE|2 ROOM CORNER PREMIUM SUITE-1 KING BED NOSMOK INCLUDES WIFI AND IN-SUITE DRINKS/SNACKS,Premier Suite
25628,"REGULAR RATE|FLEXIBLE RATE, PREMIER SUITE, 1 BEDROOM SUITE, 1 KING, CITY VIEW",Premier Suite
25629,FLEXIBLE RATE|2 ROOM PREMIUM SUITE-2 QUEEN BEDS-NONSMOKING INCLUDES WIFI AND IN-SUITE DRINKS/SNACKS,Premier Suite
25630,FLEXIBLE RATE|2 ROOM PREMIUM SUITE-2 QUEENS BEDS INCLUDES WIFI AND IN-SUITE DRINKS/SNACKS,Premier Suite
25631,CWT PROGRAM -HONORS SEMI-FLEX|2 ROOM PREMIUM SUITE-1 KING BED-NONSMOKING INCLUDES WIFI AND IN-SUITE DRINKS/SNACKS,Premier Suite
25635,FLEXIBLE RATE|2 ROOM PREMIUM SUITE-2 QUEENS BEDS-NONSMOKING INCLUDES WIFI AND IN-SUITE DRINKS/SNACKS,Premier Suite
25643,FLEXIBLE RATE|2 ROOM PREMIUM SUITE-2 DOUBLE BEDS-NONSMOKING INCLUDES WIFI AND IN-SUITE DRINKS/SNACKS,Premier Suite
25645,SEMI-FLEX|2 ROOM PREMIUM SUITE-2 QUEEN BEDS-NONSMOKING INCLUDES WIFI AND IN-SUITE DRINKS/SNACKS,Premier Suite
25647,FLEXIBLE RATE|2 ROOM PREMIUM SUITE-2 QUEENS BEDS-NONSMOKING INCLUDES WIFI AND IN-SUITE DRINKS/SNACKS,Premier Suite
25649,FLEXIBLE RATE|2 ROOM PREMIUM SUITE-1 KING BED INCLUDES WIFI AND IN-SUITE DRINKS/SNACKS,Premier Suite
25650,2X POINTS PACKAGE|2 ROOM PREMIUM SUITE-1 KING BED-NONSMOKING INCLUDES WIFI AND IN-SUITE DRINKS/SNACKS,Premier Suite
25656,CWT PROGRAM -HONORS SEMI-FLEX|2 ROOM PREMIUM SUITE-2 QUEENS BEDS-NONSMOKING INCLUDES WIFI AND IN-SUITE DRINKS/SNACKS,Premier Suite
25659,CWT PROGRAM -HONORS SEMI-FLEX|2 ROOM PREMIUM SUITE-1 KING BED-NONSMOKING INCLUDES WIFI AND IN-SUITE DRINKS/SNACKS,Premier Suite
25660,2X POINTS PACKAGE|2 ROOM PREMIUM SUITE-2 QUEENS BEDS-NONSMOKING INCLUDES WIFI AND IN-SUITE DRINKS/SNACKS,Premier Suite
25661,FLEXIBLE RATE|2 ROOM PREMIUM SUITE-1 KING BED-NONSMOKING INCLUDES WIFI AND IN-SUITE DRINKS/SNACKS,Premier Suite
25662,PREMIUM WI-FI|2 ROOM PREMIUM SUITE-1 KING BED-NONSMOKING INCLUDES WIFI AND IN-SUITE DRINKS/SNACKS,Premier Suite
25668,CWT PROGRAM -HONORS SEMI-FLEX|2 ROOM PREMIUM SUITE-1 KING BED-NONSMOKING INCLUDES WIFI AND IN-SUITE DRINKS/SNACKS,Premier Suite
25670,SEMI-FLEX|2 ROOM PREMIUM SUITE-1 KING BED-NONSMOKING INCLUDES WIFI AND IN-SUITE DRINKS/SNACKS,Premier Suite
25673,CWT PROGRAM -HONORS SEMI-FLEX|2 ROOM PREMIUM SUITE-2 DOUBLE BEDS-NONSMOKING INCLUDES WIFI AND IN-SUITE DRINKS/SNACKS,Premier Suite
25680,2X POINTS PACKAGE|2 ROOM PREMIUM SUITE-2 QUEENS BEDS-NONSMOKING INCLUDES WIFI AND IN-SUITE DRINKS/SNACKS,Premier Suite
25681,2X POINTS PACKAGE|2 ROOM PREMIUM SUITE-2 QUEEN BEDS-NONSMOKING INCLUDES WIFI AND IN-SUITE DRINKS/SNACKS,Premier Suite
25682,SEMI-FLEX|2 ROOM PREMIUM SUITE-1 KING BED-1 BEDROOM INCLUDES WIFI AND IN-SUITE DRINKS/SNACKS,Premier Suite
25683,2X POINTS PACKAGE|2 ROOM PREMIUM SUITE-1 KING BED-NONSMOKING INCLUDES WIFI AND IN-SUITE DRINKS/SNACKS,Premier Suite
25685,2X POINTS PACKAGE|2 ROOM CORNER PREMIUM SUITE-1 KING BED NOSMOK INCLUDES WIFI AND IN-SUITE DRINKS/SNACKS,Premier Suite
25686,SEMI-FLEX|2 RM PREMIUM SUITE-1 KING BED-NOURISH HEALTHY INC WIFI AND IN-SUITE DRINKS/HEALTHY SNACKS,Premier Suite
25688,2X POINTS PACKAGE|2 ROOM PREMIUM SUITE-1 KING BED-NONSMOKING INCLUDES WIFI AND IN-SUITE DRINKS/SNACKS,Premier Suite
25696,SEMI-FLEX|2 ROOM PREMIUM SUITE-2 QUEENS BEDS-NONSMOKING INCLUDES WIFI-24 HR REFRESHMENT CENTER ACCESS,Premier Suite
25698,SEMI-FLEX|2 QUEEN BEDS PREMIUM 1 BEDROOM SUITE NONSMOK PREMIUM INTERNET AND IN-SUITE DRINKS/SNACKS,Premier Suite
25699,2X POINTS PACKAGE|2 ROOM PREMIUM SUITE-2 QUEENS BEDS-NONSMOKING INCLUDES WIFI AND IN-SUITE DRINKS/SNACKS,Premier Suite
25700,SEMI-FLEX|2 ROOM CORNER PREMIUM SUITE - 1 KING BED INCLUDES WIFI AND IN-SUITE DRINKS/SNACKS,Premier Suite
25702,2X POINTS PACKAGE|2 ROOM PREMIUM SUITE-2 QUEENS BEDS-NONSMOKING INCLUDES WIFI-24 HR REFRESHMENT CENTER ACCESS,Premier Suite
25708,SEMI-FLEX|2 ROOM PREMIUM SUITE - 2 DOUBLE BEDS INCLUDES WIFI AND IN-SUITE DRINKS/SNACKS,Premier Suite
25709,SEMI-FLEX|2 ROOM PREMIUM SUITE-2 QUEENS BEDS-NONSMOKING INCLUDES WIFI AND IN-SUITE DRINKS/SNACKS,Premier Suite
25717,SEMI-FLEX|2 ROOM PREMIUM SUITE-2 QUEENS BEDS-NONSMOKING INCLUDES WIFI AND IN-SUITE DRINKS/SNACKS,Premier Suite
25719,CWT PROGRAM -HONORS SEMI-FLEX|2 ROOM PREMIUM SUITE-1 KING BED-NONSMOKING INCLUDES WIFI AND IN-SUITE DRINKS/SNACKS,Premier Suite
25720,FAMILY FUN PACKAGE|2 ROOM PREMIUM SUITE-1 KING BED-NONSMOKING INCLUDES WIFI AND IN-SUITE DRINKS/SNACKS,Premier Suite
25721,SEMI-FLEX|2 ROOM PREMIUM SUITE-2 QUEENS BEDS-NONSMOKING INCLUDES WIFI AND IN-SUITE DRINKS/SNACKS,Premier Suite
25727,FAMILY FUN PACKAGE|2 ROOM PREMIUM SUITE-1 KING BED-NONSMOKING INCLUDES WIFI AND IN-SUITE DRINKS/SNACKS,Premier Suite
25728,CWT PROGRAM -SEMI FLEX|2 ROOM PREMIUM SUITE-1 KING BED-NONSMOKING INCLUDES WIFI AND IN-SUITE DRINKS/SNACKS,Premier Suite
25730,FLEXIBLE RATE|2 ROOM PREMIUM SUITE-1 KING BED-NONSMOKING INCLUDES WIFI-AND IN-SUITE DRINKS/SNACKS,Premier Suite
25732,FLEXIBLE RATE|2 ROOM PREMIUM SUITE-1 KING BED-NONSMOKING INCLUDES WIFI AND IN-SUITE DRINKS/SNACKS,Premier Suite
25739,FLEXIBLE RATE|2 ROOM PREMIUM SUITE-2 QUEENS BEDS-NONSMOKING INCLUDES WIFI AND IN-SUITE DRINKS/SNACKS,Premier Suite
25740,2X POINTS PACKAGE|2 QUEEN BEDS PREMIUM 1 BEDROOM SUITE NONSMOK PREMIUM INTERNET AND IN-SUITE DRINKS/SNACKS,Premier Suite
25741,FLEXIBLE RATE|2 ROOM PREMIUM SUITE-2 QUEENS BEDS-NONSMOKING INCLUDES WIFI AND IN-SUITE DRINKS/SNACKS,Premier Suite
25743,CWT PROGRAM -HONORS SEMI-FLEX|2 ROOM PREMIUM SUITE-1 KING BED-NONSMOKING INCLUDES WIFI AND IN-SUITE DRINKS/SNACKS,Premier Suite
25745,SEMI-FLEX|2 ROOM PREMIUM SUITE-1 KING BED-NONSMOKING INCLUDES WIFI AND IN-SUITE DRINKS/SNACKS,Premier Suite
25747,PARK AND GO|2 ROOM PREMIUM SUITE-1 KING BED-NONSMOKING INCLUDES WIFI AND IN-SUITE DRINKS/SNACKS,Premier Suite
25751,CWT PROGRAM -HONORS DISCOUNT|2 ROOM PREMIUM SUITE-1 KING BED-NONSMOKING INCLUDES WIFI AND IN-SUITE DRINKS/SNACKS,Premier Suite
25754,FLEXIBLE RATE|2 RM CORNER PREMIUM SUITE-2 DOUBLE BEDS NOSMK INCLUDES WIFI AND IN-SUITE DRINKS/SNACKS,Premier Suite
25755,CWT PROGRAM -HONORS SEMI-FLEX|2 ROOM PREMIUM SUITE-2 QUEEN BEDS-NONSMOKING INCLUDES WIFI AND IN-SUITE DRINKS/SNACKS,Premier Suite
25756,PREMIUM WI-FI|2 ROOM PREMIUM SUITE-1 KING BED-NONSMOKING INCLUDES WIFI-24 HR REFRESHMENT CENTER ACCESS,Premier Suite
25758,FLEXIBLE RATE|2 ROOM PREMIUM SUITE-1 KING BED-NONSMOKING INCLUDES WIFI AND IN-SUITE DRINKS/SNACKS,Premier Suite
25760,COMP 4TH NIGHT AT THE MARK|TWO BDRM PREMIER STE. 1640 SQ FT 153 SQM LV RM. CHEFS KITCHEN 2.5 BATHRMS. COMP WIFI,Premier Suite
25764,SEMI-FLEX|2 ROOM PREMIUM SUITE-1 KING BED-NONSMOKING INCLUDES WIFI AND IN-SUITE DRINKS/SNACKS,Premier Suite
25768,COMP 4TH NIGHT AT THE MARK|1 BDRM PREMIER STE. KN BED. 1000 SQFT. 93 SQM VIEW 77 ST. LV RM. KTCHN 1.5 BATHRMS. COMP WIFI,Premier Suite
25770,FLEXIBLE RATE|2 ROOM PREMIUM SUITE - 1 KING BED INCLUDES WIFI AND IN-SUITE DRINKS/SNACKS,Premier Suite
25774,FLEXIBLE RATE|2 ROOM PREMIUM SUITE-2 DOUBLE BEDS INCLUDES WIFI AND IN-SUITE DRINKS/SNACKS,Premier Suite
25775,FLEXIBLE RATE|2 ROOM PREMIUM SUITE-1 KING BED-NONSMOKING INCLUDES WIFI AND IN-SUITE DRINKS/SNACKS,Premier Suite
25779,SEMI-FLEX|2 ROOM PREMIUM SUITE-1 KING BED-NONSMOKING INCLUDES WIFI AND IN-SUITE DRINKS/SNACKS,Premier Suite
25780,SEMI-FLEX|2 ROOM PREMIUM SUITE-2 DOUBLE BEDS-NONSMOKING INCLUDES WIFI AND IN-SUITE DRINKS/SNACKS,Premier Suite
25781,PREMIUM WI-FI|2 ROOM PREMIUM SUITE-1 KING BED-NONSMOKING INCLUDES WIFI AND IN-SUITE DRINKS/SNACKS,Premier Suite
25783,FLEXIBLE RATE|2 ROOM PREMIUM SUITE-2 DOUBLE BEDS-NONSMOKING INCLUDES WIFI AND IN-SUITE DRINKS/SNACKS,Premier Suite
25787,SEMI-FLEX|2 ROOM PREMIUM SUITE-2 QUEEN BEDS-NONSMOKING INCLUDES WIFI AND IN-SUITE DRINKS/SNACKS,Premier Suite
25788,CWT PROGRAM -HONORS SEMI-FLEX|2 ROOM PREMIUM SUITE-2 DOUBLE BEDS-NONSMOKING INCLUDES WIFI AND IN-SUITE DRINKS/SNACKS,Premier Suite
25790,FLEXIBLE RATE|2 ROOM PREMIUM SUITE-2 DOUBLE BEDS-NONSMOKING INCLUDES WIFI AND IN-SUITE DRINKS/SNACKS,Premier Suite
25799,CWT PROGRAM -HONORS SEMI-FLEX|2 ROOM PREMIUM SUITE-2 QUEENS BEDS-NONSMOKING INCLUDES WIFI AND IN-SUITE DRINKS/SNACKS,Premier Suite
25801,SEMI-FLEX|2 ROOM CORNER PREMIUM SUITE-1 KING BED NOSMOK INCLUDES WIFI AND IN-SUITE DRINKS/SNACKS,Premier Suite
25803,CWT PROGRAM -HONORS SEMI-FLEX|2 ROOM PREMIUM SUITE-1 KING BED-NONSMOKING INCLUDES WIFI AND IN-SUITE DRINKS/SNACKS,Premier Suite
25804,2X POINTS PACKAGE|2 ROOM PREMIUM SUITE-2 QUEENS BEDS-NONSMOKING INCLUDES WIFI AND IN-SUITE DRINKS/SNACKS,Premier Suite
25806,"REGULAR RATE|FLEXIBLE RATE, PREMIER SUITE, 1 BEDROOM SUITE, 1 KING, CITY VIEW",Premier Suite
25815,SEMI-FLEX|2 ROOM PREMIUM SUITE-2 QUEENS BEDS-NONSMOKING INCLUDES WIFI AND IN-SUITE DRINKS/SNACKS,Premier Suite
25821,2X POINTS PACKAGE|2 ROOM PREMIUM SUITE-1 KING BED-NONSMOKING INCLUDES WIFI AND IN-SUITE DRINKS/SNACKS,Premier Suite
25822,2X POINTS PACKAGE|2 ROOM PREMIUM SUITE-1 KING BED-NONSMOKING INCLUDES WIFI-AND IN-SUITE DRINKS/SNACKS,Premier Suite
25825,SEMI-FLEX|2 ROOM PREMIUM SUITE-2 QUEENS BEDS INCLUDES WIFI AND IN-SUITE DRINKS/SNACKS,Premier Suite
25829,FAMILY FUN PACKAGE|2 ROOM PREMIUM SUITE-1 KING BED-NONSMOKING INCLUDES WIFI AND IN-SUITE DRINKS/SNACKS,Premier Suite
25830,SEMI-FLEX|2 ROOM PREMIUM SUITE-1 KING BED INCLUDES WIFI AND IN-SUITE DRINKS/SNACKS,Premier Suite
25834,CWT PROGRAM -HONORS DISCOUNT|2 ROOM PREMIUM SUITE-2 DOUBLE BEDS-NONSMOKING INCLUDES WIFI AND IN-SUITE DRINKS/SNACKS,Premier Suite
25839,FLEXIBLE RATE|2 ROOM PREMIUM SUITE-2 QUEEN BEDS-NONSMOKING INCLUDES WIFI AND IN-SUITE DRINKS/SNACKS,Premier Suite
25842,FLEXIBLE RATE|2 ROOM PREMIUM SUITE-1 KING BED-NONSMOKING INCLUDES WIFI AND IN-SUITE DRINKS/SNACKS,Premier Suite
25843,2X POINTS PACKAGE|2 ROOM PREMIUM SUITE-2 DOUBLE BEDS-NONSMOKING INCLUDES WIFI AND IN-SUITE DRINKS/SNACKS,Premier Suite
25846,SEMI-FLEX|2 ROOM PREMIUM SUITE-1 KING BED-NONSMOKING INCLUDES WIFI AND IN-SUITE DRINKS/SNACKS,Premier Suite
25849,LOVE LOCAL|TWO BDRM PREMIER STE. 1640 SQ FT 153 SQM LV RM. CHEFS KITCHEN 2.5 BATHRMS. COMP WIFI,Premier Suite
25852,SEMI-FLEX|2 ROOM PREMIUM SUITE-1 KING BED INCLUDES WIFI AND IN-SUITE DRINKS/SNACKS,Premier Suite
25853,PREMIUM WI-FI|2 ROOM PREMIUM SUITE-1 KING BED-NONSMOKING INCLUDES WIFI AND IN-SUITE DRINKS/SNACKS,Premier Suite
25858,FLEXIBLE RATE|2 ROOM PREMIUM SUITE-2 QUEEN BEDS-NONSMOKING INCLUDES WIFI AND IN-SUITE DRINKS/SNACKS,Premier Suite
25863,CWT PROGRAM -SEMI FLEX|2 ROOM PREMIUM SUITE-1 KING BED-NONSMOKING INCLUDES WIFI AND IN-SUITE DRINKS/SNACKS,Premier Suite
25865,CWT PROGRAM -HONORS SEMI-FLEX|2 ROOM PREMIUM SUITE-2 DOUBLE BEDS-NONSMOKING INCLUDES WIFI AND IN-SUITE DRINKS/SNACKS,Premier Suite
25866,SEMI-FLEX|2 ROOM PREMIUM SUITE-1 KING BED-NONSMOKING INCLUDES WIFI AND IN-SUITE DRINKS/SNACKS,Premier Suite
25867,CWT PROGRAM -HONORS SEMI-FLEX|2 ROOM PREMIUM SUITE-1 KING BED-NONSMOKING INCLUDES WIFI AND IN-SUITE DRINKS/SNACKS,Premier Suite
25869,FLEXIBLE RATE|2 ROOM PREMIUM SUITE-1 KING BED-NONSMOKING INCLUDES WIFI-24 HR REFRESHMENT CENTER ACCESS,Premier Suite
25870,2X POINTS PACKAGE|2 ROOM PREMIUM SUITE-2 DOUBLE BEDS-NONSMOKING INCLUDES WIFI AND IN-SUITE DRINKS/SNACKS,Premier Suite
25871,SEMI-FLEX|2 ROOM PREMIUM SUITE-2 QUEENS BEDS-NONSMOKING INCLUDES WIFI AND IN-SUITE DRINKS/SNACKS,Premier Suite
25876,PREMIUM WI-FI|2 ROOM PREMIUM SUITE-1 KING BED-NONSMOKING INCLUDES WIFI AND IN-SUITE DRINKS/SNACKS,Premier Suite
25877,SEMI-FLEX|2 ROOM CORNER PREMIUM SUITE-1 KING BED NOSMOK INCLUDES WIFI AND IN-SUITE DRINKS/SNACKS,Premier Suite
25879,FLEXIBLE RATE|2 ROOM PREMIUM SUITE-2 DOUBLE BEDS-NONSMOKING INCLUDES WIFI AND IN-SUITE DRINKS/SNACKS,Premier Suite
25881,PREMIUM WI-FI|2 ROOM PREMIUM SUITE-2 DOUBLE BEDS-NONSMOKING INCLUDES WIFI AND IN-SUITE DRINKS/SNACKS,Premier Suite
25889,2X POINTS PACKAGE|2 ROOM PREMIUM SUITE-2 DOUBLE BEDS-NONSMOKING INCLUDES WIFI AND IN-SUITE DRINKS/SNACKS,Premier Suite
25897,LOVE LOCAL|1 BDRM PREMIER STE. KN BED. 1000 SQFT. 93 SQM VIEW 77 ST. LV RM. KTCHN 1.5 BATHRMS. COMP WIFI,Premier Suite
25903,FLEXIBLE RATE|2 ROOM PREMIUM SUITE-2 DOUBLE BEDS-NONSMOKING INCLUDES WIFI AND IN-SUITE DRINKS/SNACKS,Premier Suite
25905,SEMI-FLEX|2 RM CORNER PREMIUM SUITE-2 DOUBLE BEDS NOSMK INCLUDES WIFI AND IN-SUITE DRINKS/SNACKS,Premier Suite
25906,SEMI-FLEX|2 ROOM PREMIUM SUITE-1 KING BED-NONSMOKING INCLUDES WIFI AND IN-SUITE DRINKS/SNACKS,Premier Suite
25909,SEMI-FLEX|2 ROOM PREMIUM SUITE-1 KING BED-NONSMOKING INCLUDES WIFI AND IN-SUITE DRINKS/SNACKS,Premier Suite
25911,FLEXIBLE RATE|2 QUEEN BEDS PREMIUM 1 BEDROOM SUITE NONSMOK PREMIUM INTERNET AND IN-SUITE DRINKS/SNACKS,Premier Suite
25914,SEMI-FLEX|2 ROOM PREMIUM SUITE-2 QUEENS BEDS-NONSMOKING INCLUDES WIFI AND IN-SUITE DRINKS/SNACKS,Premier Suite
25919,CWT PROGRAM -HONORS DISCOUNT|2 ROOM PREMIUM SUITE-1 KING BED-NONSMOKING INCLUDES WIFI AND IN-SUITE DRINKS/SNACKS,Premier Suite
25921,SEMI-FLEX|2 ROOM PREMIUM SUITE-1 KING BED-NONSMOKING INCLUDES WIFI-24 HR REFRESHMENT CENTER ACCESS,Premier Suite
25922,FLEXIBLE RATE|2 ROOM PREMIUM SUITE-1 KING BED-NONSMOKING INCLUDES WIFI-24 HR REFRESHMENT CENTER ACCESS,Premier Suite
25923,SEMI-FLEX|2 ROOM PREMIUM SUITE-2 QUEENS BEDS-NONSMOKING INCLUDES WIFI-24 HR REFRESHMENT CENTER ACCESS,Premier Suite
25925,2X POINTS PACKAGE|2 ROOM PREMIUM SUITE-2 DOUBLE BEDS-NONSMOKING INCLUDES WIFI AND IN-SUITE DRINKS/SNACKS,Premier Suite
25930,FAMILY FUN PACKAGE|2 ROOM PREMIUM SUITE-1 KING BED-NONSMOKING INCLUDES WIFI AND IN-SUITE DRINKS/SNACKS,Premier Suite
25931,2X POINTS PACKAGE|2 ROOM PREMIUM SUITE-1 KING BED-NONSMOKING INCLUDES WIFI-24 HR REFRESHMENT CENTER ACCESS,Premier Suite
25932,FLEXIBLE RATE|2 ROOM CORNER PREMIUM SUITE-1 KING BED NOSMOK INCLUDES WIFI AND IN-SUITE DRINKS/SNACKS,Premier Suite
25936,2X POINTS PACKAGE|2 ROOM PREMIUM SUITE-2 DOUBLE BEDS-NONSMOKING INCLUDES WIFI AND IN-SUITE DRINKS/SNACKS,Premier Suite
25937,CWT PROGRAM -HONORS SEMI-FLEX|2 ROOM PREMIUM SUITE-2 QUEENS BEDS-NONSMOKING INCLUDES WIFI AND IN-SUITE DRINKS/SNACKS,Premier Suite
25938,BOEING PREFERRED -PREFERRED RA|2 ROOM PREMIUM SUITE-1 KING BED-NONSMOKING INCLUDES WIFI AND IN-SUITE DRINKS/SNACKS,Premier Suite
25941,FLEXIBLE RATE|2 QUEENS BEDS - 2 ROOM PREMIUM SUITE INCLUDES WIFI AND IN-SUITE DRINKS/SNACKS,Premier Suite
25943,FLEXIBLE RATE|2 ROOM PREMIUM SUITE-1 KING BED-NONSMOKING INCLUDES WIFI AND IN-SUITE DRINKS/SNACKS,Premier Suite
25949,SEMI-FLEX|2 ROOM PREMIUM SUITE-1 KING BED-NONSMOKING INCLUDES WIFI-24 HR REFRESHMENT CENTER ACCESS,Premier Suite
25950,2X POINTS PACKAGE|2 ROOM PREMIUM SUITE-1 KING BED-NONSMOKING INCLUDES WIFI-24 HR REFRESHMENT CENTER ACCESS,Premier Suite
25953,CWT PROGRAM -HONORS SEMI-FLEX|2 ROOM PREMIUM SUITE-1 KING BED-NONSMOKING INCLUDES WIFI AND IN-SUITE DRINKS/SNACKS,Premier Suite
25956,FLEXIBLE RATE|2 ROOM PREMIUM SUITE-1 KING BED-NONSMOKING INCLUDES WIFI AND IN-SUITE DRINKS/SNACKS,Premier Suite
25957,CWT PROGRAM -HONORS DISCOUNT|2 ROOM CORNER PREMIUM SUITE-1 KING BED NOSMOK INCLUDES WIFI AND IN-SUITE DRINKS/SNACKS,Premier Suite
25959,PREMIUM WI-FI|2 ROOM PREMIUM SUITE-2 QUEENS BEDS-NONSMOKING INCLUDES WIFI AND IN-SUITE DRINKS/SNACKS,Premier Suite
25960,CWT PROGRAM -HONORS DISCOUNT|2 ROOM PREMIUM SUITE-1 KING BED-NONSMOKING INCLUDES WIFI AND IN-SUITE DRINKS/SNACKS,Premier Suite
25962,PREMIUM WI-FI|2 ROOM PREMIUM SUITE-1 KING BED-NONSMOKING INCLUDES WIFI AND IN-SUITE DRINKS/SNACKS,Premier Suite
25963,2X POINTS PACKAGE|2 ROOM PREMIUM SUITE-2 QUEEN BEDS-NONSMOKING INCLUDES WIFI AND IN-SUITE DRINKS/SNACKS,Premier Suite
25973,FLEXIBLE RATE|2 ROOM PREMIUM SUITE-1 KING BED-NONSMOKING INCLUDES WIFI AND IN-SUITE DRINKS/SNACKS,Premier Suite
25974,FLEXIBLE RATE|2 ROOM PREMIUM SUITE-1 KING BED-NONSMOKING INCLUDES WIFI AND IN-SUITE DRINKS/SNACKS,Premier Suite
25975,CWT PROGRAM -HONORS SEMI-FLEX|2 ROOM PREMIUM SUITE-1 KING BED-NONSMOKING INCLUDES WIFI AND IN-SUITE DRINKS/SNACKS,Premier Suite
25977,CWT PROGRAM -HONORS SEMI-FLEX|2 ROOM PREMIUM SUITE-1 KING BED-NONSMOKING INCLUDES WIFI AND IN-SUITE DRINKS/SNACKS,Premier Suite
25981,CWT PROGRAM -HONORS DISCOUNT|2 ROOM PREMIUM SUITE-1 KING BED-NONSMOKING INCLUDES WIFI AND IN-SUITE DRINKS/SNACKS,Premier Suite
25983,CWT PROGRAM -HONORS SEMI-FLEX|2 ROOM PREMIUM SUITE-1 KING BED-NONSMOKING INCLUDES WIFI AND IN-SUITE DRINKS/SNACKS,Premier Suite
25989,FLEXIBLE RATE|2 ROOM PREMIUM SUITE-1 KING BED-NONSMOKING INCLUDES WIFI AND IN-SUITE DRINKS/SNACKS,Premier Suite
25990,SEMI-FLEX|2 ROOM PREMIUM SUITE-2 DOUBLE BEDS-NONSMOKING INCLUDES WIFI AND IN-SUITE DRINKS/SNACKS,Premier Suite
25992,PARK AND GO|2 ROOM PREMIUM SUITE-2 DOUBLE BEDS-NONSMOKING INCLUDES WIFI AND IN-SUITE DRINKS/SNACKS,Premier Suite
26237,FLEXIBLE RATE|LUXURY KING,Luxury Room
26243,AAA-CAA|PROOF OF MEMBERSHIP REQUIRED AT CHECK-IN LUXURY KING,Luxury Room
26294,GET REAL EXPERIENCE IT ALL|LUXURY KING,Luxury Room
26301,FLEXIBLE RATE|LUXURY KING,Luxury Room
26317,"MRATE AVAIL SAVOR, THE FRENCH|LUXURY ROOM, 2 SINGLE BEDS",Luxury Room
26359,AAA-CAA|PROOF OF MEMBERSHIP REQUIRED AT CHECK-IN LUXURY KING,Luxury Room
26362,FLEXIBLE RATE|LUXURY KING,Luxury Room
26363,GET REAL EXPERIENCE IT ALL|LUXURY KING,Luxury Room
26439,AAA-CAA|PROOF OF MEMBERSHIP REQUIRED AT CHECK-IN LUXURY KING,Luxury Room
26460,FLEXIBLE RATE|LUXURY KING,Luxury Room
26547,JP MORGAN CHASE-CHAIN DISCOUNT|LUXURY KING,Luxury Room
26570,"SAVOR, THE FRENCH WAY-HB/HALFB|LUXURY ROOM, CLUB SOFITEL ACCESS, 1 KING BED",Luxury Room
26581,"MRATE AVAIL FLEXIBLE RATE|LUXURY ROOM, 2 SINGLE BEDS",Luxury Room
26658,"FLEXIBLE RATE|LUXURY ROOM, 1 KING BED",Luxury Room
26668,"FLEXIBLE RATE - BB-BB/BED BRKF|LUXURY ROOM, 1 KING BED",Luxury Room
26674,"FLEXIBLE RATE|LUXURY ROOM, 1 KING BED, CITY VIEW",Luxury Room
26678,"FLEXIBLE RATE - BB-BB/BED BRKF|LUXURY ROOM, 1 KING BED, CITY VIEW",Luxury Room
26760,"FLEXIBLE RATE|LUXURY ROOM, 1 KING BED, CITY VIEW",Luxury Room
26772,"FLEXIBLE RATE - BB-BB/BED BRKF|LUXURY ROOM, 1 KING BED, CITY VIEW",Luxury Room
26782,"MRATE AVAIL FLEXIBLE RATE|LUXURY ROOM, 2 SINGLE BEDS",Luxury Room
26783,"GOVERNMENT RATE|EMPLOYEE ID REQUIRED AT CHECK IN LUXURY ROOM, 2 SINGLE BEDS",Luxury Room
26805,"MRATE AVAIL BOOK WITH CONFIDEN|LUXURY ROOM, 1 KING-SIZE BED",Luxury Room
26808,"MRATE AVAIL BOOK WITH CONFIDEN|LUXURY ROOM, 2 SINGLE BEDS",Luxury Room
26809,"MRATE AVAIL BOOK WITH CONFIDEN|LUXURY ROOM, 2 SINGLE BEDS",Luxury Room
26811,"MRATE AVAIL BOOK WITH CONFIDEN|LUXURY ROOM, 1 QUEEN SIZE BED",Luxury Room
26814,"MRATE AVAIL FLEXIBLE RATE - BB|LUXURY ROOM, 2 SINGLE BEDS",Luxury Room
26815,GOVERNMENT RATE|EMPLOYEE ID REQUIRED AT CHECK IN LUXURY KING,Luxury Room
26826,"GET REAL EXPERIENCE IT ALL|LUXURY ROOM, 1 KING BED, CITY VIEW",Luxury Room
26836,SENIOR DISCOUNT|LUXURY KING,Luxury Room
26842,AAA-CAA|PROOF OF MEMBERSHIP REQUIRED AT CHECK-IN LUXURY KING,Luxury Room
26846,GET REAL EXPERIENCE IT ALL|LUXURY KING,Luxury Room
26853,"MRATE AVAIL FLEXIBLE RATE - BB|LUXURY ROOM, 2 SINGLE BEDS",Luxury Room
26857,FLEXIBLE RATE|LUXURY KING,Luxury Room
26901,"MRATE AVAIL FLEXIBLE RATE|LUXURY ROOM, 2 SINGLE BEDS",Luxury Room
26902,"MRATE AVAIL FLEXIBLE RATE|LUXURY ROOM, 1 KING BED",Luxury Room
26904,"GOVERNMENT RATE|EMPLOYEE ID REQUIRED AT CHECK IN LUXURY ROOM, 2 SINGLE BEDS",Luxury Room
26906,"GOVERNMENT RATE|EMPLOYEE ID REQUIRED AT CHECK IN LUXURY ROOM, 1 KING BED",Luxury Room
26933,"FLEXIBLE RATE - BB-BB/BED BRKF|LUXURY ROOM, CLUB SOFITEL ACCESS, 1 KING BED",Luxury Room
26938,"MRATE AVAIL FLEXIBLE RATE - BB|LUXURY ROOM, 2 SINGLE BEDS",Luxury Room
26940,"MRATE AVAIL FLEXIBLE RATE - BB|LUXURY ROOM, 1 KING BED",Luxury Room
26984,CWT HOTEL PROGRAMME PROMO|LUXURY KING,Luxury Room
26993,"FLEXIBLE RATE - BB-BB/BED BRKF|LUXURY ROOM, 1 KING BED, MARINA VIEW, CLUB SOFI TEL ACCESS",Luxury Room
27001,"BETSY FLEXIBLE RATE|IDEAL FOR FAMILIES, OUR CLASSIC SUITE DOUBLE OFFERS ELEGANT DESIGN AND AMPLE SPACE TO RELAX.",Classic Suite
27002,"BETSY FLEXIBLE RATE|OUR CLASSIC SUITE KING WRAPS GUESTS IN SENSORY DETAIL, COMPLETE WITH A SEPARATE LIVING AREA.",Classic Suite
27021,BEST FLEX RATE INC BREAKFAST|CLASSIC SUITE -1 KING BED - AVG 65SQM 699SQF LIVING ROOM - FREE WIFI,Classic Suite
27022,STAYCATION|CLASSIC SUITE -1 KING BED - AVG 65SQM 699SQF LIVING ROOM - FREE WIFI,Classic Suite
27190,GDS PROMO RATE INCL BFST|CLASSIC SUITE - CITY OR WATERFRONT VIEW - ONE KING BED,Classic Suite
27232,"REGULAR RATE|FLEXIBLE RATE, CLASSIC SUITE, 1 BEDROOM EXECUTIVE SUITE, 1 KING, LANDMARK",Classic Suite
27248,"AAA|CLASSIC SUITE, 2 QUEEN, STRIP VIEW, NON-SMOKING",Classic Suite
27250,"AARP - SENIOR RATE|CLASSIC SUITE, 2 QUEEN, STRIP VIEW, NON-SMOKING",Classic Suite
27251,"WORLD RAINBOW HOTELS BAR|CLASSIC SUITE, 2 QUEEN, STRIP VIEW, NON-SMOKING",Classic Suite
27255,"BEST AVAILABLE RATE|CLASSIC SUITE, 2 QUEEN, STRIP VIEW, NON-SMOKING",Classic Suite
27261,"AAA|CLASSIC SUITE, 1 KING, STRIP VIEW, NON-SMOKING",Classic Suite
27262,"AARP - SENIOR RATE|CLASSIC SUITE, 1 KING, STRIP VIEW, NON-SMOKING",Classic Suite
27266,"WORLD RAINBOW HOTELS BAR|CLASSIC SUITE, 1 KING, STRIP VIEW, NON-SMOKING",Classic Suite
27267,"BETSY FLEXIBLE RATE|IDEAL FOR FAMILIES, OUR CLASSIC SUITE DOUBLE OFFERS ELEGANT DESIGN AND AMPLE SPACE TO RELAX.",Classic Suite
27269,"BEST AVAILABLE RATE|CLASSIC SUITE, 1 KING, STRIP VIEW, NON-SMOKING",Classic Suite
27281,"BETSY FLEXIBLE RATE|OUR CLASSIC SUITE KING WRAPS GUESTS IN SENSORY DETAIL, COMPLETE WITH A SEPARATE LIVING AREA.",Classic Suite
27331,FLEXIBLE RATE INC BREAKFAST|CLASSIC SUITE-1 KING OR 2 TWIN BEDS-60SQM 646SQF - LIVING AREA - FREE BREAKFAST,Classic Suite
27337,PAWS AND UNWIND|CLASSIC SUITE - 45SQM -KING BEDROOM WITH LIVING ROOM AND SOFA BED,Classic Suite
27341,LOVE LONDON - FAMILIES|CLASSIC SUITE - 45SQM -KING BEDROOM WITH LIVING ROOM AND SOFA BED,Classic Suite
27343,LOVE LONDON - FLEXIBLE RATE|CLASSIC SUITE - 45SQM -KING BEDROOM WITH LIVING ROOM AND SOFA BED,Classic Suite
27381,VIRTUOSO|CLASSIC SUITE-1 KING OR 2 TWIN BEDS-60SQM 646SQF - LIVING AREA - FREE BREAKFAST,Classic Suite
27389,STAY 3 PAY 2 PROMOTION|CLASSIC SUITE-1 KING OR 2 TWIN BEDS-60SQM 646SQF - LIVING AREA - FREE BREAKFAST,Classic Suite
27394,TRAVEL WITHOUT LIMITS|CLASSIC SUITE-1 KING OR 2 TWIN BEDS-60SQM 646SQF - LIVING AREA - FREE BREAKFAST,Classic Suite
27428,SUMMER AT ONE|CLASSIC SUITE - 45SQM -KING BEDROOM WITH LIVING ROOM AND SOFA BED,Classic Suite
27443,STAY MORE - SAVE MORE|CLASSIC STE-1 KING-642 SQFT-LIVING RM-BACCARAT FIXTURES-MASCIONI LINENS-ROGUE 540 AMENITIES,Classic Suite
27444,AARP RATE|CLASSIC STE-1 KING-642 SQFT-LIVING RM-BACCARAT FIXTURES-MASCIONI LINENS-ROGUE 540 AMENITIES,Classic Suite
27445,BED AND BREAKFAST|CLASSIC STE-1 KING-642 SQFT-LIVING RM-BACCARAT FIXTURES-MASCIONI LINENS-ROGUE 540 AMENITIES,Classic Suite
27446,LIMITLESS LUXURY|CLASSIC STE-1 KING-642 SQFT-LIVING RM-BACCARAT FIXTURES-MASCIONI LINENS-ROGUE 540 AMENITIES,Classic Suite
27447,PREFERRED SUITES|CLASSIC STE-1 KING-642 SQFT-LIVING RM-BACCARAT FIXTURES-MASCIONI LINENS-ROGUE 540 AMENITIES,Classic Suite
27451,PREFERRED BED AND BREAKFAST|CLASSIC STE-1 KING-642 SQFT-LIVING RM-BACCARAT FIXTURES-MASCIONI LINENS-ROGUE 540 AMENITIES,Classic Suite
27490,PAWS AND UNWIND DELUXE|CLASSIC SUITE - 45SQM -KING BEDROOM WITH LIVING ROOM AND SOFA BED,Classic Suite
27506,ROCCO FORTE FAMILY EXPERIENCE|CLASSIC SUITE-SUPER KING OR 2TWIN -75SQM 805SQF LIVING ROOM-SUITE BENEFITS,Classic Suite
27511,BEST FLEXIBLE RATE INC BREAKFA|CLASSIC SUITE-SUPER KING OR 2TWIN -75SQM 805SQF LIVING ROOM-SUITE BENEFITS,Classic Suite
27513,FLEXIBLE RATE WITH BREAKFAST|CLASSIC SUITE - 1 KING BED - 67SQM 721SQF CITY VIEW - FREE WIFI,Classic Suite
27520,HOME AWAY FROM HOME|CLASSIC SUITE-SUPER KING OR 2TWIN -75SQM 805SQF LIVING ROOM-SUITE BENEFITS,Classic Suite
27524,TRAVEL WITHOUT LIMITS|CLASSIC SUITE-SUPER KING OR 2TWIN -75SQM 805SQF LIVING ROOM-SUITE BENEFITS,Classic Suite
27536,FLEXIBLE RATE INC BREAKFAST|CLASSIC SUITE-KING BED-55SQM 592SQF AVG-CITY VIEW-BRIGHT AND LIGHT BEDROOM AND LIVING ROOM-,Classic Suite
27537,TIMELESS CELEBRATIONS PACKAGE|CLASSIC STE-1 KING-642 SQFT-LIVING RM-BACCARAT FIXTURES-MASCIONI LINENS-ROGUE 540 AMENITIES,Classic Suite
27541,FLEXIBLE RATE - SUITES|CLASSIC SUITE - 45SQM -KING BEDROOM WITH LIVING ROOM AND SOFA BED,Classic Suite
27546,BEST AVAILABLE RATE -CREDIT|CLASSIC STE-1 KING-642 SQFT-LIVING RM-BACCARAT FIXTURES-MASCIONI LINENS-ROGUE 540 AMENITIES,Classic Suite
27565,STAY 3 PAY 2 PROMOTION|CLASSIC SUITE - 1 KING BED - 67SQM 721SQF CITY VIEW - FREE WIFI,Classic Suite
27589,FLEXIBLE RATE WITH BREAKFAST|CLASSIC SUITE-1 KING OR 2 TWIN BEDS -AVG 60SQM 700SQF-LIVING ROOM-1WAY FCO OR CIA APT TRNFR,Classic Suite
27596,BEST RATE GUARANTEED|CLASSIC SUITE-1 KING-CITY VW-37SQM-LIVING RM- WIFI-FREE LOUNGE ACCESS WITH BRKFST-HIGH FLOOR,Classic Suite
27600,PREFERRED BED AND BREAKFAST|CLASSIC SUITE-1 KING-CITY VW-37SQM-LIVING RM- WIFI-FREE LOUNGE ACCESS WITH BRKFST-HIGH FLOOR,Classic Suite
27603,VISA WORLDS OFFER|CLASSIC SUITE-1 KING-CITY VW-37SQM-LIVING RM- WIFI-FREE LOUNGE ACCESS WITH BRKFST-HIGH FLOOR,Classic Suite
27607,PREFERRED ADVANCE PURCHASE|CLASSIC SUITE-1 KING-CITY VW-37SQM-LIVING RM- WIFI-FREE LOUNGE ACCESS WITH BRKFST-HIGH FLOOR,Classic Suite
27613,VIRTUOSO|CLASSIC SUITE-SUPER KING OR 2TWIN -75SQM 805SQF LIVING ROOM-SUITE BENEFITS,Classic Suite
27614,VIRTUOSO - 3 FOR 2 PROMOTION|CLASSIC SUITE-SUPER KING OR 2TWIN -75SQM 805SQF LIVING ROOM-SUITE BENEFITS,Classic Suite
27615,BEST AVAILABLE RATE|CLASSIC SUITE-61SQM-655SQFT-SITTING RM-PRIVATE 1K-FREE WIFI-CALLS-MINIBAR-FITNESS-MOVIES,Classic Suite
27629,VIRTUOSO|CLASSIC SUITE - 1 KING BED - 67SQM 721SQF CITY VIEW - FREE WIFI,Classic Suite
27657,TRAVEL WITHOUT LIMITS|CLASSIC SUITE-KING BED-55SQM 592SQF AVG-CITY VIEW-BRIGHT AND LIGHT BEDROOM AND LIVING ROOM-,Classic Suite
27670,ADVANCE PURCHASE|CLASSIC SUITE CREEK VIEW WIFI/LED TV/SHOWER/MINI FRIDGE/SAFE,Classic Suite
27673,VIRTUOSO|CLASSIC SUITE-KING BED-55SQM 592SQF AVG-CITY VIEW-BRIGHT AND LIGHT BEDROOM AND LIVING ROOM-,Classic Suite
27678,ADVANCE PURCHASE BREAKFAST|CLASSIC SUITE CREEK VIEW WIFI/LED TV/SHOWER/MINI FRIDGE/SAFE,Classic Suite
27681,"NON REFUNDBLE RATE|SAVOY CLASSIC SUITE, 2.00 X 2.10M, SOUNDPROOF WINDOWS, 47SQM, VIEW OF THE CITY, REE MINERAL WATER AND NESPRESSO COFFEE AS WELL AS WLAN",Classic Suite
27687,"BEST AVAILABLE RATE|SAVOY CLASSIC SUITE, 2.00 X 2.10M, SOUNDPROOF WINDOWS, 47SQM, VIEW OF THE CITY, REE MINERAL WATER AND NESPRESSO COFFEE AS WELL AS WLAN",Classic Suite
27688,NON REFUNDABLE|CLASSIC STE-1 KING-642 SQFT-LIVING RM-BACCARAT FIXTURES-MASCIONI LINENS-ROGUE 540 AMENITIES,Classic Suite
27690,FLEXIBLE RATE ROOM ONLY|CLASSIC SUITE/KING BED 78 SQM/WIFI LCD TV/SHOWER/BATHROOM/PHONE/TEANCOFFEE,Classic Suite
27698,THE ART OF BREAKING THE RULES|CLASSIC SUITE - 45SQM -KING BEDROOM WITH LIVING ROOM AND SOFA BED,Classic Suite
27711,BED AND BREAKFAST RATE|CLASSIC SUITE - CITY OR WATERFRONT VIEW - ONE KING BED,Classic Suite
27712,FLEXIBLE RATE ROOM ONLY|CLASSIC SUITE CREEK VIEW WIFI/LED TV/SHOWER/MINI FRIDGE/SAFE,Classic Suite
27713,GDS PROMO RATE INCL BFST|CLASSIC SUITE - CITY OR WATERFRONT VIEW - ONE KING BED,Classic Suite
27718,BEST AVAILABLE RATE|CLASSIC SUITE - CITY OR WATERFRONT VIEW - ONE KING BED,Classic Suite
27721,ADVANCE FLEX WITH BREAKFAST|CLASSIC SUITE/KING BED 78 SQM/WIFI LCD TV/SHOWER/BATHROOM/PHONE/TEANCOFFEE,Classic Suite
27722,ADVANCE PURCHASE|CLASSIC SUITE/KING BED 78 SQM/WIFI LCD TV/SHOWER/BATHROOM/PHONE/TEANCOFFEE,Classic Suite
27723,FAMILY PACKAGE -KIDS ROOM FREE|CLASSIC SUITE-1 KING OR 2 TWIN BEDS-60SQM 646SQF - LIVING AREA - FREE BREAKFAST,Classic Suite
27734,YOUR SUMMER PACKAGE RATE|CLASSIC SUITE-1 KING OR 2 TWIN BEDS-60SQM 646SQF - LIVING AREA - FREE BREAKFAST,Classic Suite
27736,DAILY RATE|CLASSIC SUITE VIEW-1KING OR 2TWINS-COMP WIFI CITY OR GARDEN VIEW-LCDTV-63-73SQM 678-786SQFT,Classic Suite
27744,SUMMER SALE-BB/BED BRKFAST|CLASSIC SUITE WITH BALCONY,Classic Suite
27745,FLEXIBLE GOVERNMENT RATE|THE CLASSIC SUITE 435 SQ FT NSMK READING AREA KING BED FREE WIFI NESPRESSO COFFEE MACHINE CANADIAN GOVERNMENT RATE ID REQUIRED INCLUDES WIRELESS INTERNET CAD COMPANY,Classic Suite
27758,VIRTUOSO|CLASSIC SUITE-1 KING OR 2 TWIN BEDS -AVG 60SQM 700SQF-LIVING ROOM-1WAY FCO OR CIA APT TRNFR,Classic Suite
27759,VIRTUOSO|CLASSIC STE-1 KING-642 SQFT-LIVING RM-BACCARAT FIXTURES-MASCIONI LINENS-ROGUE 540 AMENITIES,Classic Suite
27766,VIRTUOSO SUITE OFFER|CLASSIC STE-1 KING-642 SQFT-LIVING RM-BACCARAT FIXTURES-MASCIONI LINENS-ROGUE 540 AMENITIES,Classic Suite
27767,RATE OF THE DAY|THE CLASSIC SUITE 435 SQ FT NSMK READING AREA KING BED FREE WIFI NESPRESSO COFFEE MACHINE STAY IN DOWNTOWN ENTERTAINMENT DISTRICT RESTAURANT AND 24HR GYM ONSITE FREE WIFI,Classic Suite
27780,DAILY RATE|CLASSIC SUITE-KING OR 2TWINS-COMP WIFI-STREET OR COURTYARD VIEW-LEDTV-63-73SQM 678-786SQFT,Classic Suite
27782,FORTE ESCAPES - 3RD NIGHT FREE|CLASSIC SUITE-1 KING OR 2 TWIN BEDS -AVG 60SQM 700SQF-LIVING ROOM-1WAY FCO OR CIA APT TRNFR,Classic Suite
27783,"REGULAR RATE|FLEXIBLE RATE, CLASSIC SUITE, 1 BEDROOM 2 ROOM SUITE, 1 KING, COURTYARD VIEW",Classic Suite
27784,SPA AND STAY|CLASSIC SUITE VIEW-1KING OR 2TWINS-COMP WIFI CITY OR GARDEN VIEW-LCDTV-63-73SQM 678-786SQFT,Classic Suite
27787,FLEXIBLE WITH BREAKFAST|CLASSIC SUITE/KING BED 78 SQM/WIFI LCD TV/SHOWER/BATHROOM/PHONE/TEANCOFFEE,Classic Suite
27788,"STAY FOR BREAKFST PREM|STAY FOR BREAKFAST RATE - FLEXIBLE, INCLUDES BREAKFAST DAILY, CLASSIC SUITE, 1 BEDROOM 2 ROOM SUITE, 1 KING, COURTYARD VIEW",Classic Suite
27789,EARLY BOOKER RATE|CLASSIC SUITE-61SQM-655SQFT-SITTING RM-PRIVATE 1K-FREE WIFI-CALLS-MINIBAR-FITNESS-MOVIES,Classic Suite
27790,ADVANCE PURCHASE RATE|CLASSIC SUITE-1 KING OR 2 TWIN BEDS-60SQM 646SQF - LIVING AREA - FREE BREAKFAST,Classic Suite
27799,SPECIAL EVENT RATE|CLASSIC SUITE WITH BALCONY,Classic Suite
27801,"EVERGREEN 5 NIGHT PROMOTION|IDEAL FOR FAMILIES, OUR CLASSIC SUITE DOUBLE OFFERS ELEGANT DESIGN AND AMPLE SPACE TO RELAX.",Classic Suite
27802,"EVERGREEN 5 NIGHT PROMOTION|OUR CLASSIC SUITE KING WRAPS GUESTS IN SENSORY DETAIL, COMPLETE WITH A SEPARATE LIVING AREA.",Classic Suite
27809,BED AND BREAKFAST|CLASSIC SUITE VIEW-1KING OR 2TWINS-COMP WIFI CITY OR GARDEN VIEW-LCDTV-63-73SQM 678-786SQFT,Classic Suite
27813,CAA MEMBER RATE|THE CLASSIC SUITE 435 SQ FT NSMK READING AREA KING BED FREE WIFI NESPRESSO COFFEE MACHINE CAA MEMBERS ONLY RATE ID REQUIRED AT CHECKIN FREE WIFI PARKING ONSITE AVAILABLE,Classic Suite
27814,SENIOR RATE - CARP/AARP|THE CLASSIC SUITE 435 SQ FT NSMK READING AREA KING BED FREE WIFI NESPRESSO COFFEE MACHINE ID REQUIRED AT CHECK IN INCLUDES BREAKFAST AND WIRELESS INTERNET,Classic Suite
27824,VIRTUOSO|CLASSIC SUITE-RESORT VIEW KING 500 SQFT-SITTING ROOM FEATURES PULL-OUT SOFA,Classic Suite
27826,SERENE SUITE LIFE|CLASSIC SUITE-1 KING OR 2 TWIN BEDS -AVG 60SQM 700SQF-LIVING ROOM-1WAY FCO OR CIA APT TRNFR,Classic Suite
27827,ROMANTIC GETAWAY|CLASSIC SUITE VIEW-1KING OR 2TWINS-COMP WIFI CITY OR GARDEN VIEW-LCDTV-63-73SQM 678-786SQFT,Classic Suite
27830,FLEXIBLE RATE|CLASSIC SUITE - AVERAGE 55 SQM - LIVING ROOM - KING BED - FREE WIFI - BKFST INCL,Classic Suite
27834,YOUR SUMMER PACKAGE|CLASSIC SUITE - 1 KING BED - 67SQM 721SQF CITY VIEW - FREE WIFI,Classic Suite
27835,FLEXIBLE RATE ROOM ONLY|SKY CLASSIC SUITE/KING BED/60 SQM/WIFI 35FLOOR ABOVE/KITCHENETTE/MICROWAVE/SAFE,Classic Suite
27836,ADVANCE PURCHASE RATE|CLASSIC SUITE - 1 KING BED - 67SQM 721SQF CITY VIEW - FREE WIFI,Classic Suite
27839,THE BEAUMONT WEEKEND|CLASSIC SUITE-61SQM-655SQFT-SITTING RM-PRIVATE 1K-FREE WIFI-CALLS-MINIBAR-FITNESS-MOVIES,Classic Suite
27848,FAMILY PACKAGE -KIDS ROOM FREE|CLASSIC SUITE - 1 KING BED - 67SQM 721SQF CITY VIEW - FREE WIFI,Classic Suite
27850,FLEXIBLE RATE ROOM ONLY|CLASSIC SUITE/KING BED/60SQM/LCD TV/SAFE INTERNET/KITCHENETTE/BATHTUB/WASHER,Classic Suite
27852,BED AND BREAKFAST|CLASSIC SUITE-KING OR 2TWINS-COMP WIFI-STREET OR COURTYARD VIEW-LEDTV-63-73SQM 678-786SQFT,Classic Suite
27855,ADVANCED PURCHASE RATE|CLASSIC SUITE-61SQM-655SQFT-SITTING RM-PRIVATE 1K-FREE WIFI-CALLS-MINIBAR-FITNESS-MOVIES,Classic Suite
27856,VIRTUOSO|CLASSIC SUITE - AVERAGE 55 SQM - LIVING ROOM - KING BED - FREE WIFI - BKFST INCL,Classic Suite
27860,FLEXIBLE RATE INCL. BREAKFAST|CLASSIC SUITE - AVERAGE 55 SQM - LIVING ROOM - KING BED - FREE WIFI - BKFST INCL,Classic Suite
27862,ADVANCE PURCHASE|CLASSIC SUITE/KING BED/60SQM/LCD TV/SAFE INTERNET/KITCHENETTE/BATHTUB/WASHER,Classic Suite
27864,SPA AND STAY|CLASSIC SUITE-KING OR 2TWINS-COMP WIFI-STREET OR COURTYARD VIEW-LEDTV-63-73SQM 678-786SQFT,Classic Suite
27869,PREFERRED PLATINUM PARTNER|CLASSIC SUITE - AVERAGE 55 SQM - LIVING ROOM - KING BED - FREE WIFI - BKFST INCL,Classic Suite
27871,BREAKFAST INCLUSIVE - FLEXIBLE|CLASSIC SUITE 50SQM PARTIAL CITYGARDEN VIEW LARGE KING BEDROOM,Classic Suite
27874,VIRTUOSO RATE|CLASSIC SUITE-61SQM-655SQFT-SITTING RM-PRIVATE 1K-FREE WIFI-CALLS-MINIBAR-FITNESS-MOVIES,Classic Suite
27875,FLEXIBLE RATE ROOM ONLY|CLASSIC SUITE/KING BED/73SQM/SITTING AND PLAYER/COFFEE MAKING FACILITY.,Classic Suite
27876,AAA RATE|CLASSIC SUITE  ONE BEDROOM KING    FLOOR 4 610 SQFT 57 SQM   PRIVATE FURNISHED BALCONY,Classic Suite
27877,"STAY 3 NIGHTS|SAVOY CLASSIC SUITE, 2.00 X 2.10M, SOUNDPROOF WINDOWS, 47SQM, VIEW OF THE CITY, REE MINERAL WATER AND NESPRESSO COFFEE AS WELL AS WLAN",Classic Suite
27885,GOVERNMENT RATE BY HOTELREZ RO|CLASSIC SUITE ENSUITE WIFI TV PARKING 24 HOUR RECEPTION - LUGGAGE STORAGE,Classic Suite
27887,BREAKFAST INCLUSIVE|CLASSIC SUITE  ONE BEDROOM KING    FLOOR 4 610 SQFT 57 SQM   PRIVATE FURNISHED BALCONY,Classic Suite
27891,ADVANCE PURCHASE|SKY CLASSIC SUITE/KING BED/60 SQM/WIFI 35FLOOR ABOVE/KITCHENETTE/MICROWAVE/SAFE,Classic Suite
27895,2X POINTS|1 KING BED 1 BEDROOM CLASSIC SUITE 54 SQ M - BALCONY - LIVING AREA - WIFI,Classic Suite
27897,LINGER LONGER - UP TO 25 PCT|CLASSIC SUITE  ONE BEDROOM KING    FLOOR 4 610 SQFT 57 SQM   PRIVATE FURNISHED BALCONY,Classic Suite
27900,WORLD RAINBOW HOTELS BAR  RO|CLASSIC SUITE ENSUITE WIFI TV PARKING 24 HOUR RECEPTION - LUGGAGE STORAGE,Classic Suite
27905,READY.SET.TRAVEL|CLASSIC SUITE  ONE BEDROOM KING    FLOOR 4 610 SQFT 57 SQM   PRIVATE FURNISHED BALCONY,Classic Suite
27913,ABC GLOBAL SERVICES|CLASSIC STE-1 KING-642 SQFT-LIVING RM-BACCARAT FIXTURES-MASCIONI LINENS-ROGUE 540 AMENITIES,Classic Suite
27914,SWEET SUITES AT MR. C MIAMI|CLASSIC SUITE  ONE BEDROOM KING    FLOOR 4 610 SQFT 57 SQM   PRIVATE FURNISHED BALCONY,Classic Suite
27915,ROMANTIC GETAWAY|CLASSIC SUITE-KING OR 2TWINS-COMP WIFI-STREET OR COURTYARD VIEW-LEDTV-63-73SQM 678-786SQFT,Classic Suite
27916,ROSEWOOD HALF BOARD|CLASSIC SUITE - CITY OR WATERFRONT VIEW - ONE KING BED,Classic Suite
27917,DIAMOND CLUB DAILY SUITE RATE|CLASSIC SUITE VIEW-1KING OR 2TWINS-COMP WIFI CITY OR GARDEN VIEW-LCDTV-63-73SQM 678-786SQFT,Classic Suite
27923,PREFERRED SUITES|CLASSIC SUITE-1 KING-CITY VW-37SQM-LIVING RM- WIFI-FREE LOUNGE ACCESS WITH BRKFST-HIGH FLOOR,Classic Suite
27924,BESTREZ RO INC VAT|CLASSIC SUITE ENSUITE WIFI TV PARKING 24 HOUR RECEPTION - LUGGAGE STORAGE,Classic Suite
27930,BEST AVAILABLE RATE|CLASSIC SUITE 50SQM PARTIAL CITYGARDEN VIEW LARGE KING BEDROOM,Classic Suite
27935,BREAKFAST INCLUDED|1 KING BED 1 BEDROOM CLASSIC SUITE 54 SQ M - BALCONY - LIVING AREA - WIFI,Classic Suite
27936,CORPORATE RATE BY HOTELREZ RO|CLASSIC SUITE ENSUITE WIFI TV PARKING 24 HOUR RECEPTION - LUGGAGE STORAGE,Classic Suite
27938,FLEXIBLE WITH BREAKFAST|CLASSIC SUITE/KING BED/73SQM/SITTING AND PLAYER/COFFEE MAKING FACILITY.,Classic Suite
27942,BEST AVAILABLE RATE|CLASSIC SUITE ONE BEDROOM -- FLOORS 10 AND 11 795 SQ FT  74 SQM -- PRIVATE FURNISHED BALCONY,Classic Suite
27946,SWEET SUITE AT MR. C|CLASSIC SUITE ONE BEDROOM -- FLOORS 10 AND 11 795 SQ FT  74 SQM -- PRIVATE FURNISHED BALCONY,Classic Suite
27947,"LONG TERM STAY|OUR CLASSIC SUITE KING WRAPS GUESTS IN SENSORY DETAIL, COMPLETE WITH A SEPARATE LIVING AREA.",Classic Suite
27948,"LONG TERM STAY|IDEAL FOR FAMILIES, OUR CLASSIC SUITE DOUBLE OFFERS ELEGANT DESIGN AND AMPLE SPACE TO RELAX.",Classic Suite
27949,BED AND BREAKFAST FOR 2|CLASSIC SUITE ONE BEDROOM -- FLOORS 10 AND 11 795 SQ FT  74 SQM -- PRIVATE FURNISHED BALCONY,Classic Suite
27950,RELAX AND REJUVENATE|CLASSIC SUITE - 45SQM -KING BEDROOM WITH LIVING ROOM AND SOFA BED,Classic Suite
27955,FLEXIBLE RATE|1 KING BED 1 BEDROOM CLASSIC SUITE 54 SQ M - BALCONY - LIVING AREA - WIFI,Classic Suite
27957,VALET ALL THE WAY VIP PRK PKG|CLASSIC SUITE  ONE BEDROOM KING    FLOOR 4 610 SQFT 57 SQM   PRIVATE FURNISHED BALCONY,Classic Suite
27959,BEST AVAILABLE RATE|CLASSIC SUITE  ONE BEDROOM KING    FLOOR 4 610 SQFT 57 SQM   PRIVATE FURNISHED BALCONY,Classic Suite
27962,CARLSON WAGONLIT|CLASSIC SUITE ONE BEDROOM -- FLOORS 10 AND 11 795 SQ FT  74 SQM -- PRIVATE FURNISHED BALCONY,Classic Suite
27963,"RACK RATE|CLASSIC SUITE,VERY SPACIOUS,SEPERATE BEDROOM,A DRAWING ROOM,INDIVIDUALLY DESIGNED,MINIBAR,WIRELESS INTERNET,VIEW ON",Classic Suite
27964,COMPLIMENTARY 4TH NIGHT -BKFST|CLASSIC STE-1 KING-642 SQFT-LIVING RM-BACCARAT FIXTURES-MASCIONI LINENS-ROGUE 540 AMENITIES,Classic Suite
27969,LIMITED OFFER - SUMMER SPLENDO|CLASSIC SUITE - CITY OR WATERFRONT VIEW - ONE KING BED,Classic Suite
27970,MRATE AVAIL BOOK WITH CONFIDEN|CLASSIC SUITE WITH 1 DOUBLE SIZE BED AND 1 SING LE SIZE BED,Classic Suite
27976,FALL SAVINGS|CLASSIC SUITE-RESORT VIEW KING 500 SQFT-SITTING ROOM FEATURES PULL-OUT SOFA,Classic Suite
27977,ADVANCE PURCHASE|CLASSIC SUITE/KING BED/45SQM/FREEWIFI/AC PLAZA VIEW/LIVING,Classic Suite
27982,ADVANCE PURCHASE BREAKFAST|CLASSIC SUITE/KING BED/70SQM/LCD TV/ /BATHTUB/KITCHENETTE/IPOD DOCK,Classic Suite
27984,RACK RATE|CLASSIC SUITE 50SQM PARTIAL CITYGARDEN VIEW LARGE KING BEDROOM,Classic Suite
27986,ADVANCE PURCHASE|CLASSIC SUITE/KING BED/70SQM/LCD TV/ /BATHTUB/KITCHENETTE/IPOD DOCK,Classic Suite
27988,"PROMOTIONAL RATE|CLASSIC SUITE,VERY SPACIOUS,SEPERATE BEDROOM,A DRAWING ROOM,INDIVIDUALLY DESIGNED,MINIBAR,WIRELESS INTERNET,VIEW ON",Classic Suite
27989,FLEXIBLE RATE ROOM ONLY|CLASSIC SUITE/KING BED/70SQM/LCD TV/ /BATHTUB/KITCHENETTE/IPOD DOCK,Classic Suite
27991,DIAMOND CLUB DAILY SUITE RATE|CLASSIC SUITE-KING OR 2TWINS-COMP WIFI-STREET OR COURTYARD VIEW-LEDTV-63-73SQM 678-786SQFT,Classic Suite
27992,ADVANCE PURCHASE|CLASSIC SUITE 57SQM/WIFI/LCD TV,Classic Suite
27994,FORTE ESCAPES|CLASSIC SUITE-SUPER KING OR 2TWIN -75SQM 805SQF LIVING ROOM-SUITE BENEFITS,Classic Suite
27995,AARP RATE|CLASSIC SUITE WITH R-I ADA SHOWER,Classic Suite
27996,MRATE AVAIL FLEXIBLE RATE - BB|CLASSIC SUITE WITH 1 DOUBLE SIZE BED AND 1 SING LE SIZE BED,Classic Suite
28072,"REGULAR RATE|FLEXIBLE RATE, 2 BEDROOM PRESIDENTIAL SUITE",Presidential Suite
28090,"REGULAR RATE|FLEXIBLE RATE, DEPOSIT REQUIRED, PRESIDENTIAL SUITE, 1 BEDROOM PRESIDENTIAL SUITE, 1 KING",Presidential Suite
28120,"REGULAR RATE|FLEXIBLE RATE, 2 BEDROOM PRESIDENTIAL SUITE",Presidential Suite
28135,"REGULAR RATE|FLEXIBLE RATE, PRESIDENTIAL SUITE, 1 KING",Presidential Suite
28142,"REGULAR RATE|FLEXIBLE RATE, 1 BEDROOM PRESIDENTIAL SUITE, 1 KING, CITY VIEW",Presidential Suite
28184,"REGULAR RATE|FLEXIBLE RATE, PRESIDENTIAL SUITE, 1 BEDROOM PRESIDENTIAL SUITE, 1 KING",Presidential Suite
28223,FLEXIBLE RATE|PRESIDENTIAL SUITE ONE BEDROOM 1 KING 30USD MAND CHG/900-1300SQFT/EXE LNG/FRIDGE,Presidential Suite
28224,"REGULAR RATE|FLEXIBLE RATE, DEPOSIT REQUIRED, PRESIDENTIAL SUITE, 1 BEDROOM PRESIDENTIAL SUITE, 1 KING",Presidential Suite
28226,"REGULAR RATE|FLEXIBLE RATE, PRESIDENTIAL SUITE, 1 KING",Presidential Suite
28232,SEMI-FLEX|PRESIDENTIAL SUITE ONE BEDROOM 1 KING 30USD MAND CHG/900-1300SQFT/EXE LNG/FRIDGE,Presidential Suite
28255,"REGULAR RATE|FLEXIBLE RATE, PRESIDENTIAL SUITE, 1 BEDROOM PRESIDENTIAL SUITE",Presidential Suite
28272,"REGULAR RATE|FLEXIBLE RATE, PRESIDENTIAL SUITE, 1 KING, SOFA BED",Presidential Suite
28331,TRIP ADVISOR PLUS SPECIAL RATE|PRESIDENTIAL VILLA OFFERS 1 MASTER BEDROOM AND 2 BEDROOMS UPSTAIRS,Presidential Suite
28345,FLEXIBLE RATE|PRESIDENTIAL CORNER SUITE 1 KING 30USD MAND CHG/VIEW/BAR/KITCHENETTE/POWDER RM,Presidential Suite
28390,"REGULAR RATE|FLEXIBLE RATE, PRESIDENTIAL SUITE, 1 BEDROOM PRESIDENTIAL SUITE, CITY VIEW",Presidential Suite
28396,SEMI-FLEX|PRESIDENTIAL CORNER SUITE 1 KING 30USD MAND CHG/VIEW/BAR/KITCHENETTE/POWDER RM,Presidential Suite
28414,"REGULAR RATE|FLEXIBLE RATE, PRESIDENTIAL SUITE, 1 BEDROOM PRESIDENTIAL SUITE, 1 KING",Presidential Suite
28448,"MEMBER RETAIL RATE|MEMBER RATE FLEXIBLE, PRESIDENTIAL SUITE, 1 KING",Presidential Suite
28470,"REGULAR RATE|FLEXIBLE RATE, 1 BEDROOM PRESIDENTIAL SUITE, 1 KING, CITY VIEW",Presidential Suite
28506,"REGULAR RATE|FLEXIBLE RATE, PRESIDENTIAL SUITE, 1 BEDROOM PRESIDENTIAL SUITE",Presidential Suite
28521,"REGULAR RATE|FLEXIBLE RATE, CONCIERGE LEVEL, 1 BEDROOM PRESIDENTIAL SUITE, 1 KING, WHIRLPOOL",Presidential Suite
28526,"REGULAR RATE|FLEXIBLE RATE, PRESIDENTIAL SUITE, 1 BEDROOM PRESIDENTIAL SUITE, 1 KING",Presidential Suite
28528,"REGULAR RATE|FLEXIBLE RATE, PRESIDENTIAL SUITE, M CLUB LOUNGE ACCESS, PRESIDENTIAL SUITE",Presidential Suite
28532,"REGULAR RATE|FLEXIBLE RATE, 2 BEDROOM PRESIDENTIAL SUITE",Presidential Suite
28535,"REGULAR RATE|FLEXIBLE RATE, PRESIDENTIAL SUITE, 1 KING",Presidential Suite
28570,"REGULAR RATE|FLEXIBLE RATE, 1 BEDROOM PRESIDENTIAL SUITE, 1 KING, SOFA BED",Presidential Suite
28573,"REGULAR RATE|FLEXIBLE RATE, 1 BEDROOM PRESIDENTIAL SUITE, 1 KING, SOFA BED",Presidential Suite
28578,BEST FLEXIBLE RATE|PRESIDENTIAL VILLA TOTAL 1530 SQM. 3 KINGS AND 1 TWIN. OCEAN VIEWS. CLIFF EDGE LOCATION. 111 SQM PRIVATE POOL WITH LARGE,Presidential Suite
28581,"REGULAR RATE|FLEXIBLE RATE, PRESIDENTIAL SUITE, 1 BEDROOM SUITE, 1 KING, SOFA BED",Presidential Suite
28634,"REGULAR RATE|FLEXIBLE RATE, PRESIDENTIAL SUITE, 1 BEDROOM PRESIDENTIAL SUITE, CITY VIEW",Presidential Suite
28639,"REGULAR RATE|FLEXIBLE RATE, PRESIDENTIAL SUITE, 1 BEDROOM PRESIDENTIAL SUITE, 1 KING",Presidential Suite
28646,FLEXIBLE RATE|PRESIDENTIAL CORNER SUITE 1 KING 30USD MAND CHG/VIEW/BAR/KITCHENETTE/POWDER RM,Presidential Suite
28652,SEMI-FLEX|PRESIDENTIAL CORNER SUITE 1 KING 30USD MAND CHG/VIEW/BAR/KITCHENETTE/POWDER RM,Presidential Suite
28685,"REGULAR RATE|FLEXIBLE RATE, 1 BEDROOM PRESIDENTIAL SUITE, 1 KING, HIGH FLOOR",Presidential Suite
28686,FLEXIBLE RATE|PRESIDENTIAL SUITE SPACIOUS PENTHOUSE SUITE 110SQM SKYLINE VIEW,Presidential Suite
28692,FLEXIBLE RATE|PRESIDENTIAL SUITE 45USD RSRT CHG-KING/SOFABED/ GARDEN TUB,Presidential Suite
28702,"REGULAR RATE|FLEXIBLE RATE, 1 BEDROOM PRESIDENTIAL SUITE, 1 KING, SOFA BED",Presidential Suite
28724,"REGULAR RATE|FLEXIBLE RATE, 1 BEDROOM PRESIDENTIAL SUITE, 1 KING",Presidential Suite
28731,SEMI-FLEX|PRESIDENTIAL SUITE 45USD RSRT CHG-KING/SOFABED/ GARDEN TUB,Presidential Suite
28765,"REGULAR RATE|FLEXIBLE RATE, PRESIDENTIAL SUITE, 2 BEDROOM PRESIDENTIAL SUITE, CITY VIEW",Presidential Suite
28792,"MEMBER RETAIL RATE|MEMBER RATE FLEXIBLE, PRESIDENTIAL SUITE, 1 KING, SOFA BED",Presidential Suite
28802,FLEXIBLE RATE|PRESIDENTIAL SUITE WIFI/113 SQM/AC/ESPRESSO/2ND WC,Presidential Suite
28813,"MEMBER RETAIL RATE|MEMBER RATE FLEXIBLE, PRESIDENTIAL SUITE, 1 KING, SOFA BED",Presidential Suite
28818,"REGULAR RATE|FLEXIBLE RATE, PRESIDENTIAL SUITE, 1 KING, BALCONY",Presidential Suite
28829,"REGULAR RATE|FLEXIBLE RATE, PRESIDENTIAL SUITE, 2 BEDROOM PRESIDENTIAL SUITE, TOP FLOOR",Presidential Suite
28851,"REGULAR RATE|FLEXIBLE RATE, 1 BEDROOM PRESIDENTIAL SUITE, 1 KING",Presidential Suite
28860,"MEMBER RETAIL RATE|MEMBER RATE FLEXIBLE, PRESIDENTIAL SUITE, 1 BEDROOM PRESIDENTIAL SUITE, 1 KING",Presidential Suite
28900,BB SEMI FLEX|PRESIDENTIAL SUITE WIFI/113 SQM/AC/ESPRESSO/2ND WC,Presidential Suite
28901,SEMI-FLEX|PRESIDENTIAL SUITE WIFI/113 SQM/AC/ESPRESSO/2ND WC,Presidential Suite
28904,"REGULAR RATE|FLEXIBLE RATE, PRESIDENTIAL SUITE, 1 KING, SOFA BED",Presidential Suite
28962,"REGULAR RATE|FLEXIBLE RATE, PRESIDENTIAL SUITE, 1 BEDROOM PRESIDENTIAL SUITE, 1 KING",Presidential Suite
29070,FLEXIBLE - RATE|INDIVIDUAL SINGLE ROOM,Single Room
29071,FLEXIBLE - RATE WITH BREAKFAST|INDIVIDUAL SINGLE ROOM,Single Room
29111,FLEXIBLE - RATE|INDIVIDUAL SINGLE ROOM,Single Room
29112,FLEXIBLE - RATE WITH BREAKFAST|INDIVIDUAL SINGLE ROOM,Single Room
29113,FLEXIBLE - RATE WITH BREAKFAST|SUPERIOR INDIVIDUAL SINGLE ROOM,Single Room
29118,FLEXIBLE - RATE|SUPERIOR INDIVIDUAL SINGLE ROOM,Single Room
29160,FLEXIBLE - RATE WITH BREAKFAST|SUPERIOR INDIVIDUAL SINGLE ROOM,Single Room
29161,FLEXIBLE - RATE WITH BREAKFAST|INDIVIDUAL SINGLE ROOM,Single Room
29162,FLEXIBLE - RATE|SUPERIOR INDIVIDUAL SINGLE ROOM,Single Room
29163,FLEXIBLE - RATE|INDIVIDUAL SINGLE ROOM,Single Room
29169,BEST AVAILABLE RATE|SINGLE ROOM,Single Room
29198,PREFERRED CONSORTIA RATE|INDIVIDUAL SINGLE ROOM,Single Room
29209,PREFERRED CONSORTIA RATE|INDIVIDUAL SINGLE ROOM,Single Room
29238,"BEST DAILY FLEXIBLE RATE|SUPERIOR SINGLE ROOM, 18 SQM, QUEEN SIZE BED 140 CM, FREE WI-FI, AIR CONDITIONING, IN-ROOM COFFEE, TEA FACILITIES, SAFEBOX, MINIBAR, HD TV",Single Room
29243,"BED AND BREAKFAST FLEXIBLE RAT|SUPERIOR SINGLE ROOM, 18 SQM, QUEEN SIZE BED 140 CM, FREE WI-FI, AIR CONDITIONING, IN-ROOM COFFEE, TEA FACILITIES, SAFEBOX, MINIBAR, HD TV",Single Room
29254,"LOWEST AVAILABLE RESTRICTED RA|SUPERIOR SINGLE ROOM, 18 SQM, QUEEN SIZE BED 140 CM, FREE WI-FI, AIR CONDITIONING, IN-ROOM COFFEE, TEA FACILITIES, SAFEBOX, MINIBAR, HD TV",Single Room
29291,PREFERRED CONSORTIA RATE|SUPERIOR INDIVIDUAL SINGLE ROOM,Single Room
29306,PREFERRED CONSORTIA RATE|INDIVIDUAL SINGLE ROOM,Single Room
29307,PREFERRED CONSORTIA RATE|SUPERIOR INDIVIDUAL SINGLE ROOM,Single Room
29362,BEST AVAILABLE RATE|SINGLE ROOM,Single Room
29364,BEST AVAILABLE RATE|1 STANDARD MARINA VIEW QUEEN AND SINGLE ROOM W FRIDGE NON SMOKING TEA AND COFFEE FACILITES,Single Room
29365,NON REFUNDABLE - NETT|1 STANDARD MARINA VIEW QUEEN AND SINGLE ROOM W FRIDGE NON SMOKING TEA AND COFFEE FACILITES,Single Room
29384,FLEXIBLE - RATE WITH BREAKFAST|INDIVIDUAL SINGLE ROOM,Single Room
29386,FLEXIBLE - RATE|INDIVIDUAL SINGLE ROOM,Single Room
29397,BEST AVAILABLE RATE|STANDARD QUEEN AND SINGLE ROOM WITH MINI BAR FRIDGE TEA AND COFFEE FACILITIES,Single Room
29407,NON REFUNDABLE - NETT|STANDARD QUEEN AND SINGLE ROOM WITH MINI BAR FRIDGE TEA AND COFFEE FACILITIES,Single Room
29442,CORPORATE - PCR05 0. NLRA|INDIVIDUAL SINGLE ROOM,Single Room
29451,BEST AVAILABLE RATE|SINGLE ROOM,Single Room
29485,BEST AVAILABLE RATE|SINGLE ROOM - SINGLE BED - 16 SQM - FREE WIFI LCD TV - WORKDESK - SHOWER,Single Room
29497,BEST AVAILABLE WITH CONTINENTA|SINGLE ROOM FREE WIFI WORK DESK AC NESPRESSO MACHINE SAFE DEP BOX MINI BAR BEST AVAILABLE RATE WITH BREAKFAST INCLUDED,Single Room
29530,CORPORATE - PCR04 10. NLRA|INDIVIDUAL SINGLE ROOM,Single Room
29537,CORPORATE - PCR05 0. NLRA|INDIVIDUAL SINGLE ROOM,Single Room
29539,CORPORATE - PCR05 0. NLRA|SUPERIOR INDIVIDUAL SINGLE ROOM,Single Room
29632,BEST AVAILABLE RATE|QUEEN SINGLE ROOM -1 X QUEEN PLUS 1 X SINGLE BEDS -25M2 -GROUND FLOOR -FOC WIFI,Single Room
29633,CORPORATE - PCR04 10. NLRA|SUPERIOR INDIVIDUAL SINGLE ROOM,Single Room
29637,CORPORATE - PCR04 10. NLRA|INDIVIDUAL SINGLE ROOM,Single Room
29641,BEST AVAILABLE RATE|SINGLE ROOM- 19SQM- 205SQFT - SINGLE BED - PATIO VIEW - AC - FREE WIFI - SLEEPS 1 -,Single Room
29643,BEST AVAILABLE|QUEEN . SINGLE ROOM QUEEN . SINGLE ROOM ROOM ONLY RATE NON-SMOKING,Single Room
29656,15PCT SPECIAL COMMISSION RATE|SINGLE ROOM- 19SQM- 205SQFT - SINGLE BED - PATIO VIEW - AC - FREE WIFI - SLEEPS 1 -,Single Room
29698,MRATE AVAIL BOOK WITH CONFIDEN|SINGLE ROOM,Single Room
29706,REGULAR/RACK|QUEEN . SINGLE QUEEN . SINGLE ROOM ONLY RATE NON-SMOKING,Single Room
29779,PREFERRED CONSORTIA RATE|INDIVIDUAL SINGLE ROOM,Single Room
29781,BEST AVAILABLE RATE|KING SINGLE ROOM KING SINGLE ROOM BEST AVAILABLE RATE,Single Room
29789,MRATE AVAIL BOOK WITH CONFIDEN|SINGLE ROOM,Single Room
29796,REGULAR/RACK|TWIN SHARE ROOM - 1 QUEEN AND 1 SINGLE TWIN SHARE ROOM - 1 QUEEN AND 1 SINGLE ROOM ONLY RATE NON-SMOKING,Single Room
29827,MRATE AVAIL FLEXIBLE RATE|SINGLE ROOM,Single Room
29840,MRATE AVAIL FLEXIBLE RATE - BB|SINGLE ROOM,Single Room
29858,"REGULAR RATE|FLEXIBLE RATE, SINGLE ROOM, SMALLER GUEST ROOM, 1 QUEEN, MAIN BUILDING",Single Room
29865,"STAY FOR BREAKFAST|STAY FOR BREAKFAST RATE, INCLUDES SEE RATE DETAILS, SINGLE ROOM, SMALLER GUEST ROOM, 1 QUEEN, MAIN BUILDING",Single Room
29870,FLEXIBLE - RATE WITH BREAKFAST|SUPERIOR INDIVIDUAL SINGLE ROOM,Single Room
29880,FLEXIBLE - RATE|SUPERIOR INDIVIDUAL SINGLE ROOM,Single Room
29890,FLEXIBLE - RATE|INDIVIDUAL SINGLE ROOM,Single Room
29898,CORPORATE - PCR05 0. NLRA|INDIVIDUAL SINGLE ROOM,Single Room
29899,FLEXIBLE - RATE WITH BREAKFAST|INDIVIDUAL SINGLE ROOM,Single Room
29966,"PREPAY REFUNDABLE|PREPAY REFUNDABLE, CHANGES UP TO 7 DAYS PRIOR TO STAY, SEE RATE DETAILS, SINGLE ROOM, SMALLER GUEST ROOM, 1 QUEEN, MAIN BUILDI",Single Room
29968,"PREPAY REF BKFT|PREPAY REFUNDABLE WITH BREAKFAST, INCLUDES BREAKFAST, SEE RATE DETAILS, SINGLE ROOM, SMALLER GUEST ROOM, 1 QUEEN, MAIN BUILDI",Single Room
29978,BASE RATE PLAN|COMPACT SINGLE ROOM,Single Room
30007,FLEXIBLE RATE|2 QUEEN BEDS STUDIO NONSMOKING FREE BRKFST/WI-FI-KITCHEN W/MICRO/FRIDGE,Studio Room
30008,2X POINTS PACKAGE|2 QUEEN BEDS STUDIO NONSMOKING FREE BRKFST/WI-FI-KITCHEN W/MICRO/FRIDGE,Studio Room
30057,FLEXIBLE RATE|2 QUEEN BEDS STUDIO NONSMOKING FREE BRKFST/WI-FI-KITCHEN W/MICRO/FRIDGE,Studio Room
30065,2X POINTS PACKAGE|2 QUEEN BEDS STUDIO NONSMOKING FREE BRKFST/WI-FI-KITCHEN W/MICRO/FRIDGE,Studio Room
30072,FLEXIBLE RATE|2 QUEEN BEDS STUDIO NONSMOKING FREE BRKFST/WI-FI-KITCHEN W/MICRO/FRIDGE,Studio Room
30074,SEMI-FLEX|2 QUEEN BEDS STUDIO NONSMOKING FREE BRKFST/WI-FI-KITCHEN W/MICRO/FRIDGE,Studio Room
30075,BOOKS FOR KIDS|2 QUEEN BEDS STUDIO NONSMOKING FREE BRKFST/WI-FI-KITCHEN W/MICRO/FRIDGE,Studio Room
30077,SEMI-FLEX|2 QUEEN BEDS STUDIO NONSMOKING FREE BRKFST/WI-FI-KITCHEN W/MICRO/FRIDGE,Studio Room
30082,"REGULAR RATE|FLEXIBLE RATE, FOUNTAIN SQUARE, LARGER STUDIO, 1 KING, FOUNTAIN SQUARE VIEW",Studio Room
30084,2X POINTS PACKAGE|2 QUEEN BEDS STUDIO NONSMOKING FREE BRKFST/WI-FI-KITCHEN W/MICRO/FRIDGE,Studio Room
30094,"AAA HOT DEALS|AAA CAA HOT DEALS, MEMBERSHIP CARD REQUIRED, STUDIO, 1 KING, SOFA BED",Studio Room
30095,"REGULAR RATE|FLEXIBLE RATE, STUDIO, 1 KING, SOFA BED",Studio Room
30096,"MARRIOTT SENIOR DISC.|MARRIOTT SENIOR DISCOUNT, INCLUDES 62 YEARS AND OLDER VALID ID REQUIRED, STUDIO, 1 KING, SOFA BED",Studio Room
30097,"AAA AMERICAN AUTO ASSN|AAA CAA RATE, MEMBERSHIP CARD REQUIRED, STUDIO, 1 KING, SOFA BED",Studio Room
30098,2X POINTS PACKAGE|2 QUEEN BEDS STUDIO NONSMOKING FREE BRKFST/WI-FI-KITCHEN W/MICRO/FRIDGE,Studio Room
30101,"MARRIOTT SENIOR DISC.|MARRIOTT SENIOR DISCOUNT, INCLUDES 62 YEARS AND OLDER VALID ID REQUIRED, STUDIO, 1 KING, SOFA BED",Studio Room
30102,FLEXIBLE RATE|STUDIO ROOM- 52-58 SQM- TWIN BED- BATH- WALK-IN SHOWER- FREE WIFI- AC,Studio Room
30103,BED AND BREAKFAST FOR TWO|STUDIO ROOM- 52-58 SQM- TWIN BED- BATH- WALK-IN SHOWER- FREE WIFI- AC,Studio Room
30104,BED AND BREAKFAST FOR ONE|STUDIO ROOM- 52-58 SQM- TWIN BED- BATH- WALK-IN SHOWER- FREE WIFI- AC,Studio Room
30105,"REGULAR RATE|FLEXIBLE RATE, STUDIO, 1 KING, SOFA BED",Studio Room
30106,SEMI-FLEX|2 QUEEN BEDS STUDIO NONSMOKING FREE BRKFST/WI-FI-KITCHEN W/MICRO/FRIDGE,Studio Room
30111,FLEXIBLE RATE|2 QUEEN BEDS STUDIO NONSMOKING FREE BRKFST/WI-FI-KITCHEN W/MICRO/FRIDGE,Studio Room
30124,"REGULAR RATE|FLEXIBLE RATE, STUDIO, 1 KING, SOFA BED",Studio Room
30142,PARK AND GO|2 QUEEN BEDS STUDIO NONSMOKING FREE BRKFST/WI-FI-KITCHEN W/MICRO/FRIDGE,Studio Room
30146,FLEXIBLE RATE|2 QUEEN BEDS STUDIO NONSMOKING FREE BRKFST/WI-FI-KITCHEN W/MICRO/FRIDGE,Studio Room
30149,BOOKS FOR KIDS|2 QUEEN BEDS STUDIO NONSMOKING FREE BRKFST/WI-FI-KITCHEN W/MICRO/FRIDGE,Studio Room
30151,FLEXIBLE RATE|2 QUEEN BEDS STUDIO NONSMOKING FREE BRKFST/WI-FI-KITCHEN W/MICRO/FRIDGE,Studio Room
30153,FLEXIBLE RATE|2 QUEEN BEDS STUDIO NONSMOKING FREE BRKFST/WI-FI-KITCHEN W/MICRO/FRIDGE,Studio Room
30162,"MARRIOTT SENIOR DISC.|MARRIOTT SENIOR DISCOUNT, INCLUDES 62 YEARS AND OLDER VALID ID REQUIRED, STUDIO, 1 KING, SOFA BED",Studio Room
30163,"AAA AMERICAN AUTO ASSN|AAA CAA RATE, MEMBERSHIP CARD REQUIRED, STUDIO, 1 KING, SOFA BED",Studio Room
30170,2X POINTS PACKAGE|2 QUEEN BEDS STUDIO NONSMOKING FREE BRKFST/WI-FI-KITCHEN W/MICRO/FRIDGE,Studio Room
30171,FLEXIBLE RATE|2 QUEEN BEDS STUDIO NONSMOKING FREE BRKFST/WI-FI-KITCHEN W/MICRO/FRIDGE,Studio Room
30172,BOOKS FOR KIDS|2 QUEEN BEDS STUDIO NONSMOKING FREE BRKFST/WI-FI-KITCHEN W/MICRO/FRIDGE,Studio Room
30173,FLEXIBLE RATE|2 QUEEN BEDS STUDIO NONSMOKING FREE BRKFST/WI-FI-KITCHEN W/MICRO/FRIDGE,Studio Room
30174,BEST AVAILABLE RATE|2 QUEEN BEDS STUDIO SUITE NONSMOKING HDTV/FREE WI-FI/ REFRIGERATOR/ MICROWAVE,Studio Room
30175,2X POINTS PACKAGE|2 QUEEN BEDS STUDIO NONSMOKING FREE BRKFST/WI-FI-KITCHEN W/MICRO/FRIDGE,Studio Room
30182,FLEXIBLE RATE|2 QUEEN BEDS STUDIO NONSMOKING FREE BRKFST/WI-FI-KITCHEN W/MICRO/FRIDGE,Studio Room
30186,FLEXIBLE RATE|2 QUEEN BEDS STUDIO NONSMOKING FREE WI-FI-DAILY HOT BRKFST-LITE MEAL M-TH,Studio Room
30196,FLEXIBLE RATE|2 QUEEN BEDS STUDIO NONSMOKING FREE WI-FI-DAILY HOT BRKFST-LITE MEAL M-TH,Studio Room
30197,FLEXIBLE RATE|2 QUEEN BEDS STUDIO SUITE W/ SOFABED NONSMOK HDTV/FREE WI-FI/SITTING AREA/FRIDGE/MICROWAVE,Studio Room
30199,2X POINTS PACKAGE|2 QUEEN BEDS STUDIO NONSMOKING FREE BRKFST/WI-FI-KITCHEN W/MICRO/FRIDGE,Studio Room
30200,FLEXIBLE RATE|2 QUEEN BEDS STUDIO NONSMOKING FREE BRKFST/WI-FI-KITCHEN W/MICRO/FRIDGE,Studio Room
30201,BOOKS FOR KIDS|2 QUEEN BEDS STUDIO NONSMOKING FREE BRKFST/WI-FI-KITCHEN W/MICRO/FRIDGE,Studio Room
30203,2X POINTS PACKAGE|2 QUEEN BEDS STUDIO NONSMOKING FREE WI-FI-DAILY HOT BRKFST-LITE MEAL M-TH,Studio Room
30204,"REGULAR RATE|FLEXIBLE RATE, STUDIO, 1 KING, SOFA BED",Studio Room
30207,"REGULAR RATE|FLEXIBLE RATE, STUDIO, 1 KING, SOFA BED",Studio Room
30210,BOOKS FOR KIDS|2 QUEEN BEDS STUDIO NONSMOKING FREE BRKFST/WI-FI-KITCHEN W/MICRO/FRIDGE,Studio Room
30212,SEMI-FLEX|2 QUEEN BEDS STUDIO NONSMOKING FREE BRKFST/WI-FI-KITCHEN W/MICRO/FRIDGE,Studio Room
30217,2X POINTS PACKAGE|2 QUEEN BEDS STUDIO NONSMOKING FREE BRKFST/WI-FI-KITCHEN W/MICRO/FRIDGE,Studio Room
30220,2X POINTS PACKAGE|2 QUEEN BEDS STUDIO SUITE NONSMOKING HDTV/FREE WI-FI/ REFRIGERATOR/ MICROWAVE,Studio Room
30222,SEMI-FLEX|2 QUEEN BEDS STUDIO SUITE W/ SOFABED NONSMOK HDTV/FREE WI-FI/SITTING AREA/FRIDGE/MICROWAVE,Studio Room
30223,"PREPAY NONREF|PREPAY NON-REFUNDABLE, CHANGES UP TO 3 DAYS PRIOR TO STAY, SEE RATE DETAILS, STUDIO, 1 KING, SOFA BED",Studio Room
30227,MAVERICKS PACKAGE|2 QUEEN BEDS STUDIO SUITE NONSMOKING HDTV/FREE WI-FI/ REFRIGERATOR/ MICROWAVE,Studio Room
30228,SEMI-FLEX|2 QUEEN BEDS STUDIO NONSMOKING FREE BRKFST/WI-FI-KITCHEN W/MICRO/FRIDGE,Studio Room
30233,BOOKS FOR KIDS|2 QUEEN BEDS STUDIO NONSMOKING FREE BRKFST/WI-FI-KITCHEN W/MICRO/FRIDGE,Studio Room
30237,"REGULAR RATE|FLEXIBLE RATE, STUDIO, 1 KING, SOFA BED",Studio Room
30238,"REGULAR RATE|FLEXIBLE RATE, STUDIO, 1 KING, SOFA BED",Studio Room
30239,"AAA HOT DEALS|AAA CAA HOT DEALS, MEMBERSHIP CARD REQUIRED, STUDIO, 1 KING, SOFA BED",Studio Room
30247,"AAA AMERICAN AUTO ASSN|AAA CAA RATE, MEMBERSHIP CARD REQUIRED, STUDIO, 1 KING, SOFA BED",Studio Room
30254,"AAA AMERICAN AUTO ASSN|AAA CAA RATE, MEMBERSHIP CARD REQUIRED, STUDIO, 1 KING, SOFA BED",Studio Room
30262,FLEXIBLE RATE|2 QUEEN BEDS STUDIO NONSMOKING FREE BRKFST/WI-FI-KITCHEN W/MICRO/FRIDGE,Studio Room
30264,SEMI-FLEX|2 QUEEN BEDS STUDIO NONSMOKING FREE BRKFST/WI-FI-KITCHEN W/MICRO/FRIDGE,Studio Room
30271,BEST AVAILABLE RATE|2 QUEEN BEDS STUDIO NONSMOKING FREE BRKFST/WI-FI-KITCHEN W/MICRO/FRIDGE,Studio Room
30277,BEST AVAILABLE RATE|2 QUEEN BEDS STUDIO NONSMOKING FREE BRKFST/WI-FI-KITCHEN W/MICRO/FRIDGE,Studio Room
30278,"MARRIOTT SENIOR DISC.|MARRIOTT SENIOR DISCOUNT, INCLUDES 62 YEARS AND OLDER VALID ID REQUIRED, STUDIO, 1 KING, SOFA BED",Studio Room
30282,"REGULAR RATE|FLEXIBLE RATE, STUDIO, 1 KING, SOFA BED",Studio Room
30283,"AAA AMERICAN AUTO ASSN|AAA CAA RATE, MEMBERSHIP CARD REQUIRED, STUDIO, 1 KING, SOFA BED",Studio Room
30284,"MARRIOTT SENIOR DISC.|MARRIOTT SENIOR DISCOUNT, INCLUDES 62 YEARS AND OLDER VALID ID REQUIRED, STUDIO, 1 KING, SOFA BED",Studio Room
30290,BEST AVAILABLE RATE|2 QUEEN BEDS STUDIO NONSMOKING FREE BRKFST/WI-FI-KITCHEN W/MICRO/FRIDGE,Studio Room
30296,2X POINTS PACKAGE|2 QUEEN BEDS STUDIO NONSMOKING FREE BRKFST/WI-FI-KITCHEN W/MICRO/FRIDGE,Studio Room
30299,SEMI-FLEX|2 QUEEN BEDS STUDIO NONSMOKING FREE BRKFST/WI-FI-KITCHEN W/MICRO/FRIDGE,Studio Room
30307,"REGULAR RATE|FLEXIBLE RATE, LARGER STUDIO, 1 KING, SOFA BED",Studio Room
30308,FLEXIBLE RATE|2 QUEEN BEDS STUDIO NONSMOKING FREE BRKFST/WI-FI-KITCHEN W/MICRO/FRIDGE,Studio Room
30309,FLEXIBLE RATE|2 QUEEN BEDS STUDIO NONSMOKING FREE BRKFST/WI-FI-KITCHEN W/MICRO/FRIDGE,Studio Room
30311,2X POINTS PACKAGE|2 QUEEN BEDS STUDIO NONSMOKING FREE BRKFST/WI-FI-KITCHEN W/MICRO/FRIDGE,Studio Room
30315,FLEXIBLE RATE|2 QUEEN BEDS STUDIO NONSMOKING FREE BRKFST/WI-FI-KITCHEN W/MICRO/FRIDGE,Studio Room
30318,2X POINTS PACKAGE|2 QUEEN BEDS STUDIO NONSMOKING FREE BRKFST/WI-FI-KITCHEN W/MICRO/FRIDGE,Studio Room
30321,BOOKS FOR KIDS|2 QUEEN BEDS STUDIO NONSMOKING FREE BRKFST/WI-FI-KITCHEN W/MICRO/FRIDGE,Studio Room
30325,"REGULAR RATE|FLEXIBLE RATE, STUDIO, 1 KING, SOFA BED",Studio Room
30327,"MARRIOTT SENIOR DISC.|MARRIOTT SENIOR DISCOUNT, INCLUDES 62 YEARS AND OLDER VALID ID REQUIRED, STUDIO, 1 KING, SOFA BED",Studio Room
30329,"REGULAR RATE|FLEXIBLE RATE, STUDIO, 1 KING, SOFA BED",Studio Room
30331,2X POINTS PACKAGE|2 QUEEN BEDS STUDIO NONSMOKING FREE BRKFST/WI-FI-KITCHEN W/MICRO/FRIDGE,Studio Room
30332,SEMI-FLEX|2 QUEEN BEDS STUDIO NONSMOKING FREE BRKFST/WI-FI-KITCHEN W/MICRO/FRIDGE,Studio Room
30335,BOOKS FOR KIDS|2 QUEEN BEDS STUDIO NONSMOKING FREE BRKFST/WI-FI-KITCHEN W/MICRO/FRIDGE,Studio Room
30341,CWT PROGRAM -HONORS SEMI-FLEX|2 QUEEN BEDS STUDIO NONSMOKING FREE BRKFST/WI-FI-KITCHEN W/MICRO/FRIDGE,Studio Room
30343,FLEXIBLE RATE|2 QUEEN BEDS STUDIO NONSMOKING FREE BRKFST/WI-FI-KITCHEN W/MICRO/FRIDGE,Studio Room
30346,2X POINTS PACKAGE|2 QUEEN BEDS STUDIO NONSMOKING FREE BRKFST/WI-FI-KITCHEN W/MICRO/FRIDGE,Studio Room
30348,"AAA HOT DEALS|AAA CAA HOT DEALS, MEMBERSHIP CARD REQUIRED, STUDIO, 1 KING",Studio Room
30350,BEST AVAILABLE RATE|2 QUEEN BEDS STUDIO NONSMOKING FREE BRKFST/WI-FI-KITCHEN W/MICRO/FRIDGE,Studio Room
30351,2X POINTS PACKAGE|2 QUEEN BEDS STUDIO NONSMOKING FREE BRKFST/WI-FI-KITCHEN W/MICRO/FRIDGE,Studio Room
30352,2X POINTS PACKAGE|2 QUEEN BEDS STUDIO SUITE W/ SOFABED NONSMOK HDTV/FREE WI-FI/SITTING AREA/FRIDGE/MICROWAVE,Studio Room
30353,FLEXIBLE RATE|2 QUEEN BEDS STUDIO NONSMOKING FREE WI-FI-DAILY HOT BRKFST-LITE MEAL M-TH,Studio Room
30360,FLEXIBLE RATE|2 QUEEN BEDS STUDIO NONSMOKING FREE BRKFST/WI-FI-KITCHEN W/MICRO/FRIDGE,Studio Room
30361,2X POINTS PACKAGE|2 QUEEN BEDS STUDIO NONSMOKING FREE BRKFST/WI-FI-KITCHEN W/MICRO/FRIDGE,Studio Room
30362,BOOKS FOR KIDS|2 QUEEN BEDS STUDIO NONSMOKING FREE BRKFST/WI-FI-KITCHEN W/MICRO/FRIDGE,Studio Room
30364,SEMI-FLEX|2 QUEEN BEDS STUDIO NONSMOKING FREE BRKFST/WI-FI-KITCHEN W/MICRO/FRIDGE,Studio Room
30366,"REGULAR RATE|FLEXIBLE RATE, STUDIO, 1 KING, SOFA BED",Studio Room
30367,SEMI-FLEX|2 QUEEN BEDS STUDIO NONSMOKING FREE WI-FI-DAILY HOT BRKFST-LITE MEAL M-TH,Studio Room
30368,SEMI-FLEX|2 QUEEN BEDS STUDIO NONSMOKING FREE BRKFST/WI-FI-KITCHEN W/MICRO/FRIDGE,Studio Room
30369,"REGULAR RATE|FLEXIBLE RATE, STUDIO, 1 KING, SOFA BED",Studio Room
30371,2X POINTS PACKAGE|2 QUEEN BEDS STUDIO NONSMOKING FREE BRKFST/WI-FI-KITCHEN W/MICRO/FRIDGE,Studio Room
30372,FLEXIBLE RATE|2 QUEEN BEDS STUDIO NONSMOKING FREE BRKFST/WI-FI-KITCHEN W/MICRO/FRIDGE,Studio Room
30373,"AAA AMERICAN AUTO ASSN|AAA CAA RATE, MEMBERSHIP CARD REQUIRED, STUDIO, 1 KING, SOFA BED",Studio Room
30378,CWT PROGRAM -HONORS SEMI-FLEX|2 QUEEN BEDS STUDIO NONSMOKING FREE BRKFST/WI-FI-KITCHEN W/MICRO/FRIDGE,Studio Room
30380,BOOKS FOR KIDS|2 QUEEN BEDS STUDIO NONSMOKING FREE BRKFST/WI-FI-KITCHEN W/MICRO/FRIDGE,Studio Room
30384,"REGULAR RATE|FLEXIBLE RATE, STUDIO, 1 KING, SOFA BED",Studio Room
30385,2X POINTS PACKAGE|2 QUEEN BEDS STUDIO NONSMOKING FREE BRKFST/WI-FI-KITCHEN W/MICRO/FRIDGE,Studio Room
30386,BOOKS FOR KIDS|2 QUEEN BEDS STUDIO NONSMOKING FREE BRKFST/WI-FI-KITCHEN W/MICRO/FRIDGE,Studio Room
30392,"AAA HOT DEALS|AAA CAA HOT DEALS, MEMBERSHIP CARD REQUIRED, STUDIO, 1 KING, SOFA BED",Studio Room
30393,SEMI-FLEX|2 QUEEN BEDS STUDIO NONSMOKING FREE BRKFST/WI-FI-KITCHEN W/MICRO/FRIDGE,Studio Room
30394,BOOKS FOR KIDS|2 QUEEN BEDS STUDIO NONSMOKING FREE BRKFST/WI-FI-KITCHEN W/MICRO/FRIDGE,Studio Room
30401,FLEXIBLE RATE|2 QUEEN BEDS STUDIO NONSMOKING FREE WI-FI-DAILY HOT BRKFST-LITE MEAL M-TH,Studio Room
30402,2X POINTS PACKAGE|2 QUEEN BEDS STUDIO NONSMOKING FREE WI-FI-DAILY HOT BRKFST-LITE MEAL M-TH,Studio Room
30406,FLEXIBLE RATE|2 QUEEN BEDS STUDIO NONSMOKING FREE BRKFST/WI-FI-KITCHEN W/MICRO/FRIDGE,Studio Room
30412,2X POINTS PACKAGE|2 QUEEN BEDS STUDIO NONSMOKING FREE WI-FI-DAILY HOT BRKFST-LITE MEAL M-TH,Studio Room
30413,CWT PROGRAM -HONORS SEMI-FLEX|2 QUEEN BEDS STUDIO NONSMOKING FREE BRKFST/WI-FI-KITCHEN W/MICRO/FRIDGE,Studio Room
30416,"AAA HOT DEALS|AAA CAA HOT DEALS, MEMBERSHIP CARD REQUIRED, STUDIO, 1 KING, SOFA BED",Studio Room
30420,"AAA AMERICAN AUTO ASSN|AAA CAA RATE, MEMBERSHIP CARD REQUIRED, STUDIO, 1 KING, SOFA BED",Studio Room
30421,"REGULAR RATE|FLEXIBLE RATE, STUDIO, 1 KING, SOFA BED",Studio Room
30422,"AAA AMERICAN AUTO ASSN|AAA CAA RATE, MEMBERSHIP CARD REQUIRED, STUDIO, 1 KING, SOFA BED",Studio Room
30423,BEST AVAILABLE RATE|2 QUEEN BEDS STUDIO NONSMOKING FREE BRKFST/WI-FI-KITCHEN W/MICRO/FRIDGE,Studio Room
30426,FLEXIBLE RATE|2 QUEEN BEDS STUDIO NONSMOKING FREE BRKFST/INTERNET-KITCHEN W/MICRO/FRIDGE,Studio Room
30427,FLEXIBLE RATE|2 QUEEN BEDS STUDIO NONSMOKING FREE BRKFST/WI-FI-KITCHEN W/MICRO/FRIDGE,Studio Room
30428,SEMI-FLEX|2 QUEEN BEDS STUDIO NONSMOKING FREE BRKFST/WI-FI-KITCHEN W/MICRO/FRIDGE,Studio Room
30430,2X POINTS PACKAGE|2 QUEEN BEDS STUDIO NONSMOKING FREE BRKFST/WI-FI-KITCHEN W/MICRO/FRIDGE,Studio Room
30433,BEST AVAILABLE RATE|2 QUEEN BEDS STUDIO NONSMOKING FREE BRKFST/WI-FI-KITCHEN W/MICRO/FRIDGE,Studio Room
30434,"MARRIOTT SENIOR DISC.|MARRIOTT SENIOR DISCOUNT, INCLUDES 62 YEARS AND OLDER VALID ID REQUIRED, STUDIO, 1 KING, SOFA BED",Studio Room
30435,FLEXIBLE RATE|2 QUEEN BEDS STUDIO NONSMOKING FREE BRKFST/WI-FI-KITCHEN W/MICRO/FRIDGE,Studio Room
30437,FLEXIBLE RATE|2 QUEEN BEDS STUDIO NONSMOKING FREE BRKFST/WI-FI-KITCHEN W/MICRO/FRIDGE,Studio Room
30441,2X POINTS PACKAGE|2 QUEEN BEDS STUDIO NONSMOKING FREE BRKFST/WI-FI-KITCHEN W/MICRO/FRIDGE,Studio Room
30444,BEST AVAILABLE RATE|2 QUEEN BEDS STUDIO NONSMOKING FREE BRKFST/WI-FI-KITCHEN W/MICRO/FRIDGE,Studio Room
30449,"MARRIOTT SENIOR DISC.|MARRIOTT SENIOR DISCOUNT, INCLUDES 62 YEARS AND OLDER VALID ID REQUIRED, STUDIO, 1 KING, SOFA BED",Studio Room
30450,SEMI-FLEX|2 QUEEN BEDS STUDIO NONSMOKING FREE BRKFST/WI-FI-KITCHEN W/MICRO/FRIDGE,Studio Room
30453,"REGULAR RATE|FLEXIBLE RATE, STUDIO, 1 KING, SOFA BED",Studio Room
30454,FLEXIBLE RATE|2 QUEEN BEDS STUDIO NONSMOKING FREE BRKFST/WI-FI-KITCHEN W/MICRO/FRIDGE,Studio Room
30455,FLEXIBLE RATE|2 QUEEN BEDS STUDIO NONSMOKING FREE BRKFST/WI-FI-KITCHEN W/MICRO/FRIDGE,Studio Room
30458,2X POINTS PACKAGE|2 QUEEN BEDS STUDIO NONSMOKING FREE BRKFST/WI-FI-KITCHEN W/MICRO/FRIDGE,Studio Room
30461,"REGULAR RATE|FLEXIBLE RATE, STUDIO, 1 KING, SOFA BED",Studio Room
30463,2X POINTS PACKAGE|2 QUEEN BEDS STUDIO NONSMOKING FREE BRKFST/WI-FI-KITCHEN W/MICRO/FRIDGE,Studio Room
30465,SEMI-FLEX|2 QUEEN BEDS STUDIO NONSMOKING FREE BRKFST/WI-FI-KITCHEN W/MICRO/FRIDGE,Studio Room
30467,CWT PROGRAM -SEMI FLEX|2 QUEEN BEDS STUDIO NONSMOKING FREE BRKFST/WI-FI-KITCHEN W/MICRO/FRIDGE,Studio Room
30471,2X POINTS PACKAGE|2 QUEEN BEDS STUDIO NONSMOKING FREE BRKFST/WI-FI-KITCHEN W/MICRO/FRIDGE,Studio Room
30472,2X POINTS PACKAGE|2 QUEEN BEDS STUDIO NONSMOKING FREE BRKFST/WI-FI-KITCHEN W/MICRO/FRIDGE,Studio Room
30477,SEMI-FLEX|2 QUEEN BEDS STUDIO NONSMOKING FREE WI-FI-DAILY HOT BRKFST-LITE MEAL M-TH,Studio Room
30479,2X POINTS PACKAGE|2 QUEEN BEDS STUDIO NONSMOKING FREE BRKFST/WI-FI-KITCHEN W/MICRO/FRIDGE,Studio Room
30480,BOOKS FOR KIDS|2 QUEEN BEDS STUDIO NONSMOKING FREE BRKFST/WI-FI-KITCHEN W/MICRO/FRIDGE,Studio Room
30481,BOOKS FOR KIDS|2 QUEEN BEDS STUDIO NONSMOKING FREE BRKFST/WI-FI-KITCHEN W/MICRO/FRIDGE,Studio Room
30482,2X POINTS PACKAGE|2 QUEEN BEDS STUDIO NONSMOKING FREE BRKFST/WI-FI-KITCHEN W/MICRO/FRIDGE,Studio Room
30486,"PREPAY NONREF|PREPAY NON-REFUNDABLE, CHANGES UP TO 3 DAYS PRIOR TO STAY, SEE RATE DETAILS, STUDIO, 1 KING, SOFA BED",Studio Room
30487,FLEXIBLE RATE|2 QUEEN BEDS STUDIO NONSMOKING FREE BRKFST/WI-FI-KITCHEN W/MICRO/FRIDGE,Studio Room
30488,CWT PROGRAM -HONORS DISCOUNT|2 QUEEN BEDS STUDIO NONSMOKING FREE BRKFST/WI-FI-KITCHEN W/MICRO/FRIDGE,Studio Room
30492,"REGULAR RATE|FLEXIBLE RATE, STUDIO, 1 KING, SOFA BED",Studio Room
30494,SEMI-FLEX|2 QUEEN BEDS STUDIO NONSMOKING FREE BRKFST/WI-FI-KITCHEN W/MICRO/FRIDGE,Studio Room
30497,"AAA AMERICAN AUTO ASSN|AAA CAA RATE, MEMBERSHIP CARD REQUIRED, STUDIO, 1 KING, SOFA BED",Studio Room
30500,BOOKS FOR KIDS|2 QUEEN BEDS STUDIO NONSMOKING FREE BRKFST/WI-FI-KITCHEN W/MICRO/FRIDGE,Studio Room
30504,"MARRIOTT SENIOR DISC.|MARRIOTT SENIOR DISCOUNT, INCLUDES 62 YEARS AND OLDER VALID ID REQUIRED, STUDIO, 1 KING, SOFA BED",Studio Room
30510,"REGULAR RATE|FLEXIBLE RATE, STUDIO, 1 KING, SOFA BED",Studio Room
30516,FLEXIBLE RATE|2 QUEEN BEDS STUDIO NONSMOKING FREE BRKFST/WI-FI-KITCHEN W/MICRO/FRIDGE,Studio Room
30517,BEST AVAILABLE RATE|2 QUEEN BEDS STUDIO SUITE W/ SOFABED NONSMOK HDTV/FREE WI-FI/SITTING AREA/FRIDGE/MICROWAVE,Studio Room
30519,"AAA AMERICAN AUTO ASSN|AAA CAA RATE, MEMBERSHIP CARD REQUIRED, STUDIO, 1 KING, SOFA BED",Studio Room
30520,2X POINTS PACKAGE|2 QUEEN BEDS STUDIO NONSMOKING FREE BRKFST/WI-FI-KITCHEN W/MICRO/FRIDGE,Studio Room
30521,BOOKS FOR KIDS|2 QUEEN BEDS STUDIO NONSMOKING FREE BRKFST/WI-FI-KITCHEN W/MICRO/FRIDGE,Studio Room
30522,2X POINTS PACKAGE|2 QUEEN BEDS STUDIO NONSMOKING FREE BRKFST/WI-FI-KITCHEN W/MICRO/FRIDGE,Studio Room
30524,BEST AVAILABLE RATE|2 QUEEN BEDS STUDIO NONSMOKING FREE BRKFST/WI-FI-KITCHEN W/MICRO/FRIDGE,Studio Room
30526,"REGULAR RATE|FLEXIBLE RATE, STUDIO, 1 KING, SOFA BED",Studio Room
30527,SEMI-FLEX|2 QUEEN BEDS STUDIO NONSMOKING FREE BRKFST/WI-FI-KITCHEN W/MICRO/FRIDGE,Studio Room
30528,BOOKS FOR KIDS|2 QUEEN BEDS STUDIO NONSMOKING FREE BRKFST/WI-FI-KITCHEN W/MICRO/FRIDGE,Studio Room
30529,"MARRIOTT SENIOR DISC.|MARRIOTT SENIOR DISCOUNT, INCLUDES 62 YEARS AND OLDER VALID ID REQUIRED, STUDIO, 1 KING",Studio Room
30530,2X POINTS PACKAGE|2 QUEEN BEDS STUDIO NONSMOKING FREE BRKFST/WI-FI-KITCHEN W/MICRO/FRIDGE,Studio Room
30531,"REGULAR RATE|FLEXIBLE RATE, STUDIO, 1 KING",Studio Room
30533,CWT PROGRAM -HONORS SEMI-FLEX|2 QUEEN BEDS STUDIO NONSMOKING FREE BRKFST/WI-FI-KITCHEN W/MICRO/FRIDGE,Studio Room
30536,CWT PROGRAM -SEMI FLEX|2 QUEEN BEDS STUDIO NONSMOKING FREE BRKFST/WI-FI-KITCHEN W/MICRO/FRIDGE,Studio Room
30539,CWT PROGRAM -HONORS DISCOUNT|2 QUEEN BEDS STUDIO NONSMOKING FREE BRKFST/WI-FI-KITCHEN W/MICRO/FRIDGE,Studio Room
30540,CWT PROGRAM -HONORS SEMI-FLEX|2 QUEEN BEDS STUDIO NONSMOKING FREE BRKFST/WI-FI-KITCHEN W/MICRO/FRIDGE,Studio Room
30541,SEMI-FLEX|2 QUEEN BEDS STUDIO NONSMOKING FREE BRKFST/WI-FI-KITCHEN W/MICRO/FRIDGE,Studio Room
30542,CWT PROGRAM -SEMI FLEX|2 QUEEN BEDS STUDIO NONSMOKING FREE BRKFST/WI-FI-KITCHEN W/MICRO/FRIDGE,Studio Room
30544,NIGHTLY VALUE RATE|STANDARD STUDIO 1 KING NONSMKNG ACC HEARING FREE WIFI AND GRAB AND GO BKFST 32IN LCD TV,Studio Room
30546,2X POINTS PACKAGE|2 QUEEN BEDS STUDIO NONSMOKING FREE BRKFST/WI-FI-KITCHEN W/MICRO/FRIDGE,Studio Room
30549,NIGHTLY VALUE RATE|STANDARD STUDIO 1 KING BED NONSMKNG FREE WIFI AND GRAB AND GO BKFST 32IN LCD TV,Studio Room
30551,CORPORATE RATE|STANDARD STUDIO 1 KING BED NONSMKNG FREE WIFI AND GRAB AND GO BKFST 32IN LCD TV,Studio Room
30553,FLEXIBLE RATE|2 QUEEN BEDS STUDIO NONSMOKING FREE WI-FI-DAILY HOT BRKFST-LITE MEAL M-TH,Studio Room
30560,"STAY PASS|WORK ANYWHERE STAY PASS, SEE RATE DETAILS, STUDIO, 1 KING, SOFA BED",Studio Room
30562,SEMI-FLEX|2 QUEEN BEDS STUDIO NONSMOKING FREE BRKFST/WI-FI-KITCHEN W/MICRO/FRIDGE,Studio Room
30563,SEMI-FLEX|2 QUEEN BEDS STUDIO NONSMOKING FREE BRKFST/WI-FI-KITCHEN W/MICRO/FRIDGE,Studio Room
30576,"REGULAR RATE|FLEXIBLE RATE, STUDIO, 1 KING, SOFA BED",Studio Room
30577,SEMI-FLEX|2 QUEEN BEDS STUDIO NONSMOKING FREE BRKFST/WI-FI-KITCHEN W/MICRO/FRIDGE,Studio Room
30579,FLEXIBLE RATE|2 QUEEN BEDS STUDIO NONSMOKING FREE BRKFST/WI-FI-KITCHEN W/MICRO/FRIDGE,Studio Room
30583,BEST AVAILABLE RATE|2 QUEEN BEDS STUDIO NONSMOKING FREE BRKFST/WI-FI-KITCHEN W/MICRO/FRIDGE,Studio Room
30584,CWT PROGRAM -HONORS SEMI-FLEX|2 QUEEN BEDS STUDIO NONSMOKING FREE BRKFST/WI-FI-KITCHEN W/MICRO/FRIDGE,Studio Room
30587,2X POINTS PACKAGE|2 QUEEN BEDS STUDIO NONSMOKING FREE BRKFST/WI-FI-KITCHEN W/MICRO/FRIDGE,Studio Room
30589,CWT PROGRAM -SEMI FLEX|2 QUEEN BEDS STUDIO NONSMOKING FREE BRKFST/WI-FI-KITCHEN W/MICRO/FRIDGE,Studio Room
30590,SEMI-FLEX|2 QUEEN BEDS STUDIO NONSMOKING FREE BRKFST/WI-FI-KITCHEN W/MICRO/FRIDGE,Studio Room
30591,CWT PROGRAM -HONORS DISCOUNT|2 QUEEN BEDS STUDIO SUITE NONSMOKING HDTV/FREE WI-FI/ REFRIGERATOR/ MICROWAVE,Studio Room
30595,"REGULAR RATE|FLEXIBLE RATE, STUDIO, 1 KING, SOFA BED",Studio Room
30596,"AAA AMERICAN AUTO ASSN|AAA CAA RATE, MEMBERSHIP CARD REQUIRED, STUDIO, 1 KING, SOFA BED",Studio Room
30598,"REGULAR RATE|FLEXIBLE RATE, STUDIO, 1 KING, SOFA BED",Studio Room
30601,BOOKS FOR KIDS|2 QUEEN BEDS STUDIO NONSMOKING FREE BRKFST/WI-FI-KITCHEN W/MICRO/FRIDGE,Studio Room
30602,2X POINTS PACKAGE|2 QUEEN BEDS STUDIO NONSMOKING FREE BRKFST/WI-FI-KITCHEN W/MICRO/FRIDGE,Studio Room
30603,BEST AVAILABLE RATE|2 QUEEN BEDS STUDIO NONSMOKING FREE BRKFST/WI-FI-KITCHEN W/MICRO/FRIDGE,Studio Room
30605,SEMI-FLEX|2 QUEEN BEDS STUDIO NONSMOKING FREE BRKFST/WI-FI-KITCHEN W/MICRO/FRIDGE,Studio Room
30606,FLEXIBLE RATE|2 QUEEN BEDS STUDIO NONSMOKING FREE BRKFST/WI-FI-KITCHEN W/MICRO/FRIDGE,Studio Room
30607,"REGULAR RATE|FLEXIBLE RATE, STUDIO, 1 KING, SOFA BED",Studio Room
30608,BOOKS FOR KIDS|2 QUEEN BEDS STUDIO NONSMOKING FREE WI-FI-DAILY HOT BRKFST-LITE MEAL M-TH,Studio Room
30609,2X POINTS PACKAGE|2 QUEEN BEDS STUDIO SUITE W/ TERRACE HDTV/ FREE WI-FI/ SITTING AREA/ SOFABED,Studio Room
30610,FLEXIBLE RATE|2 QUEEN BEDS STUDIO SUITE W/ TERRACE HDTV/ FREE WI-FI/ SITTING AREA/ SOFABED,Studio Room
30611,FLEXIBLE RATE|2 QUEEN BEDS STUDIO NONSMOKING FREE BRKFST/WI-FI-KITCHEN W/MICRO/FRIDGE,Studio Room
30615,"REGULAR RATE|FLEXIBLE RATE, STUDIO, 1 KING, SOFA BED",Studio Room
30619,"MEMBER RETAIL RATE|MEMBER RATE FLEXIBLE, STUDIO, 1 KING, SOFA BED",Studio Room
30623,SEMI-FLEX|2 QUEEN BEDS STUDIO NONSMOKING FREE BRKFST/WI-FI-KITCHEN W/MICRO/FRIDGE,Studio Room
30624,BOOKS FOR KIDS|2 QUEEN BEDS STUDIO NONSMOKING FREE BRKFST/WI-FI-KITCHEN W/MICRO/FRIDGE,Studio Room
30626,2X POINTS PACKAGE|2 QUEEN BEDS STUDIO NONSMOKING FREE BRKFST/WI-FI-KITCHEN W/MICRO/FRIDGE,Studio Room
30630,CWT PROGRAM -HONORS SEMI-FLEX|2 QUEEN BEDS STUDIO NONSMOKING FREE BRKFST/WI-FI-KITCHEN W/MICRO/FRIDGE,Studio Room
30632,FLEXIBLE RATE|2 QUEEN BEDS STUDIO NONSMOKING FREE BRKFST/WI-FI-KITCHEN W/MICRO/FRIDGE,Studio Room
30634,"AAA AMERICAN AUTO ASSN|AAA CAA RATE, MEMBERSHIP CARD REQUIRED, STUDIO, 1 KING, SOFA BED",Studio Room
30635,"AAA AMERICAN AUTO ASSN|AAA CAA RATE, MEMBERSHIP CARD REQUIRED, STUDIO, 1 KING, SOFA BED",Studio Room
30637,"MARRIOTT SENIOR DISC.|MARRIOTT SENIOR DISCOUNT, INCLUDES 62 YEARS AND OLDER VALID ID REQUIRED, STUDIO, 1 KING, SOFA BED",Studio Room
30640,"REGULAR RATE|FLEXIBLE RATE, STUDIO, 1 KING, SOFA BED",Studio Room
30642,2X POINTS PACKAGE|2 QUEEN BEDS STUDIO NONSMOKING FREE WI-FI-DAILY HOT BRKFST-LITE MEAL M-TH,Studio Room
30645,"MARRIOTT SENIOR DISC.|MARRIOTT SENIOR DISCOUNT, INCLUDES 62 YEARS AND OLDER VALID ID REQUIRED, STUDIO, 1 KING, SOFA BED",Studio Room
30649,CWT PROGRAM -HONORS DISCOUNT|2 QUEEN BEDS STUDIO NONSMOKING FREE BRKFST/WI-FI-KITCHEN W/MICRO/FRIDGE,Studio Room
30651,"AAA AMERICAN AUTO ASSN|AAA CAA RATE, MEMBERSHIP CARD REQUIRED, STUDIO, 1 KING, SOFA BED",Studio Room
30657,"REGULAR RATE|FLEXIBLE RATE, STUDIO, 1 KING, SOFA BED",Studio Room
30660,"MARRIOTT SENIOR DISC.|MARRIOTT SENIOR DISCOUNT, INCLUDES 62 YEARS AND OLDER VALID ID REQUIRED, STUDIO, 1 KING, SOFA BED",Studio Room
30663,FLEXIBLE RATE|STUDIO ROOM,Studio Room
30665,"AAA AMERICAN AUTO ASSN|AAA CAA RATE, MEMBERSHIP CARD REQUIRED, STUDIO, 1 KING, SOFA BED",Studio Room
30667,"REGULAR RATE|FLEXIBLE RATE, STUDIO, 1 KING, SOFA BED",Studio Room
30668,FLEXIBLE RATE|2 QUEEN BEDS STUDIO NONSMOKING FREE BRKFST/WI-FI-KITCHEN W/MICRO/FRIDGE,Studio Room
30669,SEMI-FLEX|2 QUEEN BEDS STUDIO NONSMOKING FREE WI-FI-DAILY HOT BRKFST-LITE MEAL M-TH,Studio Room
30676,BEST AVAILABLE RATE|2 QUEEN BEDS STUDIO SUITE W/ SOFABED NONSMOK HDTV/FREE WI-FI/SITTING AREA/FRIDGE/MICROWAVE,Studio Room
30677,"REGULAR RATE|FLEXIBLE RATE, STUDIO, 1 KING, SOFA BED",Studio Room
30681,BOOKS FOR KIDS|2 QUEEN BEDS STUDIO NONSMOKING FREE BRKFST/WI-FI-KITCHEN W/MICRO/FRIDGE,Studio Room
30682,SEMI-FLEX|2 QUEEN BEDS STUDIO NONSMOKING FREE BRKFST/WI-FI-KITCHEN W/MICRO/FRIDGE,Studio Room
30683,"AAA HOT DEALS|AAA CAA HOT DEALS, MEMBERSHIP CARD REQUIRED, STUDIO, 1 KING, SOFA BED",Studio Room
30685,"AAA AMERICAN AUTO ASSN|AAA CAA RATE, MEMBERSHIP CARD REQUIRED, STUDIO, 1 KING, SOFA BED",Studio Room
30686,CWT PROGRAM -HONORS SEMI-FLEX|2 QUEEN BEDS STUDIO NONSMOKING FREE WI-FI-DAILY HOT BRKFST-LITE MEAL M-TH,Studio Room
30687,ADVANCE PURCHASE - NO REFUNDS|STANDARD STUDIO 1 KING BED NONSMKNG FREE WIFI AND GRAB AND GO BKFST 32IN LCD TV,Studio Room
30690,ADVANCE PURCHASE - NO REFUNDS|STANDARD STUDIO 1 KING NONSMKNG ACC HEARING FREE WIFI AND GRAB AND GO BKFST 32IN LCD TV,Studio Room
30695,BOOKS FOR KIDS|2 QUEEN BEDS STUDIO NONSMOKING FREE WI-FI-DAILY HOT BRKFST-LITE MEAL M-TH,Studio Room
30698,"AAA AMERICAN AUTO ASSN|AAA CAA RATE, MEMBERSHIP CARD REQUIRED, STUDIO, 1 KING, SOFA BED",Studio Room
30702,BEST AVAILABLE RATE|2 QUEEN BEDS STUDIO NONSMOKING FREE BRKFST/WI-FI-KITCHEN W/MICRO/FRIDGE,Studio Room
30703,"MARRIOTT SENIOR DISC.|MARRIOTT SENIOR DISCOUNT, INCLUDES 62 YEARS AND OLDER VALID ID REQUIRED, STUDIO, 1 KING, SOFA BED",Studio Room
30707,"AAA HOT DEALS|AAA CAA HOT DEALS, MEMBERSHIP CARD REQUIRED, STUDIO, 1 KING, SOFA BED",Studio Room
30708,"AAA HOT DEALS|AAA CAA HOT DEALS, MEMBERSHIP CARD REQUIRED, STUDIO, 1 KING, SOFA BED",Studio Room
30712,SEMI-FLEX|2 QUEEN BEDS STUDIO NONSMOKING FREE BRKFST/WI-FI-KITCHEN W/MICRO/FRIDGE,Studio Room
30713,FLEXIBLE RATE|2 QUEEN BEDS STUDIO NONSMOKING FREE BRKFST/WI-FI-KITCHEN W/MICRO/FRIDGE,Studio Room
30718,2X POINTS PACKAGE|2 QUEEN BEDS STUDIO NONSMOKING FREE WI-FI-DAILY HOT BRKFST-LITE MEAL M-TH,Studio Room
30722,2X POINTS PACKAGE|2 QUEEN BEDS STUDIO NONSMOKING FREE BRKFST/WI-FI-KITCHEN W/MICRO/FRIDGE,Studio Room
30724,BEST AVAILABLE RATE|2 QUEEN BEDS STUDIO NONSMOKING FREE BRKFST/WI-FI-KITCHEN W/MICRO/FRIDGE,Studio Room
30726,BOOKS FOR KIDS|2 QUEEN BEDS STUDIO NONSMOKING FREE BRKFST/WI-FI-KITCHEN W/MICRO/FRIDGE,Studio Room
30728,"STAY PASS|WORK ANYWHERE STAY PASS, SEE RATE DETAILS, STUDIO, 1 KING, SOFA BED",Studio Room
30734,CWT PROGRAM -SEMI FLEX|2 QUEEN BEDS STUDIO NONSMOKING FREE BRKFST/WI-FI-KITCHEN W/MICRO/FRIDGE,Studio Room
30736,FLEXIBLE RATE|2 QUEEN BEDS STUDIO NONSMOKING FREE BRKFST/WI-FI-KITCHEN W/MICRO/FRIDGE,Studio Room
30738,2X POINTS PACKAGE|2 QUEEN BEDS STUDIO SUITE W/ SOFABED NONSMOK HDTV/FREE WI-FI/SITTING AREA/FRIDGE/MICROWAVE,Studio Room
30740,BEST AVAILABLE RATE|2 QUEEN BEDS STUDIO NONSMOKING FREE BRKFST/WI-FI-KITCHEN W/MICRO/FRIDGE,Studio Room
30742,FLEXIBLE RATE|2 QUEEN BEDS STUDIO SUITE W/ SOFABED NONSMOK HDTV/FREE WI-FI/SITTING AREA/FRIDGE/MICROWAVE,Studio Room
30743,2X POINTS PACKAGE|2 QUEEN BEDS STUDIO NONSMOKING FREE BRKFST/WI-FI-KITCHEN W/MICRO/FRIDGE,Studio Room
30745,SEMI-FLEX|2 QUEEN BEDS STUDIO NONSMOKING FREE BRKFST/WI-FI-KITCHEN W/MICRO/FRIDGE,Studio Room
30748,2X POINTS PACKAGE|2 QUEEN BEDS STUDIO SUITE W/ SOFABED NONSMOK HDTV/FREE WI-FI/SITTING AREA/FRIDGE/MICROWAVE,Studio Room
30749,"REGULAR RATE|FLEXIBLE RATE, STUDIO, 1 KING, SOFA BED",Studio Room
30750,"AAA HOT DEALS|AAA CAA HOT DEALS, MEMBERSHIP CARD REQUIRED, STUDIO, 1 KING, SOFA BED",Studio Room
30751,"MARRIOTT SENIOR DISC.|MARRIOTT SENIOR DISCOUNT, INCLUDES 62 YEARS AND OLDER VALID ID REQUIRED, STUDIO, 1 KING, SOFA BED",Studio Room
30752,BEST AVAILABLE RATE|2 QUEEN BEDS STUDIO NONSMOKING FREE BRKFST/WI-FI-KITCHEN W/MICRO/FRIDGE,Studio Room
30753,"PREPAY NONREF|PREPAY NON-REFUNDABLE, CHANGES UP TO 4 DAYS PRIOR TO STAY, SEE RATE DETAILS, STUDIO, 1 KING, SOFA BED",Studio Room
30754,2X POINTS PACKAGE|2 QUEEN BEDS STUDIO NONSMOKING FREE BRKFST/WI-FI-KITCHEN W/MICRO/FRIDGE,Studio Room
30756,"REGULAR RATE|FLEXIBLE RATE, STUDIO, 1 KING, SOFA BED",Studio Room
30760,CWT PROGRAM -HONORS SEMI-FLEX|2 QUEEN BEDS STUDIO NONSMOKING FREE BRKFST/WI-FI-KITCHEN W/MICRO/FRIDGE,Studio Room
30761,"REGULAR RATE|FLEXIBLE RATE, STUDIO, 1 KING, SOFA BED",Studio Room
30762,"MEMBER RETAIL RATE|MEMBER RATE FLEXIBLE, STUDIO, 1 KING, SOFA BED",Studio Room
30765,FLEXIBLE RATE|2 QUEEN BEDS STUDIO NONSMOKING FREE BRKFST/WI-FI-KITCHEN W/MICRO/FRIDGE,Studio Room
30767,"AAA HOT DEALS|AAA CAA HOT DEALS, MEMBERSHIP CARD REQUIRED, STUDIO, 1 KING, SOFA BED",Studio Room
30768,FLEXIBLE RATE|2 QUEEN BEDS STUDIO NONSMOKING FREE BRKFST/WI-FI-KITCHEN W/MICRO/FRIDGE,Studio Room
30769,FLEXIBLE RATE|2 QUEEN BEDS STUDIO NONSMOKING FREE BRKFST/WI-FI-KITCHEN W/MICRO/FRIDGE,Studio Room
30770,"AAA AMERICAN AUTO ASSN|AAA CAA RATE, MEMBERSHIP CARD REQUIRED, STUDIO, 1 KING, SOFA BED",Studio Room
30772,BEST AVAILABLE RATE|2 QUEEN BEDS STUDIO SUITE W/ SOFABED NONSMOK HDTV/FREE WI-FI/SITTING AREA/FRIDGE/MICROWAVE,Studio Room
30773,FLEXIBLE RATE|2 QUEEN BEDS STUDIO NONSMOKING FREE BRKFST/WI-FI-KITCHEN W/MICRO/FRIDGE,Studio Room
30776,FLEXIBLE RATE|2 QUEEN BEDS STUDIO NONSMOKING FREE BRKFST/WI-FI-KITCHEN W/MICRO/FRIDGE,Studio Room
30777,2X POINTS PACKAGE|2 QUEEN BEDS STUDIO NONSMOKING FREE BRKFST/WI-FI-KITCHEN W/MICRO/FRIDGE,Studio Room
30781,"MARRIOTT SENIOR DISC.|MARRIOTT SENIOR DISCOUNT, INCLUDES 62 YEARS AND OLDER VALID ID REQUIRED, STUDIO, 1 KING, SOFA BED",Studio Room
30783,2X POINTS PACKAGE|2 QUEEN BEDS STUDIO NONSMOKING FREE BRKFST/WI-FI-KITCHEN W/MICRO/FRIDGE,Studio Room
30786,BOOKS FOR KIDS|2 QUEEN BEDS STUDIO NONSMOKING FREE WI-FI-DAILY HOT BRKFST-LITE MEAL M-TH,Studio Room
30787,2X POINTS PACKAGE|2 QUEEN BEDS STUDIO NONSMOKING FREE WI-FI-DAILY HOT BRKFST-LITE MEAL M-TH,Studio Room
30791,SEMI-FLEX|2 QUEEN BEDS STUDIO NONSMOKING FREE BRKFST/WI-FI-KITCHEN W/MICRO/FRIDGE,Studio Room
30792,"AAA HOT DEALS|AAA CAA HOT DEALS, MEMBERSHIP CARD REQUIRED, STUDIO, 1 KING, SOFA BED",Studio Room
30793,"PARK HERE FLY THERE|PARK HERE, FLY THERE, SEE RATE DETAILS, STUDIO, 1 KING, SOFA BED",Studio Room
30794,"AAA AMERICAN AUTO ASSN|AAA CAA RATE, MEMBERSHIP CARD REQUIRED, STUDIO, 1 KING, SOFA BED",Studio Room
30796,FLEXIBLE RATE|2 QUEEN BEDS STUDIO NONSMOKING FREE BRKFST/WI-FI-KITCHEN W/MICRO/FRIDGE,Studio Room
30797,"MARRIOTT SENIOR DISC.|MARRIOTT SENIOR DISCOUNT, INCLUDES 62 YEARS AND OLDER VALID ID REQUIRED, STUDIO, 1 KING, SOFA BED",Studio Room
30798,SEMI-FLEX|2 QUEEN BEDS STUDIO NONSMOKING FREE BRKFST/WI-FI-KITCHEN W/MICRO/FRIDGE,Studio Room
30800,"STAY PASS|WORK ANYWHERE STAY PASS, SEE RATE DETAILS, STUDIO, 1 KING, SOFA BED",Studio Room
30802,FLEXIBLE RATE|2 QUEEN BEDS STUDIO NONSMOKING FREE BRKFST/WI-FI-KITCHEN W/MICRO/FRIDGE,Studio Room
30803,"AAA HOT DEALS|AAA CAA HOT DEALS, MEMBERSHIP CARD REQUIRED, STUDIO, 1 KING, SOFA BED",Studio Room
30804,"REGULAR RATE|FLEXIBLE RATE, STUDIO, 1 KING, SOFA BED",Studio Room
30806,FLEXIBLE RATE|2 QUEEN BEDS STUDIO NONSMOKING FREE WI-FI-DAILY HOT BRKFST-LITE MEAL M-TH,Studio Room
30811,2X POINTS PACKAGE|2 QUEEN BEDS STUDIO SUITE W/ SOFABED NONSMOK HDTV/FREE WI-FI/SITTING AREA/FRIDGE/MICROWAVE,Studio Room
30813,"PREPAY NONREF|PREPAY NON-REFUNDABLE, CHANGES UP TO 3 DAYS PRIOR TO STAY, SEE RATE DETAILS, STUDIO, 1 KING, SOFA BED",Studio Room
30815,"PREPAY NONREF|PREPAY NON-REFUNDABLE, CHANGES UP TO 4 DAYS PRIOR TO STAY, SEE RATE DETAILS, STUDIO, 1 KING, SOFA BED",Studio Room
30818,SEMI-FLEX|2 QUEEN BEDS STUDIO NONSMOKING FREE BRKFST/WI-FI-KITCHEN W/MICRO/FRIDGE,Studio Room
30820,"MEMBER RETAIL RATE|MEMBER RATE FLEXIBLE, STUDIO, 1 KING, SOFA BED",Studio Room
30822,BOOKS FOR KIDS|2 QUEEN BEDS STUDIO NONSMOKING FREE BRKFST/WI-FI-KITCHEN W/MICRO/FRIDGE,Studio Room
30828,FLEXIBLE RATE|2 QUEEN BEDS STUDIO NONSMOKING FREE WI-FI-DAILY HOT BRKFST-LITE MEAL M-TH,Studio Room
30830,"MEMBER RETAIL RATE|MEMBER RATE FLEXIBLE, STUDIO, 1 KING, SOFA BED",Studio Room
30831,BOOKS FOR KIDS|2 QUEEN BEDS STUDIO NONSMOKING FREE BRKFST/WI-FI-KITCHEN W/MICRO/FRIDGE,Studio Room
30832,2X POINTS PACKAGE|2 QUEEN BEDS STUDIO NONSMOKING FREE WI-FI-DAILY HOT BRKFST-LITE MEAL M-TH,Studio Room
30835,2X POINTS PACKAGE|2 QUEEN BEDS STUDIO NONSMOKING FREE BRKFST/WI-FI-KITCHEN W/MICRO/FRIDGE,Studio Room
30837,2X POINTS PACKAGE|2 QUEEN BEDS STUDIO NONSMOKING FREE BRKFST/WI-FI-KITCHEN W/MICRO/FRIDGE,Studio Room
30842,2X POINTS PACKAGE|2 QUEEN BEDS STUDIO NONSMOKING FREE BRKFST/WI-FI-KITCHEN W/MICRO/FRIDGE,Studio Room
30843,BOOKS FOR KIDS|2 QUEEN BEDS STUDIO NONSMOKING FREE BRKFST/WI-FI-KITCHEN W/MICRO/FRIDGE,Studio Room
30851,"AAA AMERICAN AUTO ASSN|AAA CAA RATE, MEMBERSHIP CARD REQUIRED, STUDIO, 1 KING, SOFA BED",Studio Room
30852,FLEXIBLE RATE|2 QUEEN BEDS STUDIO NONSMOKING FREE BRKFST/WI-FI-KITCHEN W/MICRO/FRIDGE,Studio Room
30853,CWT PROGRAM -HONORS SEMI-FLEX|2 QUEEN BEDS STUDIO NONSMOKING FREE BRKFST/WI-FI-KITCHEN W/MICRO/FRIDGE,Studio Room
30854,2X POINTS PACKAGE|2 QUEEN BEDS STUDIO NONSMOKING FREE BRKFST/WI-FI-KITCHEN W/MICRO/FRIDGE,Studio Room
30858,CWT PROGRAM -SEMI FLEX|2 QUEEN BEDS STUDIO NONSMOKING FREE BRKFST/WI-FI-KITCHEN W/MICRO/FRIDGE,Studio Room
30859,CWT PROGRAM -PREFERRED|2 QUEEN BEDS STUDIO NONSMOKING FREE BRKFST/WI-FI-KITCHEN W/MICRO/FRIDGE,Studio Room
30861,"MARRIOTT SENIOR DISC.|MARRIOTT SENIOR DISCOUNT, INCLUDES 5. NIGHTS, SEE RATE DETAILS, STUDIO, 1 KING, SOFA BED",Studio Room
30865,CWT PROGRAM -HONORS DISCOUNT|2 QUEEN BEDS STUDIO NONSMOKING FREE BRKFST/WI-FI-KITCHEN W/MICRO/FRIDGE,Studio Room
30867,BOOKS FOR KIDS|2 QUEEN BEDS STUDIO NONSMOKING FREE BRKFST/WI-FI-KITCHEN W/MICRO/FRIDGE,Studio Room
30868,"REGULAR RATE|FLEXIBLE RATE, 5. NIGHTS, STUDIO, 1 KING, SOFA BED",Studio Room
30869,PARK AND GO|2 QUEEN BEDS STUDIO NONSMOKING FREE BRKFST/WI-FI-KITCHEN W/MICRO/FRIDGE,Studio Room
30870,BOOKS FOR KIDS|2 QUEEN BEDS STUDIO NONSMOKING FREE WI-FI-DAILY HOT BRKFST-LITE MEAL M-TH,Studio Room
30871,"MARRIOTT SENIOR DISC.|MARRIOTT SENIOR DISCOUNT, INCLUDES 62 YEARS AND OLDER VALID ID REQUIRED, STUDIO, 1 KING, SOFA BED",Studio Room
30872,"REGULAR RATE|FLEXIBLE RATE, STUDIO, 1 KING, SOFA BED",Studio Room
30874,SEMI-FLEX|2 QUEEN BEDS STUDIO NONSMOKING FREE BRKFST/WI-FI-KITCHEN W/MICRO/FRIDGE,Studio Room
30876,BEST AVAILABLE RATE|2 QUEEN BEDS STUDIO NONSMOKING FREE BRKFST/WI-FI-KITCHEN W/MICRO/FRIDGE,Studio Room
30877,"MARRIOTT SENIOR DISC.|MARRIOTT SENIOR DISCOUNT, INCLUDES 62 YEARS AND OLDER VALID ID REQUIRED, STUDIO, 1 KING, SOFA BED",Studio Room
30878,SEMI-FLEX|2 QUEEN BEDS STUDIO NONSMOKING FREE BRKFST/WI-FI-KITCHEN W/MICRO/FRIDGE,Studio Room
30879,"AAA AMERICAN AUTO ASSN|AAA CAA RATE, MEMBERSHIP CARD REQUIRED, STUDIO, 1 KING, SOFA BED",Studio Room
30883,2X POINTS PACKAGE|2 QUEEN BEDS STUDIO NONSMOKING FREE BRKFST/WI-FI-KITCHEN W/MICRO/FRIDGE,Studio Room
30884,BOOKS FOR KIDS|2 QUEEN BEDS STUDIO NONSMOKING FREE BRKFST/WI-FI-KITCHEN W/MICRO/FRIDGE,Studio Room
30885,"STAY PASS|WORK ANYWHERE STAY PASS, SEE RATE DETAILS, STUDIO, 1 KING, SOFA BED",Studio Room
30887,STANDARD RATE|2 QUEEN BEDS-STUDIO SUITE-NON SMOKING,Studio Room
30888,"AAA AMERICAN AUTO ASSN|AAA CAA RATE, MEMBERSHIP CARD REQUIRED, STUDIO, 1 KING, SOFA BED",Studio Room
30889,2X POINTS PACKAGE|2 QUEEN BEDS STUDIO NONSMOKING FREE BRKFST/WI-FI-KITCHEN W/MICRO/FRIDGE,Studio Room
30891,"REGULAR RATE|FLEXIBLE RATE, LARGER STUDIO, 1 KING, SOFA BED",Studio Room
30893,BOOKS FOR KIDS|2 QUEEN BEDS STUDIO NONSMOKING FREE BRKFST/WI-FI-KITCHEN W/MICRO/FRIDGE,Studio Room
30895,"REGULAR RATE|FLEXIBLE RATE, LARGER STUDIO, 1 KING, SOFA BED",Studio Room
30897,"REGULAR RATE|FLEXIBLE RATE, STUDIO, 1 KING, SOFA BED",Studio Room
30898,"AAA AMERICAN AUTO ASSN|AAA CAA RATE, MEMBERSHIP CARD REQUIRED, STUDIO, 1 KING, SOFA BED",Studio Room
30899,"REGULAR RATE|FLEXIBLE RATE, STUDIO, 1 KING, CITY VIEW",Studio Room
30900,"MARRIOTT SENIOR DISC.|MARRIOTT SENIOR DISCOUNT, INCLUDES 62 YEARS AND OLDER VALID ID REQUIRED, STUDIO, 1 KING, SOFA BED",Studio Room
30902,"AAA HOT DEALS|AAA CAA HOT DEALS, MEMBERSHIP CARD REQUIRED, STUDIO, 1 KING, SOFA BED",Studio Room
30908,2X POINTS PACKAGE|2 QUEEN BEDS STUDIO NONSMOKING FREE WI-FI-DAILY HOT BRKFST-LITE MEAL M-TH,Studio Room
30909,SEMI-FLEX|2 QUEEN BEDS STUDIO NONSMOKING FREE BRKFST/WI-FI-KITCHEN W/MICRO/FRIDGE,Studio Room
30910,BOOKS FOR KIDS|2 QUEEN BEDS STUDIO NONSMOKING FREE WI-FI-DAILY HOT BRKFST-LITE MEAL M-TH,Studio Room
30912,FLEXIBLE RATE|2 QUEEN BEDS STUDIO NONSMOKING FREE WI-FI-DAILY HOT BRKFST-LITE MEAL M-TH,Studio Room
30913,FLEXIBLE RATE|2 QUEEN BEDS STUDIO NONSMOKING FREE WI-FI-DAILY HOT BRKFST-LITE MEAL M-TH,Studio Room
30915,"MARRIOTT SENIOR DISC.|MARRIOTT SENIOR DISCOUNT, INCLUDES 62 YEARS AND OLDER VALID ID REQUIRED, STUDIO, 1 KING, SOFA BED",Studio Room
30917,"PREPAY REFUNDABLE|PREPAY REFUNDABLE RATE, CHANGES UP TO 1 DAY PRIOR TO STAY, SEE RATE DETAILS, STUDIO, 1 KING, SOFA BED",Studio Room
30918,BOOKS FOR KIDS|2 QUEEN BEDS STUDIO NONSMOKING FREE BRKFST/WI-FI-KITCHEN W/MICRO/FRIDGE,Studio Room
30919,"REGULAR RATE|FLEXIBLE RATE, STUDIO, 1 KING, SOFA BED",Studio Room
30923,"AAA AMERICAN AUTO ASSN|AAA CAA RATE, MEMBERSHIP CARD REQUIRED, STUDIO, 1 KING, SOFA BED",Studio Room
30924,"AAA AMERICAN AUTO ASSN|AAA CAA RATE, MEMBERSHIP CARD REQUIRED, STUDIO, 1 KING, SOFA BED",Studio Room
30925,SEMI-FLEX|2 QUEEN BEDS STUDIO NONSMOKING FREE BRKFST/WI-FI-KITCHEN W/MICRO/FRIDGE,Studio Room
30929,"AAA AMERICAN AUTO ASSN|AAA CAA RATE, MEMBERSHIP CARD REQUIRED, STUDIO, 1 KING, SOFA BED",Studio Room
30930,FLEXIBLE RATE|2 QUEEN BEDS STUDIO NONSMOKING FREE BRKFST/WI-FI-KITCHEN W/MICRO/FRIDGE,Studio Room
30931,2X POINTS PACKAGE|2 QUEEN BEDS STUDIO NONSMOKING FREE BRKFST/WI-FI-KITCHEN W/MICRO/FRIDGE,Studio Room
30932,SEMI-FLEX|2 QUEEN BEDS STUDIO NONSMOKING FREE BRKFST/WI-FI-KITCHEN W/MICRO/FRIDGE,Studio Room
30934,BEST AVAILABLE RATE|2 QUEEN BEDS STUDIO NONSMOKING FREE BRKFST/WI-FI-KITCHEN W/MICRO/FRIDGE,Studio Room
30935,SEMI-FLEX|2 QUEEN BEDS STUDIO SUITE W/ SOFABED NONSMOK HDTV/FREE WI-FI/SITTING AREA/FRIDGE/MICROWAVE,Studio Room
30936,BEST AVAILABLE RATE MASTER|GRAND STUDIO,Studio Room
30937,BOOKS FOR KIDS|2 QUEEN BEDS STUDIO NONSMOKING FREE BRKFST/WI-FI-KITCHEN W/MICRO/FRIDGE,Studio Room
30939,SEMI-FLEX|2 QUEEN BEDS STUDIO NONSMOKING FREE BRKFST/WI-FI-KITCHEN W/MICRO/FRIDGE,Studio Room
30940,BOOKS FOR KIDS|2 QUEEN BEDS STUDIO NONSMOKING FREE BRKFST/WI-FI-KITCHEN W/MICRO/FRIDGE,Studio Room
30941,"REGULAR RATE|FLEXIBLE RATE, STUDIO, 1 KING, SOFA BED",Studio Room
30943,2X POINTS PACKAGE|2 QUEEN BEDS STUDIO NONSMOKING FREE BRKFST/WI-FI-KITCHEN W/MICRO/FRIDGE,Studio Room
30949,"MARRIOTT SENIOR DISC.|MARRIOTT SENIOR DISCOUNT, INCLUDES 62 YEARS AND OLDER VALID ID REQUIRED, STUDIO, 1 KING, SOFA BED",Studio Room
30950,"MARRIOTT SENIOR DISC.|MARRIOTT SENIOR DISCOUNT, INCLUDES 62 YEARS AND OLDER VALID ID REQUIRED, STUDIO, 1 KING, SOFA BED",Studio Room
30951,SEMI-FLEX|2 QUEEN BEDS STUDIO NONSMOKING FREE BRKFST/WI-FI-KITCHEN W/MICRO/FRIDGE,Studio Room
30954,"AAA AMERICAN AUTO ASSN|AAA CAA RATE, MEMBERSHIP CARD REQUIRED, STUDIO, 1 KING, SOFA BED",Studio Room
30955,SEMI-FLEX|2 QUEEN BEDS STUDIO NONSMOKING FREE BRKFST/WI-FI-KITCHEN W/MICRO/FRIDGE,Studio Room
30956,2X POINTS PACKAGE|2 QUEEN BEDS STUDIO NONSMOKING FREE BRKFST/WI-FI-KITCHEN W/MICRO/FRIDGE,Studio Room
30957,BEST AVAILABLE RATE|2 QUEEN BEDS STUDIO NONSMOKING FREE BRKFST/WI-FI-KITCHEN W/MICRO/FRIDGE,Studio Room
30958,BOOKS FOR KIDS|2 QUEEN BEDS STUDIO NONSMOKING FREE BRKFST/WI-FI-KITCHEN W/MICRO/FRIDGE,Studio Room
30959,2X POINTS PACKAGE|2 QUEEN BEDS STUDIO NONSMOKING FREE BRKFST/WI-FI-KITCHEN W/MICRO/FRIDGE,Studio Room
30961,"MARRIOTT SENIOR DISC.|MARRIOTT SENIOR DISCOUNT, INCLUDES 62 YEARS AND OLDER VALID ID REQUIRED, STUDIO, 1 KING, SOFA BED",Studio Room
30963,"AAA AMERICAN AUTO ASSN|AAA CAA RATE, MEMBERSHIP CARD REQUIRED, STUDIO, 1 KING, SOFA BED",Studio Room
30965,2X POINTS PACKAGE|2 QUEEN BEDS STUDIO NONSMOKING FREE BRKFST/WI-FI-KITCHEN W/MICRO/FRIDGE,Studio Room
30966,"REGULAR RATE|FLEXIBLE RATE, STUDIO, 1 KING, SOFA BED",Studio Room
30969,FLEXIBLE RATE|2 QUEEN BEDS STUDIO NONSMOKING FREE WI-FI-DAILY HOT BRKFST-LITE MEAL M-TH,Studio Room
30973,"REGULAR RATE|FLEXIBLE RATE, LARGER STUDIO, 1 KING",Studio Room
30974,SEMI-FLEX|2 QUEEN BEDS STUDIO SUITE W/ SOFABED NONSMOK HDTV/FREE WI-FI/SITTING AREA/FRIDGE/MICROWAVE,Studio Room
30975,FLEXIBLE RATE|2 QUEEN BEDS STUDIO NONSMOKING FREE WI-FI-DAILY HOT BRKFST-LITE MEAL M-TH,Studio Room
30978,CWT PROGRAM -HONORS DISCOUNT|2 QUEEN BEDS STUDIO NONSMOKING FREE BRKFST/WI-FI-KITCHEN W/MICRO/FRIDGE,Studio Room
30979,2X POINTS PACKAGE|2 QUEEN BEDS STUDIO NONSMOKING FREE WI-FI-DAILY HOT BRKFST-LITE MEAL M-TH,Studio Room
30980,CWT PROGRAM -HONORS SEMI-FLEX|2 QUEEN BEDS STUDIO NONSMOKING FREE BRKFST/WI-FI-KITCHEN W/MICRO/FRIDGE,Studio Room
30982,"MARRIOTT SENIOR DISC.|MARRIOTT SENIOR DISCOUNT, INCLUDES 62 YEARS AND OLDER VALID ID REQUIRED, STUDIO, 1 KING, SOFA BED",Studio Room
30985,SEMI-FLEX|2 QUEEN BEDS STUDIO NONSMOKING FREE BRKFST/WI-FI-KITCHEN W/MICRO/FRIDGE,Studio Room
30987,CWT PROGRAM -SEMI FLEX|2 QUEEN BEDS STUDIO NONSMOKING FREE BRKFST/WI-FI-KITCHEN W/MICRO/FRIDGE,Studio Room
30988,CWT PROGRAM -PREFERRED|2 QUEEN BEDS STUDIO NONSMOKING FREE BRKFST/WI-FI-KITCHEN W/MICRO/FRIDGE,Studio Room
30990,"STAY PASS|WORK ANYWHERE STAY PASS, SEE RATE DETAILS, STUDIO, 1 KING, SOFA BED",Studio Room
30991,BOOKS FOR KIDS|2 QUEEN BEDS STUDIO NONSMOKING FREE WI-FI-DAILY HOT BRKFST-LITE MEAL M-TH,Studio Room
30992,"REGULAR RATE|FLEXIBLE RATE, STUDIO, 1 KING, SOFA BED",Studio Room
30996,"MARRIOTT SENIOR DISC.|MARRIOTT SENIOR DISCOUNT, INCLUDES 62 YEARS AND OLDER VALID ID REQUIRED, STUDIO, 1 KING, SOFA BED",Studio Room
30997,"REGULAR RATE|FLEXIBLE RATE, STUDIO, 1 KING, SOFA BED",Studio Room
31670,STANDARD RATE ANDAZ CABANA STE|1 KING BED:750 SQ FT:PRIVATE POOLSIDE CABANA:,Cabana
31867,ROOM RATE|CABANA ROOM 2 DOUBLE-POOL VIEW-4TH FLOOR SLIDING DOOR TO SEMI PRIVATE PATIO-FREE WIFI,Cabana
31869,BED AND BREAKFAST|CABANA ROOM 2 DOUBLE-POOL VIEW-4TH FLOOR SLIDING DOOR TO SEMI PRIVATE PATIO-FREE WIFI,Cabana
31936,PREFERRED BED AND BREAKFAST|CABANA POOLSIDE-POOL VIEW-1 KING BED-350 SQ.FT. DIRECT POOL ACCESS-FLAT SCREEN TV-BATHROBES,Cabana
31939,PREFERRED PRIDE|CABANA POOLSIDE-POOL VIEW-1 KING BED-350 SQ.FT. DIRECT POOL ACCESS-FLAT SCREEN TV-BATHROBES,Cabana
31943,PREFERRED PARTNER-ROOM RATE|CABANA ROOM 2 DOUBLE-POOL VIEW-4TH FLOOR SLIDING DOOR TO SEMI PRIVATE PATIO-FREE WIFI,Cabana
31947,PREFERRED PRIDE|CABANA BALCONY POOL VIEW-1 KING BED- 350 SQ.FT. PRIVATE BALCONY-FLAT SCREEN TV- BATHROBE,Cabana
31949,PREFERRED BED AND BREAKFAST|CABANA BALCONY POOL VIEW-1 KING BED- 350 SQ.FT. PRIVATE BALCONY-FLAT SCREEN TV- BATHROBE,Cabana
31954,AAA MEMBERSHIP RATE|CABANA SUITE-POOL VIEW-1 KING BED-750 SQ.FT. KITCHENETTE-LIVING ROOM-FIREPLACE,Cabana
31956,PREFERRED BED AND BREAKFAST|CABANA SUITE-POOL VIEW-1 KING BED-750 SQ.FT. KITCHENETTE-LIVING ROOM-FIREPLACE,Cabana
31959,PREFERRED PRIDE|CABANA SUITE-POOL VIEW-1 KING BED-750 SQ.FT. KITCHENETTE-LIVING ROOM-FIREPLACE,Cabana
31960,AAA MEMBERSHIP RATE|CABANA BALCONY POOL VIEW-1 KING BED- 350 SQ.FT. PRIVATE BALCONY-FLAT SCREEN TV- BATHROBE,Cabana
31963,AAA MEMBERSHIP RATE|CABANA POOLSIDE-POOL VIEW-1 KING BED-350 SQ.FT. DIRECT POOL ACCESS-FLAT SCREEN TV-BATHROBES,Cabana
31972,BED AND BREAKFAST|ACCESSIBLE CABANA ROOM KING POOL VIEW 4TH FLOOR SLIDING DOOR TO SEMI PRIVATE PATIO FREE WIFI,Cabana
31974,ROOM RATE|ACCESSIBLE CABANA ROOM KING POOL VIEW 4TH FLOOR SLIDING DOOR TO SEMI PRIVATE PATIO FREE WIFI,Cabana
31989,PREFERRED PARTNER-ROOM RATE|ACCESSIBLE CABANA ROOM KING POOL VIEW 4TH FLOOR SLIDING DOOR TO SEMI PRIVATE PATIO FREE WIFI,Cabana
32048,FLEXIBLE RATE|ONE BEDROOM APARTMENT,Apartment
32061,BEST FLEXIBLE RATE - FREE WIFI|LOFT STYLE FULL SERVICE 1 BEDROOM APARTMENT KITCHEN AND LAUNDRY. FREE WIFI AND FOXTEL IQ,Apartment
32070,BEST AVAILABLE RATE|ONE BEDROOM APARTMENT 1X QUEEN,Apartment
32071,CORPORATE PUBLIC RATE|ONE BEDROOM APARTMENT 1X QUEEN,Apartment
32092,BEST AVAILABLE RATE|ONE BEDROOM APARTMENT 1X KING,Apartment
32124,GLOBAL PROGRAM|LOFT STYLE FULL SERVICE 1 BEDROOM APARTMENT KITCHEN AND LAUNDRY. FREE WIFI AND FOXTEL IQ,Apartment
32134,BEST AVAILABLE RATE|ONE BEDROOM APARTMENT 1X QUEEN,Apartment
32141,BEST AVAILABLE RATE|ONE BEDROOM APARTMENT 1X QUEEN,Apartment
32142,GLOBAL PROGRAM|ONE BEDROOM APARTMENT,Apartment
32197,GLOBAL PROGRAM|ONE BEDROOM APARTMENT,Apartment
32200,BEST AVAILABLE RATE|ONE BEDROOM APARTMENT,Apartment
32229,FLEXIBLE RATE|1 BEDROOM APARTMENT 1 KING BED,Apartment
32245,FLEXIBLE RATE - BB-BB/BED BRKF|1 BEDROOM APARTMENT 1 KING BED,Apartment
32345,GOVERNMENT RATE|EMPLOYEE ID REQUIRED AT CHECK IN 1 BEDROOM APARTMENT 1 KING BED,Apartment
32428,FLEXIBLE RATE|ONE BEDROOM APARTMENT,Apartment
32430,GOVERNMENT RATE|EMPLOYEE ID REQUIRED AT CHECK IN ONE BEDROOM APARTMENT,Apartment
32439,MRATE AVAIL FLEXIBLE RATE|STANDARD APARTMENT WITH TWIN BEDS,Apartment
32442,MRATE AVAIL FLEXIBLE RATE - BB|STANDARD APARTMENT WITH TWIN BEDS,Apartment
32521,GOVERNMENT RATE|EMPLOYEE ID REQUIRED AT CHECK IN 2 BEDROOM 2 BATHROOM APARTMENT - BALCONY   WATE,Apartment
32611,GLOBAL PROGRAM|ONE BEDROOM APARTMENT,Apartment
32629,BEST AVAILABLE RATE|PENTHOUSE APARTMENT - 2 KING BEDS,Apartment
32630,CORPORATE FLEXIBLE RATE|PENTHOUSE APARTMENT - 2 KING BEDS,Apartment
32660,QUEST BEST RATE|STUDIO 1 KING OR QUEEN BED. KITCHENETTE. BAR FRIDGE. TYPICAL APARTMENT SIZE 30M,Apartment
32661,CORPORATE PUBLIC RATE|STUDIO 1 KING OR QUEEN BED. KITCHENETTE. BAR FRIDGE. TYPICAL APARTMENT SIZE 30M,Apartment
32666,GLOBAL PROGRAM|1 BEDROOM APARTMENT 1 KING BED,Apartment
32669,BREAKFAST PLUS-BB/BED BRKFAST|COMP WIFI - COMP BFAST - 20  FB 1 BEDROOM APARTMENT 1 KING BED,Apartment
32762,BEST AVAILABLE RATE|APARTMENT SUITE  - 638SQFT - 59SQM - KING AND SOFA BED - CITY VIEW - SLEEPS 3,Apartment
32774,WORLD RAINBOW HOTELS BAR RATE|APARTMENT SUITE  - 638SQFT - 59SQM - KING AND SOFA BED - CITY VIEW - SLEEPS 3,Apartment
32785,GLOBAL PROGRAM|ONE BEDROOM APARTMENT,Apartment
32789,BREAKFAST PLUS|ONE BEDROOM APARTMENT,Apartment
32790,GLOBAL PROGRAM|TWO BEDROOM APARTMENT,Apartment
32793,AAA MEMBERSHIP RATE|APARTMENT SUITE  - 638SQFT - 59SQM - KING AND SOFA BED - CITY VIEW - SLEEPS 3,Apartment
32832,GLOBAL PROGRAM|ONE BEDROOM APARTMENT,Apartment
32833,MRATE AVAIL FLEXIBLE RATE - BB|STANDARD APARTMENT WITH ONE DOUBLE BED,Apartment
32834,MRATE AVAIL FLEXIBLE RATE|STANDARD APARTMENT WITH ONE DOUBLE BED,Apartment
32835,MRATE AVAIL FLEXIBLE RATE|STANDARD APARTMENT WITH TWIN BEDS,Apartment
32836,MRATE AVAIL FLEXIBLE RATE - BB|STANDARD APARTMENT WITH TWIN BEDS,Apartment
32896,GOVERNMENT RATE|EMPLOYEE ID REQUIRED AT CHECK IN DELUXE ONE KING BEDROOM HARBOUR VIEW APARTMENT,Apartment
32917,BEST AVAILABLE RATE|ONE BEDROOM APARTMENT 1X QUEEN,Apartment
32949,BEST AVAILABLE RATE|TWO BEDROOM APARTMENT 1X QUEEN 2X SINGLE,Apartment
32960,GLOBAL PROGRAM|DELUXE ONE KING BEDROOM HARBOUR VIEW APARTMENT,Apartment
33001,OUR BEST AVAILABLE RATE|LUXURY SUITE APPROX 1700 SQFT -PANORAMIC VIEWS KING BED - SEP LIVING ROOM W PULL OUT SOFA,Luxury Suite
33007,OUR BEST AVAILABLE RATE|LUXURY SUITE APPROX 1700 SQFT -PANORAMIC VIEWS 2 KING BEDROOMS - LIVING AREA W PULL OUT SOFA,Luxury Suite
33013,FLEXIBLE RATE|1 KING PLAZA LUXURY SUITE - HISTORIC PANTLIND 1000 SQ FT - SITTING AREA - FRIDGE - 2 TVS,Luxury Suite
33016,WORLD RAINBOW BAR RATE|LUXURY SUITE APPROX 1700 SQFT -PANORAMIC VIEWS KING BED - SEP LIVING ROOM W PULL OUT SOFA,Luxury Suite
33017,AAA DISCOUNT|LUXURY SUITE APPROX 1700 SQFT -PANORAMIC VIEWS KING BED - SEP LIVING ROOM W PULL OUT SOFA,Luxury Suite
33039,2X POINTS|1 KING PLAZA LUXURY SUITE - HISTORIC PANTLIND 1000 SQ FT - SITTING AREA - FRIDGE - 2 TVS,Luxury Suite
33116,FLEXIBLE RATE|1 KING PLAZA LUXURY SUITE - HISTORIC PANTLIND 1000 SQ FT - SITTING AREA - FRIDGE - 2 TVS,Luxury Suite
33127,2X POINTS|1 KING PLAZA LUXURY SUITE - HISTORIC PANTLIND 1000 SQ FT - SITTING AREA - FRIDGE - 2 TVS,Luxury Suite
33128,BREAKFAST INCLUDED|1 KING PLAZA LUXURY SUITE - HISTORIC PANTLIND 1000 SQ FT - SITTING AREA - FRIDGE - 2 TVS,Luxury Suite
33153,OUR BEST AVAILABLE RATE|LUXURY SUITE APPROX 1700 SQFT -PANORAMIC VIEWS KING BED - SEP LIVING ROOM W PULL OUT SOFA,Luxury Suite
33159,SEMI-FLEX|1 KING PLAZA LUXURY SUITE - HISTORIC PANTLIND 1000 SQ FT - SITTING AREA - FRIDGE - 2 TVS,Luxury Suite
33245,OUR BEST AVAILABLE RATE|LUXURY SUITE APPROX 1700 SQFT -PANORAMIC VIEWS 2 KING BEDROOMS - LIVING AREA W PULL OUT SOFA,Luxury Suite
33265,GET REAL EXPERIENCE IT ALL|LUXURY SUITE,Luxury Suite
33275,FLEXIBLE RATE|1 KING/2 QUEENS TWO BEDROOM PRESIDENTIAL STE 25USD RSRT CHG-OFFICE-FULL KITCHN-FIREPLACE,Luxury Suite
33296,GET REAL EXPERIENCE IT ALL|LUXURY SUITE,Luxury Suite
33298,STANDARD RATE|KING-LUXURY SUITE-FIREPLACE-WHIRLPOOL-NSK,Luxury Suite
33311,FLEXIBLE RATE|LUXURY SUITE,Luxury Suite
33365,AAA-CAA|PROOF OF MEMBERSHIP REQUIRED AT CHECK-IN LUXURY SUITE,Luxury Suite
33368,AAA DISCOUNT|LUXURY SUITE APPROX 1700 SQFT -PANORAMIC VIEWS KING BED - SEP LIVING ROOM W PULL OUT SOFA,Luxury Suite
33369,WORLD RAINBOW BAR RATE|LUXURY SUITE APPROX 1700 SQFT -PANORAMIC VIEWS KING BED - SEP LIVING ROOM W PULL OUT SOFA,Luxury Suite
33373,FLEXIBLE RATE|LUXURY SUITE,Luxury Suite
33389,GET REAL EXPERIENCE IT ALL|LUXURY SUITE,Luxury Suite
33401,WOLFGANG PUCK PKG|1 KING PLAZA LUXURY SUITE - HISTORIC PANTLIND 1000 SQ FT - SITTING AREA - FRIDGE - 2 TVS,Luxury Suite
33408,ROOM RATE|PRESIDENTIAL STE KING-29TH FLOOR SEPARATE LIVING ROOM AND BEDROOM-FREE WIFI,Luxury Suite
33416,BEST AVAILABLE RATE|LUXURY SUITE APPROX 1700 SQFT -PANORAMIC VIEWS KING BED - SEP LIVING ROOM W PULL OUT SOFA,Luxury Suite
33431,FLEXIBLE RATE|2 ROOM PRESIDENTIAL STE-1 KING BED-NONSMOKING BALCONY-WHIRLPOOL-SOFABED-REFRIG-MICROWAVE,Luxury Suite
33504,WORLD RAINBOW BAR RATE|LUXURY SUITE APPROX 1700 SQFT -PANORAMIC VIEWS 2 KING BEDROOMS - LIVING AREA W PULL OUT SOFA,Luxury Suite
33506,AAA DISCOUNT|LUXURY SUITE APPROX 1700 SQFT -PANORAMIC VIEWS 2 KING BEDROOMS - LIVING AREA W PULL OUT SOFA,Luxury Suite
33510,"REGULAR RATE|FLEXIBLE RATE, LUXURY SUITE, 2 BEDROOM LUXURY SUITE, CITY VIEW",Luxury Suite
33533,BEST AVAILABLE RATE|LUXURY SUITE APPROX 1700 SQFT -PANORAMIC VIEWS 2 KING BEDROOMS - LIVING AREA W PULL OUT SOFA,Luxury Suite
33566,"REGULAR RATE|FLEXIBLE RATE, LUXURY SUITE, 1 BEDROOM LUXURY SUITE, CITY VIEW",Luxury Suite
33616,BEST AVAILABLE RATE|GRAND LUXURY SUITE GARDEN VIEW KING BED,Luxury Suite
33620,FLEXIBLE RATE|LUXURY SUITE,Luxury Suite
33659,"REGULAR RATE|FLEXIBLE RATE, LUXURY SUITE, M CLUB LEVEL, 1 BEDROOM LUXURY SUITE",Luxury Suite
33684,"REGULAR RATE|FLEXIBLE RATE, LUXURY, SUITE, 1 KING",Luxury Suite
33727,BREAKFAST INCLUSIVE|LUXURY SUITE 65SQM700SFT LAGOON VIEW,Luxury Suite
33742,"REGULAR RATE|FLEXIBLE RATE, LUXURY SUITE, 1 BEDROOM LUXURY SUITE, 1 KING",Luxury Suite
33772,BEST AVAILABLE RATE ROOM ONLY|LUXURY SUITE 65SQM700SFT LAGOON VIEW,Luxury Suite
33858,SUPER SAVER PROMOTION|LUXURY SUITE 65SQM700SFT LAGOON VIEW,Luxury Suite
33860,SAVER PROMOTION|LUXURY SUITE 65SQM700SFT LAGOON VIEW,Luxury Suite
33868,BEST AVAILABLE RATE|LUXURY SUITE,Luxury Suite
33871,FLEXIBLE RATE|LUXURY SUITE,Luxury Suite
33891,MRATE AVAIL BEST AVAILABLE RAT|LUXURY SUITE,Luxury Suite
33896,FLEXIBLE RATE|1 KING 1 BEDROOM PRESIDENTIAL STE - 2500 SQFT LIVING ROOM - DINING ROOM - PRIVATE BALCONY,Luxury Suite
33907,FAMILY BREAK - KIDS ROOM FREE|LUXURY SUITE -1 KING BED -110SQM 1200SQF VIEWS OF THE TOWN HALL-LIVING ROOM-FREE WIFI,Luxury Suite
33908,FLEXIBLE RATE - SUITE BENEFITS|LUXURY SUITE -1 KING BED -110SQM 1200SQF VIEWS OF THE TOWN HALL-LIVING ROOM-FREE WIFI,Luxury Suite
33910,"REGULAR RATE|FLEXIBLE RATE, LUXURY SUITE, 1 BEDROOM LUXURY SUITE, 1 KING",Luxury Suite
33931,DREAM AWAY|LUXURY SUITE WIFI/LOUNGE ACCESS/113 SQM/AC/ESPRESSO/2ND WC,Luxury Suite
33933,FLEXIBLE RATE|LUXURY SUITE WIFI/LOUNGE ACCESS/113 SQM/AC/ESPRESSO/2ND WC,Luxury Suite
33938,AD - BEST AVAILABLE RATE|LUXURY SUITE -SPECIAL OFFER,Luxury Suite
33974,"REGULAR RATE|FLEXIBLE RATE, LUXURY SUITE, CLUB LOUNGE ACCESS, 1 KING, GOLF VIEW",Luxury Suite
34040,BEST FLEXIBLE RATE|SPECIALTY ROOM WHEN YOU ARRIVE AT THE HOTEL WE WILL DO OUR BEST TO MEET YOUR ROOM TYPE PREFERENCE THIS IS SUBJECT TO,Run of the House
34041,1000 BONUS POINTS NT INCLUDES|ROOM AND 1000 REWARDS CLUB BONUS POINTS PER SPECIALTY ROOM WHEN YOU ARRIVE AT THE HOTEL WE WILL DO OUR BEST TO MEET YOUR ROOM TYPE PREFERENCE THIS IS SUBJECT TO,Run of the House
34050,"1000 BONUS POINTS NT INCLUDES|ROOM AND 1000 REWARDS CLUB BONUS POINTS PER 1 KING OR 2 QUEEN WHEN YOU ARRIVE, WE WILL DO OUR BEST TO MEET YOUR BED TYPE PREFERENCE, SUBJECT TO AVAILABILITY AND",Run of the House
34051,"BEST FLEXIBLE RATE|1 KING OR 2 QUEEN WHEN YOU ARRIVE, WE WILL DO OUR BEST TO MEET YOUR BED TYPE PREFERENCE, SUBJECT TO AVAILABILITY AND",Run of the House
34053,BEST FLEXIBLE RATE|SPECIALTY ROOM WHEN YOU ARRIVE AT THE HOTEL WE WILL DO OUR BEST TO MEET YOUR ROOM TYPE PREFERENCE THIS IS SUBJECT TO,Run of the House
34066,1000 BONUS POINTS NT INCLUDES|ROOM AND 1000 REWARDS CLUB BONUS POINTS PER SPECIALTY ROOM WHEN YOU ARRIVE AT THE HOTEL WE WILL DO OUR BEST TO MEET YOUR ROOM TYPE PREFERENCE THIS IS SUBJECT TO,Run of the House
34071,BEST FLEXIBLE RATE|SPECIALTY ROOM WHEN YOU ARRIVE AT THE HOTEL WE WILL DO OUR BEST TO MEET YOUR ROOM TYPE PREFERENCE. THIS IS SUBJECT TO,Run of the House
34073,1000 BONUS POINTS NT INCLUDES|ROOM AND 1000 REWARDS CLUB BONUS POINTS PER SPECIALTY ROOM WHEN YOU ARRIVE AT THE HOTEL WE WILL DO OUR BEST TO MEET YOUR ROOM TYPE PREFERENCE. THIS IS SUBJECT TO,Run of the House
34078,BEST FLEXIBLE RATE|SPECIALTY ROOM WHEN YOU ARRIVE AT THE HOTEL WE WILL DO OUR BEST TO MEET YOUR ROOM TYPE PREFERENCE THIS IS SUBJECT TO,Run of the House
34080,1000 BONUS POINTS NT INCLUDES|ROOM AND 1000 REWARDS CLUB BONUS POINTS PER SPECIALTY ROOM WHEN YOU ARRIVE AT THE HOTEL WE WILL DO OUR BEST TO MEET YOUR ROOM TYPE PREFERENCE THIS IS SUBJECT TO,Run of the House
34083,"BEST FLEXIBLE RATE|1 KING OR 2 QUEEN WHEN YOU ARRIVE, WE WILL DO OUR BEST TO MEET YOUR BED TYPE PREFERENCE, SUBJECT TO AVAILABILITY AND",Run of the House
34085,"MILITARY APPRECIATIO LEISURE|RATE FOR U.S. AND CANADIAN ACTIVE DUTY 1 KING OR 2 QUEEN WHEN YOU ARRIVE, WE WILL DO OUR BEST TO MEET YOUR BED TYPE PREFERENCE, SUBJECT TO AVAILABILITY AND",Run of the House
34087,BEST AVAILABLE RATE|RUN OF HOUSE KING OR TWO QUEEN -BED TYPE ASSIGNED AT CHECK IN,Run of the House
34089,"STATE GOVERNMENT|1 KING OR 2 QUEEN WHEN YOU ARRIVE, WE WILL DO OUR BEST TO MEET YOUR BED TYPE PREFERENCE, SUBJECT TO AVAILABILITY AND",Run of the House
34090,"GOVERNMENT RATE|1 KING OR 2 QUEEN WHEN YOU ARRIVE, WE WILL DO OUR BEST TO MEET YOUR BED TYPE PREFERENCE, SUBJECT TO AVAILABILITY AND",Run of the House
34094,"BEST FLEXIBLE RATE|1 KING OR 2 QUEEN WHEN YOU ARRIVE, WE WILL DO OUR BEST TO MEET YOUR BED TYPE PREFERENCE, SUBJECT TO AVAILABILITY AND",Run of the House
34101,1000 BONUS POINTS NT INCLUDES|ROOM AND 1000 REWARDS CLUB BONUS POINTS PER SPECIALTY ROOM WHEN YOU ARRIVE AT THE HOTEL WE WILL DO OUR BEST TO MEET YOUR ROOM TYPE PREFERENCE THIS IS SUBJECT TO,Run of the House
34104,"FEDROOMS|1 KING OR 2 QUEEN WHEN YOU ARRIVE, WE WILL DO OUR BEST TO MEET YOUR BED TYPE PREFERENCE, SUBJECT TO AVAILABILITY AND",Run of the House
34114,BEST FLEXIBLE RATE|SPECIALTY ROOM WHEN YOU ARRIVE AT THE HOTEL WE WILL DO OUR BEST TO MEET YOUR ROOM TYPE PREFERENCE THIS IS SUBJECT TO,Run of the House
34116,"BEST FLEXIBLE RATE|1 KING OR 2 QUEEN WHEN YOU ARRIVE, WE WILL DO OUR BEST TO MEET YOUR BED TYPE PREFERENCE, SUBJECT TO AVAILABILITY AND",Run of the House
34122,"1000 BONUS POINTS NT INCLUDES|ROOM AND 1000 REWARDS CLUB BONUS POINTS PER 1 KING OR 2 QUEEN WHEN YOU ARRIVE, WE WILL DO OUR BEST TO MEET YOUR BED TYPE PREFERENCE, SUBJECT TO AVAILABILITY AND",Run of the House
34123,"BEST FLEXIBLE RATE|1 KING OR 2 QUEEN WHEN YOU ARRIVE, WE WILL DO OUR BEST TO MEET YOUR BED TYPE PREFERENCE, SUBJECT TO AVAILABILITY AND",Run of the House
34126,BEST FLEXIBLE RATE|SPECIALTY ROOM WHEN YOU ARRIVE AT THE HOTEL WE WILL DO OUR BEST TO MEET YOUR ROOM TYPE PREFERENCE THIS IS SUBJECT TO,Run of the House
34130,"BEST FLEXIBLE RATE|1 KING OR 2 QUEEN WHEN YOU ARRIVE, WE WILL DO OUR BEST TO MEET YOUR BED TYPE PREFERENCE, SUBJECT TO AVAILABILITY AND",Run of the House
34134,"1000 BONUS POINTS NT INCLUDES|ROOM AND 1000 REWARDS CLUB BONUS POINTS PER 1 KING OR 2 QUEEN WHEN YOU ARRIVE, WE WILL DO OUR BEST TO MEET YOUR BED TYPE PREFERENCE, SUBJECT TO AVAILABILITY AND",Run of the House
34139,BEST FLEXIBLE RATE|SPECIALTY ROOM WHEN YOU ARRIVE AT THE HOTEL WE WILL DO OUR BEST TO MEET YOUR ROOM TYPE PREFERENCE THIS IS SUBJECT TO,Run of the House
34148,"1000 BONUS POINTS NT INCLUDES|ROOM AND 1000 REWARDS CLUB BONUS POINTS PER 1 KING OR 2 QUEEN WHEN YOU ARRIVE, WE WILL DO OUR BEST TO MEET YOUR BED TYPE PREFERENCE, SUBJECT TO AVAILABILITY AND",Run of the House
34149,"BEST FLEXIBLE RATE|1 KING OR 2 QUEEN WHEN YOU ARRIVE, WE WILL DO OUR BEST TO MEET YOUR BED TYPE PREFERENCE, SUBJECT TO AVAILABILITY AND",Run of the House
34150,"5000 RC BONUS INCLUDES ROOM|AND 5000 RC BONUS POINTS PER ANY CONSECUTIVE 1 KING OR 2 QUEEN WHEN YOU ARRIVE, WE WILL DO OUR BEST TO MEET YOUR BED TYPE PREFERENCE, SUBJECT TO AVAILABILITY AND",Run of the House
34155,BEST FLEXIBLE RATE|SPECIALTY ROOM WHEN YOU ARRIVE AT THE HOTEL WE WILL DO OUR BEST TO MEET YOUR ROOM TYPE PREFERENCE THIS IS SUBJECT TO,Run of the House
34161,"BEST FLEXIBLE RATE|1 KING OR 2 QUEEN WHEN YOU ARRIVE, WE WILL DO OUR BEST TO MEET YOUR BED TYPE PREFERENCE, SUBJECT TO AVAILABILITY AND",Run of the House
34162,"BEST FLEXIBLE RATE|1 KING OR 2 QUEEN WHEN YOU ARRIVE, WE WILL DO OUR BEST TO MEET YOUR BED TYPE PREFERENCE, SUBJECT TO AVAILABILITY AND",Run of the House
34163,"1000 BONUS POINTS NT INCLUDES|ROOM AND 1000 REWARDS CLUB BONUS POINTS PER 1 KING OR 2 QUEEN WHEN YOU ARRIVE, WE WILL DO OUR BEST TO MEET YOUR BED TYPE PREFERENCE, SUBJECT TO AVAILABILITY AND",Run of the House
34166,1000 BONUS POINTS NT INCLUDES|ROOM AND 1000 REWARDS CLUB BONUS POINTS PER SPECIALTY ROOM WHEN YOU ARRIVE AT THE HOTEL WE WILL DO OUR BEST TO MEET YOUR ROOM TYPE PREFERENCE THIS IS SUBJECT TO,Run of the House
34169,BEST FLEXIBLE RATE|SPECIALTY ROOM WHEN YOU ARRIVE AT THE HOTEL WE WILL DO OUR BEST TO MEET YOUR ROOM TYPE PREFERENCE THIS IS SUBJECT TO,Run of the House
34170,"BEST FLEXIBLE RATE|1 KING OR 2 QUEEN WHEN YOU ARRIVE, WE WILL DO OUR BEST TO MEET YOUR BED TYPE PREFERENCE, SUBJECT TO AVAILABILITY AND",Run of the House
34171,BEST FLEXIBLE RATE|SPECIALTY ROOM WHEN YOU ARRIVE AT THE HOTEL WE WILL DO OUR BEST TO MEET YOUR ROOM TYPE PREFERENCE THIS IS SUBJECT TO,Run of the House
34172,"1000 BONUS POINTS NT INCLUDES|ROOM AND 1000 REWARDS CLUB BONUS POINTS PER 1 KING OR 2 QUEEN WHEN YOU ARRIVE, WE WILL DO OUR BEST TO MEET YOUR BED TYPE PREFERENCE, SUBJECT TO AVAILABILITY AND",Run of the House
34178,1000 BONUS POINTS NT INCLUDES|ROOM AND 1000 REWARDS CLUB BONUS POINTS PER SPECIALTY ROOM WHEN YOU ARRIVE AT THE HOTEL WE WILL DO OUR BEST TO MEET YOUR ROOM TYPE PREFERENCE THIS IS SUBJECT TO,Run of the House
34179,"1000 BONUS POINTS NT INCLUDES|ROOM AND 1000 REWARDS CLUB BONUS POINTS PER 1 KING OR 2 QUEEN WHEN YOU ARRIVE, WE WILL DO OUR BEST TO MEET YOUR BED TYPE PREFERENCE, SUBJECT TO AVAILABILITY AND",Run of the House
34185,ADVANCE SAVER|SPECIALTY ROOM WHEN YOU ARRIVE AT THE HOTEL WE WILL DO OUR BEST TO MEET YOUR ROOM TYPE PREFERENCE THIS IS SUBJECT TO,Run of the House
34186,5000 RC BONUS INCLUDES ROOM|AND 5000 RC BONUS POINTS PER ANY CONSECUTIVE SPECIALTY ROOM WHEN YOU ARRIVE AT THE HOTEL WE WILL DO OUR BEST TO MEET YOUR ROOM TYPE PREFERENCE THIS IS SUBJECT TO,Run of the House
34187,ADVANCE SAVER|SPECIALTY ROOM WHEN YOU ARRIVE AT THE HOTEL WE WILL DO OUR BEST TO MEET YOUR ROOM TYPE PREFERENCE THIS IS SUBJECT TO,Run of the House
34190,"BEST FLEXIBLE RATE|1 KING OR 2 QUEEN WHEN YOU ARRIVE, WE WILL DO OUR BEST TO MEET YOUR BED TYPE PREFERENCE, SUBJECT TO AVAILABILITY AND",Run of the House
34193,BEST FLEXIBLE RATE|SPECIALTY ROOM WHEN YOU ARRIVE AT THE HOTEL WE WILL DO OUR BEST TO MEET YOUR ROOM TYPE PREFERENCE THIS IS SUBJECT TO,Run of the House
34194,BEST FLEXIBLE RATE|SPECIALTY ROOM WHEN YOU ARRIVE AT THE HOTEL WE WILL DO OUR BEST TO MEET YOUR ROOM TYPE PREFERENCE THIS IS SUBJECT TO,Run of the House
34196,1000 BONUS POINTS NT INCLUDES|ROOM AND 1000 REWARDS CLUB BONUS POINTS PER SPECIALTY ROOM WHEN YOU ARRIVE AT THE HOTEL WE WILL DO OUR BEST TO MEET YOUR ROOM TYPE PREFERENCE THIS IS SUBJECT TO,Run of the House
34198,"BEST FLEXIBLE RATE|1 KING OR 2 QUEEN WHEN YOU ARRIVE, WE WILL DO OUR BEST TO MEET YOUR BED TYPE PREFERENCE, SUBJECT TO AVAILABILITY AND",Run of the House
34199,"1000 BONUS POINTS NT INCLUDES|ROOM AND 1000 REWARDS CLUB BONUS POINTS PER 1 KING OR 2 QUEEN WHEN YOU ARRIVE, WE WILL DO OUR BEST TO MEET YOUR BED TYPE PREFERENCE, SUBJECT TO AVAILABILITY AND",Run of the House
34200,"ADVANCE SAVER|1 KING OR 2 QUEEN WHEN YOU ARRIVE, WE WILL DO OUR BEST TO MEET YOUR BED TYPE PREFERENCE, SUBJECT TO AVAILABILITY AND",Run of the House
34202,5000 RC BONUS INCLUDES ROOM|AND 5000 RC BONUS POINTS PER ANY CONSECUTIVE SPECIALTY ROOM WHEN YOU ARRIVE AT THE HOTEL WE WILL DO OUR BEST TO MEET YOUR ROOM TYPE PREFERENCE THIS IS SUBJECT TO,Run of the House
34204,"1000 BONUS POINTS NT INCLUDES|ROOM AND 1000 REWARDS CLUB BONUS POINTS PER 1 KING OR 2 QUEEN WHEN YOU ARRIVE, WE WILL DO OUR BEST TO MEET YOUR BED TYPE PREFERENCE, SUBJECT TO AVAILABILITY AND",Run of the House
34209,"BOOK NOW, PAY LATER|1 KING OR 2 QUEEN WHEN YOU ARRIVE, WE WILL DO OUR BEST TO MEET YOUR BED TYPE PREFERENCE, SUBJECT TO AVAILABILITY AND",Run of the House
34210,"BEST FLEXIBLE RATE|1 KING OR 2 QUEEN WHEN YOU ARRIVE, WE WILL DO OUR BEST TO MEET YOUR BED TYPE PREFERENCE, SUBJECT TO AVAILABILITY AND",Run of the House
34211,"1000 BONUS POINTS NT INCLUDES|ROOM AND 1000 REWARDS CLUB BONUS POINTS PER 1 KING OR 2 QUEEN WHEN YOU ARRIVE, WE WILL DO OUR BEST TO MEET YOUR BED TYPE PREFERENCE, SUBJECT TO AVAILABILITY AND",Run of the House
34214,BEST FLEXIBLE RATE|SPECIALTY ROOM WHEN YOU ARRIVE AT THE HOTEL WE WILL DO OUR BEST TO MEET YOUR ROOM TYPE PREFERENCE THIS IS SUBJECT TO,Run of the House
34215,"BEST FLEXIBLE RATE|1 KING OR 2 QUEEN WHEN YOU ARRIVE, WE WILL DO OUR BEST TO MEET YOUR BED TYPE PREFERENCE, SUBJECT TO AVAILABILITY AND",Run of the House
34218,1000 BONUS POINTS NT INCLUDES|ROOM AND 1000 REWARDS CLUB BONUS POINTS PER SPECIALTY ROOM WHEN YOU ARRIVE AT THE HOTEL WE WILL DO OUR BEST TO MEET YOUR ROOM TYPE PREFERENCE THIS IS SUBJECT TO,Run of the House
34219,BEST FLEXIBLE RATE|SPECIALTY ROOM WHEN YOU ARRIVE AT THE HOTEL WE WILL DO OUR BEST TO MEET YOUR ROOM TYPE PREFERENCE THIS IS SUBJECT TO,Run of the House
34222,"ADVANCE SAVER|1 KING OR 2 QUEEN WHEN YOU ARRIVE, WE WILL DO OUR BEST TO MEET YOUR BED TYPE PREFERENCE, SUBJECT TO AVAILABILITY AND",Run of the House
34225,1000 BONUS POINTS NT INCLUDES|ROOM AND 1000 REWARDS CLUB BONUS POINTS PER SPECIALTY ROOM WHEN YOU ARRIVE AT THE HOTEL WE WILL DO OUR BEST TO MEET YOUR ROOM TYPE PREFERENCE THIS IS SUBJECT TO,Run of the House
34227,"BOOK NOW, PAY LATER|SPECIALTY ROOM WHEN YOU ARRIVE AT THE HOTEL WE WILL DO OUR BEST TO MEET YOUR ROOM TYPE PREFERENCE THIS IS SUBJECT TO",Run of the House
34230,TMC 7 LRA|SPECIALTY ROOM WHEN YOU ARRIVE AT THE HOTEL WE WILL DO OUR BEST TO MEET YOUR ROOM TYPE PREFERENCE THIS IS SUBJECT TO,Run of the House
34232,"STATE GOVERNMENT|1 KING OR 2 QUEEN WHEN YOU ARRIVE, WE WILL DO OUR BEST TO MEET YOUR BED TYPE PREFERENCE, SUBJECT TO AVAILABILITY AND",Run of the House
34233,"GOVERNMENT RATE|1 KING OR 2 QUEEN WHEN YOU ARRIVE, WE WILL DO OUR BEST TO MEET YOUR BED TYPE PREFERENCE, SUBJECT TO AVAILABILITY AND",Run of the House
34234,"MILITARY APPRECIATIO LEISURE|RATE FOR U.S. AND CANADIAN ACTIVE DUTY 1 KING OR 2 QUEEN WHEN YOU ARRIVE, WE WILL DO OUR BEST TO MEET YOUR BED TYPE PREFERENCE, SUBJECT TO AVAILABILITY AND",Run of the House
34238,"1000 BONUS POINTS NT INCLUDES|ROOM AND 1000 REWARDS CLUB BONUS POINTS PER 1 KING OR 2 QUEEN WHEN YOU ARRIVE, WE WILL DO OUR BEST TO MEET YOUR BED TYPE PREFERENCE, SUBJECT TO AVAILABILITY AND",Run of the House
34239,"1000 BONUS POINTS NT INCLUDES|ROOM AND 1000 REWARDS CLUB BONUS POINTS PER 1 KING OR 2 QUEEN WHEN YOU ARRIVE, WE WILL DO OUR BEST TO MEET YOUR BED TYPE PREFERENCE, SUBJECT TO AVAILABILITY AND",Run of the House
34242,"1000 BONUS POINTS NT INCLUDES|ROOM AND 1000 REWARDS CLUB BONUS POINTS PER 1 KING OR 2 QUEEN WHEN YOU ARRIVE, WE WILL DO OUR BEST TO MEET YOUR BED TYPE PREFERENCE, SUBJECT TO AVAILABILITY AND",Run of the House
34243,1000 BONUS POINTS NT INCLUDES|ROOM AND 1000 REWARDS CLUB BONUS POINTS PER SPECIALTY ROOM WHEN YOU ARRIVE AT THE HOTEL WE WILL DO OUR BEST TO MEET YOUR ROOM TYPE PREFERENCE THIS IS SUBJECT TO,Run of the House
34244,5000 RC BONUS INCLUDES ROOM|AND 5000 RC BONUS POINTS PER ANY CONSECUTIVE SPECIALTY ROOM WHEN YOU ARRIVE AT THE HOTEL WE WILL DO OUR BEST TO MEET YOUR ROOM TYPE PREFERENCE THIS IS SUBJECT TO,Run of the House
34246,"ADVANCE SAVER|1 KING OR 2 QUEEN WHEN YOU ARRIVE, WE WILL DO OUR BEST TO MEET YOUR BED TYPE PREFERENCE, SUBJECT TO AVAILABILITY AND",Run of the House
34248,TMC 7 LRA|SPECIALTY ROOM WHEN YOU ARRIVE AT THE HOTEL WE WILL DO OUR BEST TO MEET YOUR ROOM TYPE PREFERENCE THIS IS SUBJECT TO,Run of the House
34258,1000 BONUS POINTS NT INCLUDES|ROOM AND 1000 REWARDS CLUB BONUS POINTS PER SPECIALTY ROOM WHEN YOU ARRIVE AT THE HOTEL WE WILL DO OUR BEST TO MEET YOUR ROOM TYPE PREFERENCE THIS IS SUBJECT TO,Run of the House
34260,"FEDROOMS|1 KING OR 2 QUEEN WHEN YOU ARRIVE, WE WILL DO OUR BEST TO MEET YOUR BED TYPE PREFERENCE, SUBJECT TO AVAILABILITY AND",Run of the House
34262,"AAA MEMBERSHIP RATE|1 KING OR 2 QUEEN WHEN YOU ARRIVE, WE WILL DO OUR BEST TO MEET YOUR BED TYPE PREFERENCE, SUBJECT TO AVAILABILITY AND",Run of the House
34263,1000 BONUS POINTS NT INCLUDES|ROOM AND 1000 REWARDS CLUB BONUS POINTS PER SPECIALTY ROOM WHEN YOU ARRIVE AT THE HOTEL WE WILL DO OUR BEST TO MEET YOUR ROOM TYPE PREFERENCE THIS IS SUBJECT TO,Run of the House
34267,TMC 7 LRA|SPECIALTY ROOM WHEN YOU ARRIVE AT THE HOTEL WE WILL DO OUR BEST TO MEET YOUR ROOM TYPE PREFERENCE THIS IS SUBJECT TO,Run of the House
34270,"BOOK NOW, PAY LATER|1 KING OR 2 QUEEN WHEN YOU ARRIVE, WE WILL DO OUR BEST TO MEET YOUR BED TYPE PREFERENCE, SUBJECT TO AVAILABILITY AND",Run of the House
34272,"MILITARY APPRECIATIO LEISURE|RATE FOR U.S. AND CANADIAN ACTIVE DUTY 1 KING OR 2 QUEEN WHEN YOU ARRIVE, WE WILL DO OUR BEST TO MEET YOUR BED TYPE PREFERENCE, SUBJECT TO AVAILABILITY AND",Run of the House
34273,"GOVERNMENT RATE|1 KING OR 2 QUEEN WHEN YOU ARRIVE, WE WILL DO OUR BEST TO MEET YOUR BED TYPE PREFERENCE, SUBJECT TO AVAILABILITY AND",Run of the House
34275,"STATE GOVERNMENT|1 KING OR 2 QUEEN WHEN YOU ARRIVE, WE WILL DO OUR BEST TO MEET YOUR BED TYPE PREFERENCE, SUBJECT TO AVAILABILITY AND",Run of the House
34277,"5000 RC BONUS INCLUDES ROOM|AND 5000 RC BONUS POINTS PER ANY CONSECUTIVE 1 KING OR 2 QUEEN WHEN YOU ARRIVE, WE WILL DO OUR BEST TO MEET YOUR BED TYPE PREFERENCE, SUBJECT TO AVAILABILITY AND",Run of the House
34283,"MILITARY APPRECIATIO LEISURE|RATE FOR U.S. AND CANADIAN ACTIVE DUTY 1 KING OR 2 QUEEN WHEN YOU ARRIVE, WE WILL DO OUR BEST TO MEET YOUR BED TYPE PREFERENCE, SUBJECT TO AVAILABILITY AND",Run of the House
34284,"GOVERNMENT RATE|1 KING OR 2 QUEEN WHEN YOU ARRIVE, WE WILL DO OUR BEST TO MEET YOUR BED TYPE PREFERENCE, SUBJECT TO AVAILABILITY AND",Run of the House
34286,BEST FLEXIBLE RATE|SPECIALTY ROOM WHEN YOU ARRIVE AT THE HOTEL WE WILL DO OUR BEST TO MEET YOUR ROOM TYPE PREFERENCE THIS IS SUBJECT TO,Run of the House
34288,"STATE GOVERNMENT|1 KING OR 2 QUEEN WHEN YOU ARRIVE, WE WILL DO OUR BEST TO MEET YOUR BED TYPE PREFERENCE, SUBJECT TO AVAILABILITY AND",Run of the House
34291,"ADVANCE SAVER|1 KING OR 2 QUEEN WHEN YOU ARRIVE, WE WILL DO OUR BEST TO MEET YOUR BED TYPE PREFERENCE, SUBJECT TO AVAILABILITY AND",Run of the House
34292,WALMART STORES INCORPORATED|GOLD SPECIALTY ROOM WHEN YOU ARRIVE AT THE HOTEL WE WILL DO OUR BEST TO MEET YOUR ROOM TYPE PREFERENCE THIS IS SUBJECT TO,Run of the House
34293,"ADVANCE SAVER|1 KING OR 2 QUEEN WHEN YOU ARRIVE, WE WILL DO OUR BEST TO MEET YOUR BED TYPE PREFERENCE, SUBJECT TO AVAILABILITY AND",Run of the House
34296,ADVANCE SAVER|SPECIALTY ROOM WHEN YOU ARRIVE AT THE HOTEL WE WILL DO OUR BEST TO MEET YOUR ROOM TYPE PREFERENCE THIS IS SUBJECT TO,Run of the House
34297,TMC 7 LRA|SPECIALTY ROOM WHEN YOU ARRIVE AT THE HOTEL WE WILL DO OUR BEST TO MEET YOUR ROOM TYPE PREFERENCE THIS IS SUBJECT TO,Run of the House
34301,1000 BONUS POINTS NT INCLUDES|ROOM AND 1000 REWARDS CLUB BONUS POINTS PER SPECIALTY ROOM WHEN YOU ARRIVE AT THE HOTEL WE WILL DO OUR BEST TO MEET YOUR ROOM TYPE PREFERENCE THIS IS SUBJECT TO,Run of the House
34303,BEST FLEXIBLE RATE|SPECIALTY ROOM WHEN YOU ARRIVE AT THE HOTEL WE WILL DO OUR BEST TO MEET YOUR ROOM TYPE PREFERENCE THIS IS SUBJECT TO,Run of the House
34304,ADVANCE SAVER|SPECIALTY ROOM WHEN YOU ARRIVE AT THE HOTEL WE WILL DO OUR BEST TO MEET YOUR ROOM TYPE PREFERENCE THIS IS SUBJECT TO,Run of the House
34305,5000 RC BONUS INCLUDES ROOM|AND 5000 RC BONUS POINTS PER ANY CONSECUTIVE SPECIALTY ROOM WHEN YOU ARRIVE AT THE HOTEL WE WILL DO OUR BEST TO MEET YOUR ROOM TYPE PREFERENCE THIS IS SUBJECT TO,Run of the House
34308,"ADVANCE SAVER|1 KING OR 2 QUEEN WHEN YOU ARRIVE, WE WILL DO OUR BEST TO MEET YOUR BED TYPE PREFERENCE, SUBJECT TO AVAILABILITY AND",Run of the House
34309,"STAY LONGER SAVE SPECIAL|SAVINGS WHEN YOU STAY LONGER AND RESERVE IN 1 KING OR 2 QUEEN WHEN YOU ARRIVE, WE WILL DO OUR BEST TO MEET YOUR BED TYPE PREFERENCE, SUBJECT TO AVAILABILITY AND",Run of the House
34312,"MILITARY APPRECIATIO LEISURE|RATE FOR U.S. AND CANADIAN ACTIVE DUTY 1 KING OR 2 QUEEN WHEN YOU ARRIVE, WE WILL DO OUR BEST TO MEET YOUR BED TYPE PREFERENCE, SUBJECT TO AVAILABILITY AND",Run of the House
34313,ADVANCE SAVER|SPECIALTY ROOM WHEN YOU ARRIVE AT THE HOTEL WE WILL DO OUR BEST TO MEET YOUR ROOM TYPE PREFERENCE THIS IS SUBJECT TO,Run of the House
34316,"STATE GOVERNMENT|1 KING OR 2 QUEEN WHEN YOU ARRIVE, WE WILL DO OUR BEST TO MEET YOUR BED TYPE PREFERENCE, SUBJECT TO AVAILABILITY AND",Run of the House
34317,"GOVERNMENT RATE|1 KING OR 2 QUEEN WHEN YOU ARRIVE, WE WILL DO OUR BEST TO MEET YOUR BED TYPE PREFERENCE, SUBJECT TO AVAILABILITY AND",Run of the House
34318,"WALMART STORES INCORPORATED|GOLD 1 KING OR 2 QUEEN WHEN YOU ARRIVE, WE WILL DO OUR BEST TO MEET YOUR BED TYPE PREFERENCE, SUBJECT TO AVAILABILITY AND",Run of the House
34321,"ADVANCE SAVER|1 KING OR 2 QUEEN WHEN YOU ARRIVE, WE WILL DO OUR BEST TO MEET YOUR BED TYPE PREFERENCE, SUBJECT TO AVAILABILITY AND",Run of the House
34328,WALMART STORES INCORPORATED|GOLD SPECIALTY ROOM WHEN YOU ARRIVE AT THE HOTEL WE WILL DO OUR BEST TO MEET YOUR ROOM TYPE PREFERENCE THIS IS SUBJECT TO,Run of the House
34331,MILITARY APPRECIATIO LEISURE|RATE FOR U.S. AND CANADIAN ACTIVE DUTY SPECIALTY ROOM WHEN YOU ARRIVE AT THE HOTEL WE WILL DO OUR BEST TO MEET YOUR ROOM TYPE PREFERENCE THIS IS SUBJECT TO,Run of the House
34332,ADVANCE SAVER|SPECIALTY ROOM WHEN YOU ARRIVE AT THE HOTEL WE WILL DO OUR BEST TO MEET YOUR ROOM TYPE PREFERENCE THIS IS SUBJECT TO,Run of the House
34333,1000 BONUS POINTS NT INCLUDES|ROOM AND 1000 REWARDS CLUB BONUS POINTS PER SPECIALTY ROOM WHEN YOU ARRIVE AT THE HOTEL WE WILL DO OUR BEST TO MEET YOUR ROOM TYPE PREFERENCE THIS IS SUBJECT TO,Run of the House
34334,"BEST FLEXIBLE RATE|1 KING OR 2 QUEEN WHEN YOU ARRIVE, WE WILL DO OUR BEST TO MEET YOUR BED TYPE PREFERENCE, SUBJECT TO AVAILABILITY AND",Run of the House
34335,"BOOK NOW, PAY LATER|SPECIALTY ROOM WHEN YOU ARRIVE AT THE HOTEL WE WILL DO OUR BEST TO MEET YOUR ROOM TYPE PREFERENCE THIS IS SUBJECT TO",Run of the House
34336,"WALMART STORES INCORPORATED|1 KING OR 2 QUEEN WHEN YOU ARRIVE, WE WILL DO OUR BEST TO MEET YOUR BED TYPE PREFERENCE, SUBJECT TO AVAILABILITY AND",Run of the House
34337,WALMART STORES INCORPORATED|GOLD SPECIALTY ROOM WHEN YOU ARRIVE AT THE HOTEL WE WILL DO OUR BEST TO MEET YOUR ROOM TYPE PREFERENCE THIS IS SUBJECT TO,Run of the House
34338,"WALMART STORES INCORPORATED|GOLD 1 KING OR 2 QUEEN WHEN YOU ARRIVE, WE WILL DO OUR BEST TO MEET YOUR BED TYPE PREFERENCE, SUBJECT TO AVAILABILITY AND",Run of the House
34339,"ADVANCE SAVER|1 KING OR 2 QUEEN WHEN YOU ARRIVE, WE WILL DO OUR BEST TO MEET YOUR BED TYPE PREFERENCE, SUBJECT TO AVAILABILITY AND",Run of the House
34340,"ADVANCE SAVER|1 KING OR 2 QUEEN WHEN YOU ARRIVE, WE WILL DO OUR BEST TO MEET YOUR BED TYPE PREFERENCE, SUBJECT TO AVAILABILITY AND",Run of the House
34341,CWT|SPECIALTY ROOM WHEN YOU ARRIVE AT THE HOTEL WE WILL DO OUR BEST TO MEET YOUR ROOM TYPE PREFERENCE THIS IS SUBJECT TO,Run of the House
34345,5000 RC BONUS INCLUDES ROOM|AND 5000 RC BONUS POINTS PER ANY CONSECUTIVE SPECIALTY ROOM WHEN YOU ARRIVE AT THE HOTEL WE WILL DO OUR BEST TO MEET YOUR ROOM TYPE PREFERENCE THIS IS SUBJECT TO,Run of the House
34346,ADVANCE SAVER|SPECIALTY ROOM WHEN YOU ARRIVE AT THE HOTEL WE WILL DO OUR BEST TO MEET YOUR ROOM TYPE PREFERENCE THIS IS SUBJECT TO,Run of the House
34347,"1000 BONUS POINTS NT INCLUDES|ROOM AND 1000 REWARDS CLUB BONUS POINTS PER 1 KING OR 2 QUEEN WHEN YOU ARRIVE, WE WILL DO OUR BEST TO MEET YOUR BED TYPE PREFERENCE, SUBJECT TO AVAILABILITY AND",Run of the House
34348,ADVANCE SAVER|SPECIALTY ROOM WHEN YOU ARRIVE AT THE HOTEL WE WILL DO OUR BEST TO MEET YOUR ROOM TYPE PREFERENCE. THIS IS SUBJECT TO,Run of the House
34351,"1000 BONUS POINTS NT INCLUDES|ROOM AND 1000 REWARDS CLUB BONUS POINTS PER 1 KING OR 2 QUEEN WHEN YOU ARRIVE, WE WILL DO OUR BEST TO MEET YOUR BED TYPE PREFERENCE, SUBJECT TO AVAILABILITY AND",Run of the House
34355,"MILITARY APPRECIATIO LEISURE|RATE FOR U.S. AND CANADIAN ACTIVE DUTY 1 KING OR 2 QUEEN WHEN YOU ARRIVE, WE WILL DO OUR BEST TO MEET YOUR BED TYPE PREFERENCE, SUBJECT TO AVAILABILITY AND",Run of the House
34358,"ADVANCE SAVER|1 KING OR 2 QUEEN WHEN YOU ARRIVE, WE WILL DO OUR BEST TO MEET YOUR BED TYPE PREFERENCE, SUBJECT TO AVAILABILITY AND",Run of the House
34361,"1000 BONUS POINTS NT INCLUDES|ROOM AND 1000 REWARDS CLUB BONUS POINTS PER 1 KING OR 2 QUEEN WHEN YOU ARRIVE, WE WILL DO OUR BEST TO MEET YOUR BED TYPE PREFERENCE, SUBJECT TO AVAILABILITY AND",Run of the House
34363,"BEST FLEXIBLE RATE|1 KING OR 2 QUEEN WHEN YOU ARRIVE, WE WILL DO OUR BEST TO MEET YOUR BED TYPE PREFERENCE, SUBJECT TO AVAILABILITY AND",Run of the House
34364,"GOVERNMENT RATE|1 KING OR 2 QUEEN WHEN YOU ARRIVE, WE WILL DO OUR BEST TO MEET YOUR BED TYPE PREFERENCE, SUBJECT TO AVAILABILITY AND",Run of the House
34365,"FEDROOMS|1 KING OR 2 QUEEN WHEN YOU ARRIVE, WE WILL DO OUR BEST TO MEET YOUR BED TYPE PREFERENCE, SUBJECT TO AVAILABILITY AND",Run of the House
34366,"STATE GOVERNMENT|1 KING OR 2 QUEEN WHEN YOU ARRIVE, WE WILL DO OUR BEST TO MEET YOUR BED TYPE PREFERENCE, SUBJECT TO AVAILABILITY AND",Run of the House
34371,"STAY LONGER SAVE SPECIAL|SAVINGS WHEN YOU STAY LONGER AND RESERVE IN 1 KING OR 2 QUEEN WHEN YOU ARRIVE, WE WILL DO OUR BEST TO MEET YOUR BED TYPE PREFERENCE, SUBJECT TO AVAILABILITY AND",Run of the House
34374,"BOOK NOW, PAY LATER|1 KING OR 2 QUEEN WHEN YOU ARRIVE, WE WILL DO OUR BEST TO MEET YOUR BED TYPE PREFERENCE, SUBJECT TO AVAILABILITY AND",Run of the House
34376,"WALMART STORES INCORPORATED|1 KING OR 2 QUEEN WHEN YOU ARRIVE, WE WILL DO OUR BEST TO MEET YOUR BED TYPE PREFERENCE, SUBJECT TO AVAILABILITY AND",Run of the House
34378,BEST FLEXIBLE RATE|1 KING OR 2 QUEEN WHEN YOU ARRIVE WE WILL DO OUR BEST TO MEET YOUR BED TYPE PREFERENCE SUBJECT TO AVAILABILITY AND,Run of the House
34379,"WALMART STORES INCORPORATED|GOLD 1 KING OR 2 QUEEN WHEN YOU ARRIVE, WE WILL DO OUR BEST TO MEET YOUR BED TYPE PREFERENCE, SUBJECT TO AVAILABILITY AND",Run of the House
34382,1000 BONUS POINTS NT INCLUDES|ROOM AND 1000 REWARDS CLUB BONUS POINTS PER 1 KING OR 2 QUEEN WHEN YOU ARRIVE WE WILL DO OUR BEST TO MEET YOUR BED TYPE PREFERENCE SUBJECT TO AVAILABILITY AND,Run of the House
34383,"5000 RC BONUS INCLUDES ROOM|AND 5000 RC BONUS POINTS PER ANY CONSECUTIVE 1 KING OR 2 QUEEN WHEN YOU ARRIVE, WE WILL DO OUR BEST TO MEET YOUR BED TYPE PREFERENCE, SUBJECT TO AVAILABILITY AND",Run of the House
34389,CWT|SPECIALTY ROOM WHEN YOU ARRIVE AT THE HOTEL WE WILL DO OUR BEST TO MEET YOUR ROOM TYPE PREFERENCE THIS IS SUBJECT TO,Run of the House
34390,"WALMART STORES INCORPORATED|1 KING OR 2 QUEEN WHEN YOU ARRIVE, WE WILL DO OUR BEST TO MEET YOUR BED TYPE PREFERENCE, SUBJECT TO AVAILABILITY AND",Run of the House
34391,"WALMART STORES INCORPORATED|GOLD 1 KING OR 2 QUEEN WHEN YOU ARRIVE, WE WILL DO OUR BEST TO MEET YOUR BED TYPE PREFERENCE, SUBJECT TO AVAILABILITY AND",Run of the House
34392,BEST FLEXIBLE RATE|SPECIALTY ROOM WHEN YOU ARRIVE AT THE HOTEL WE WILL DO OUR BEST TO MEET YOUR ROOM TYPE PREFERENCE THIS IS SUBJECT TO,Run of the House
34393,BEST FLEXIBLE RATE|SPECIALTY ROOM WHEN YOU ARRIVE AT THE HOTEL WE WILL DO OUR BEST TO MEET YOUR ROOM TYPE PREFERENCE THIS IS SUBJECT TO,Run of the House
34395,"AAA MEMBERSHIP RATE|1 KING OR 2 QUEEN WHEN YOU ARRIVE, WE WILL DO OUR BEST TO MEET YOUR BED TYPE PREFERENCE, SUBJECT TO AVAILABILITY AND",Run of the House
34398,5000 RC BONUS INCLUDES ROOM|AND 5000 RC BONUS POINTS PER ANY CONSECUTIVE SPECIALTY ROOM WHEN YOU ARRIVE AT THE HOTEL WE WILL DO OUR BEST TO MEET YOUR ROOM TYPE PREFERENCE. THIS IS SUBJECT TO,Run of the House
34400,TMC 7 LRA|SPECIALTY ROOM WHEN YOU ARRIVE AT THE HOTEL WE WILL DO OUR BEST TO MEET YOUR ROOM TYPE PREFERENCE THIS IS SUBJECT TO,Run of the House
34401,BEST FLEXIBLE RATE|DELUXE ROOM AN UPGRADE FROM OUR STANDARD ROOMS. BED TYPE CANNOT BE GUARANTEED AS IT WILL BE ALLOCATED ON ARRIVAL,Run of the House
34402,1000 BONUS POINTS NT INCLUDES|ROOM AND 1000 REWARDS CLUB BONUS POINTS PER SPECIALTY ROOM WHEN YOU ARRIVE AT THE HOTEL WE WILL DO OUR BEST TO MEET YOUR ROOM TYPE PREFERENCE THIS IS SUBJECT TO,Run of the House
34403,TMC 7 LRA|SPECIALTY ROOM WHEN YOU ARRIVE AT THE HOTEL WE WILL DO OUR BEST TO MEET YOUR ROOM TYPE PREFERENCE THIS IS SUBJECT TO,Run of the House
34407,MILITARY APPRECIATIO LEISURE|RATE FOR U.S. AND CANADIAN ACTIVE DUTY SPECIALTY ROOM WHEN YOU ARRIVE AT THE HOTEL WE WILL DO OUR BEST TO MEET YOUR ROOM TYPE PREFERENCE THIS IS SUBJECT TO,Run of the House
34408,5000 RC BONUS INCLUDES ROOM|AND 5000 RC BONUS POINTS PER ANY CONSECUTIVE SPECIALTY ROOM WHEN YOU ARRIVE AT THE HOTEL WE WILL DO OUR BEST TO MEET YOUR ROOM TYPE PREFERENCE THIS IS SUBJECT TO,Run of the House
34409,"FEDROOMS|1 KING OR 2 QUEEN WHEN YOU ARRIVE, WE WILL DO OUR BEST TO MEET YOUR BED TYPE PREFERENCE, SUBJECT TO AVAILABILITY AND",Run of the House
34410,"FEDROOMS|1 KING OR 2 QUEEN WHEN YOU ARRIVE, WE WILL DO OUR BEST TO MEET YOUR BED TYPE PREFERENCE, SUBJECT TO AVAILABILITY AND",Run of the House
34414,STAY LONGER SAVE|SPECIALTY ROOM WHEN YOU ARRIVE AT THE HOTEL WE WILL DO OUR BEST TO MEET YOUR ROOM TYPE PREFERENCE THIS IS SUBJECT TO,Run of the House
34415,"MILITARY APPRECIATIO LEISURE|RATE FOR U.S. AND CANADIAN ACTIVE DUTY 1 KING OR 2 QUEEN WHEN YOU ARRIVE, WE WILL DO OUR BEST TO MEET YOUR BED TYPE PREFERENCE, SUBJECT TO AVAILABILITY AND",Run of the House
34416,WALMART STORES INCOR|SPECIALTY ROOM WHEN YOU ARRIVE AT THE HOTEL WE WILL DO OUR BEST TO MEET YOUR ROOM TYPE PREFERENCE THIS IS SUBJECT TO,Run of the House
34419,WALMART STORES INCORPORATED|GOLD SPECIALTY ROOM WHEN YOU ARRIVE AT THE HOTEL WE WILL DO OUR BEST TO MEET YOUR ROOM TYPE PREFERENCE THIS IS SUBJECT TO,Run of the House
34420,TMC 7 LRA|SPECIALTY ROOM WHEN YOU ARRIVE AT THE HOTEL WE WILL DO OUR BEST TO MEET YOUR ROOM TYPE PREFERENCE THIS IS SUBJECT TO,Run of the House
34421,FEDROOMS|SPECIALTY ROOM WHEN YOU ARRIVE AT THE HOTEL WE WILL DO OUR BEST TO MEET YOUR ROOM TYPE PREFERENCE THIS IS SUBJECT TO,Run of the House
34424,"STAY LONGER SAVE SPECIAL|SAVINGS WHEN YOU STAY LONGER AND RESERVE IN 1 KING OR 2 QUEEN WHEN YOU ARRIVE, WE WILL DO OUR BEST TO MEET YOUR BED TYPE PREFERENCE, SUBJECT TO AVAILABILITY AND",Run of the House
34425,5000 RC BONUS INCLUDES ROOM|AND 5000 RC BONUS POINTS PER ANY CONSECUTIVE SPECIALTY ROOM WHEN YOU ARRIVE AT THE HOTEL WE WILL DO OUR BEST TO MEET YOUR ROOM TYPE PREFERENCE THIS IS SUBJECT TO,Run of the House
34430,"FEDROOMS|1 KING OR 2 QUEEN WHEN YOU ARRIVE, WE WILL DO OUR BEST TO MEET YOUR BED TYPE PREFERENCE, SUBJECT TO AVAILABILITY AND",Run of the House
34431,MILITARY APPRECIATIO LEISURE|RATE FOR U.S. AND CANADIAN ACTIVE DUTY SPECIALTY ROOM WHEN YOU ARRIVE AT THE HOTEL WE WILL DO OUR BEST TO MEET YOUR ROOM TYPE PREFERENCE THIS IS SUBJECT TO,Run of the House
34433,CWT|SPECIALTY ROOM WHEN YOU ARRIVE AT THE HOTEL WE WILL DO OUR BEST TO MEET YOUR ROOM TYPE PREFERENCE THIS IS SUBJECT TO,Run of the House
34441,BEST FLEXIBLE RATE|SPECIALTY ROOM WHEN YOU ARRIVE AT THE HOTEL WE WILL DO OUR BEST TO MEET YOUR ROOM TYPE PREFERENCE THIS IS SUBJECT TO,Run of the House
34442,1000 BONUS POINTS NT INCLUDES|ROOM AND 1000 REWARDS CLUB BONUS POINTS PER SPECIALTY ROOM WHEN YOU ARRIVE AT THE HOTEL WE WILL DO OUR BEST TO MEET YOUR ROOM TYPE PREFERENCE THIS IS SUBJECT TO,Run of the House
34444,WALMART STORES INCORPORATED|GOLD SPECIALTY ROOM WHEN YOU ARRIVE AT THE HOTEL WE WILL DO OUR BEST TO MEET YOUR ROOM TYPE PREFERENCE THIS IS SUBJECT TO,Run of the House
34447,"5000 RC BONUS INCLUDES ROOM|AND 5000 RC BONUS POINTS PER ANY CONSECUTIVE 1 KING OR 2 QUEEN WHEN YOU ARRIVE, WE WILL DO OUR BEST TO MEET YOUR BED TYPE PREFERENCE, SUBJECT TO AVAILABILITY AND",Run of the House
34449,"ADVANCE SAVER|1 KING OR 2 QUEEN WHEN YOU ARRIVE, WE WILL DO OUR BEST TO MEET YOUR BED TYPE PREFERENCE, SUBJECT TO AVAILABILITY AND",Run of the House
34450,ADVANCE SAVER|SPECIALTY ROOM WHEN YOU ARRIVE AT THE HOTEL WE WILL DO OUR BEST TO MEET YOUR ROOM TYPE PREFERENCE THIS IS SUBJECT TO,Run of the House
34452,"STAY LONGER SAVE SPECIAL|SAVINGS WHEN YOU STAY LONGER AND RESERVE IN 1 KING OR 2 QUEEN WHEN YOU ARRIVE, WE WILL DO OUR BEST TO MEET YOUR BED TYPE PREFERENCE, SUBJECT TO AVAILABILITY AND",Run of the House
34454,TMC 7 LRA|SPECIALTY ROOM WHEN YOU ARRIVE AT THE HOTEL WE WILL DO OUR BEST TO MEET YOUR ROOM TYPE PREFERENCE THIS IS SUBJECT TO,Run of the House
34456,"MILITARY APPRECIATIO LEISURE|RATE FOR U.S. AND CANADIAN ACTIVE DUTY 1 KING OR 2 QUEEN WHEN YOU ARRIVE, WE WILL DO OUR BEST TO MEET YOUR BED TYPE PREFERENCE, SUBJECT TO AVAILABILITY AND",Run of the House
34457,"STATE GOVERNMENT|1 KING OR 2 QUEEN WHEN YOU ARRIVE, WE WILL DO OUR BEST TO MEET YOUR BED TYPE PREFERENCE, SUBJECT TO AVAILABILITY AND",Run of the House
34458,"FEDROOMS|1 KING OR 2 QUEEN WHEN YOU ARRIVE, WE WILL DO OUR BEST TO MEET YOUR BED TYPE PREFERENCE, SUBJECT TO AVAILABILITY AND",Run of the House
34459,"GOVERNMENT RATE|1 KING OR 2 QUEEN WHEN YOU ARRIVE, WE WILL DO OUR BEST TO MEET YOUR BED TYPE PREFERENCE, SUBJECT TO AVAILABILITY AND",Run of the House
34461,"5000 RC BONUS INCLUDES ROOM|AND 5000 RC BONUS POINTS PER ANY CONSECUTIVE 1 KING OR 2 QUEEN WHEN YOU ARRIVE, WE WILL DO OUR BEST TO MEET YOUR BED TYPE PREFERENCE, SUBJECT TO AVAILABILITY AND",Run of the House
34463,ADVANCE SAVER|SPECIALTY ROOM WHEN YOU ARRIVE AT THE HOTEL WE WILL DO OUR BEST TO MEET YOUR ROOM TYPE PREFERENCE THIS IS SUBJECT TO,Run of the House
34465,WALMART STORES INCOR|SPECIALTY ROOM WHEN YOU ARRIVE AT THE HOTEL WE WILL DO OUR BEST TO MEET YOUR ROOM TYPE PREFERENCE THIS IS SUBJECT TO,Run of the House
34466,WALMART STORES INCORPORATED|GOLD SPECIALTY ROOM WHEN YOU ARRIVE AT THE HOTEL WE WILL DO OUR BEST TO MEET YOUR ROOM TYPE PREFERENCE THIS IS SUBJECT TO,Run of the House
34467,"WALMART STORES INCORPORATED|GOLD 1 KING OR 2 QUEEN WHEN YOU ARRIVE, WE WILL DO OUR BEST TO MEET YOUR BED TYPE PREFERENCE, SUBJECT TO AVAILABILITY AND",Run of the House
34468,"WALMART STORES INCORPORATED|1 KING OR 2 QUEEN WHEN YOU ARRIVE, WE WILL DO OUR BEST TO MEET YOUR BED TYPE PREFERENCE, SUBJECT TO AVAILABILITY AND",Run of the House
34479,BEST FLEXIBLE RATE|SPECIALTY ROOM WHEN YOU ARRIVE AT THE HOTEL WE WILL DO OUR BEST TO MEET YOUR ROOM TYPE PREFERENCE THIS IS SUBJECT TO,Run of the House
34481,"WALMART STORES INCORPORATED|1 KING OR 2 QUEEN WHEN YOU ARRIVE, WE WILL DO OUR BEST TO MEET YOUR BED TYPE PREFERENCE, SUBJECT TO AVAILABILITY AND",Run of the House
34484,"WALMART STORES INCORPORATED|GOLD 1 KING OR 2 QUEEN WHEN YOU ARRIVE, WE WILL DO OUR BEST TO MEET YOUR BED TYPE PREFERENCE, SUBJECT TO AVAILABILITY AND",Run of the House
34485,WALMART STORES INCORPORATED|GOLD SPECIALTY ROOM WHEN YOU ARRIVE AT THE HOTEL WE WILL DO OUR BEST TO MEET YOUR ROOM TYPE PREFERENCE THIS IS SUBJECT TO,Run of the House
34486,"5000 RC BONUS INCLUDES ROOM|AND 5000 RC BONUS POINTS PER ANY CONSECUTIVE 1 KING OR 2 QUEEN WHEN YOU ARRIVE, WE WILL DO OUR BEST TO MEET YOUR BED TYPE PREFERENCE, SUBJECT TO AVAILABILITY AND",Run of the House
34487,"WALMART STORES INCORPORATED|1 KING OR 2 QUEEN WHEN YOU ARRIVE, WE WILL DO OUR BEST TO MEET YOUR BED TYPE PREFERENCE, SUBJECT TO AVAILABILITY AND",Run of the House
34488,"WALMART STORES INCORPORATED|GOLD 1 KING OR 2 QUEEN WHEN YOU ARRIVE, WE WILL DO OUR BEST TO MEET YOUR BED TYPE PREFERENCE, SUBJECT TO AVAILABILITY AND",Run of the House
34491,TMC 7 LRA|SPECIALTY ROOM WHEN YOU ARRIVE AT THE HOTEL WE WILL DO OUR BEST TO MEET YOUR ROOM TYPE PREFERENCE THIS IS SUBJECT TO,Run of the House
34497,1000 BONUS POINTS NT INCLUDES|ROOM AND 1000 REWARDS CLUB BONUS POINTS PER SPECIALTY ROOM WHEN YOU ARRIVE AT THE HOTEL WE WILL DO OUR BEST TO MEET YOUR ROOM TYPE PREFERENCE THIS IS SUBJECT TO,Run of the House
34499,MILITARY APPRECIATIO LEISURE|RATE FOR U.S. AND CANADIAN ACTIVE DUTY SPECIALTY ROOM WHEN YOU ARRIVE AT THE HOTEL WE WILL DO OUR BEST TO MEET YOUR ROOM TYPE PREFERENCE THIS IS SUBJECT TO,Run of the House
34500,CWT|SPECIALTY ROOM WHEN YOU ARRIVE AT THE HOTEL WE WILL DO OUR BEST TO MEET YOUR ROOM TYPE PREFERENCE THIS IS SUBJECT TO,Run of the House
34503,"MILITARY APPRECIATIO LEISURE|RATE FOR U.S. AND CANADIAN ACTIVE DUTY 1 KING OR 2 QUEEN WHEN YOU ARRIVE, WE WILL DO OUR BEST TO MEET YOUR BED TYPE PREFERENCE, SUBJECT TO AVAILABILITY AND",Run of the House
34505,"STAY LONGER SAVE SPECIAL|SAVINGS WHEN YOU STAY LONGER AND RESERVE IN 1 KING OR 2 QUEEN WHEN YOU ARRIVE, WE WILL DO OUR BEST TO MEET YOUR BED TYPE PREFERENCE, SUBJECT TO AVAILABILITY AND",Run of the House
34507,BEST FLEXIBLE RATE|SPECIALTY ROOM WHEN YOU ARRIVE AT THE HOTEL WE WILL DO OUR BEST TO MEET YOUR ROOM TYPE PREFERENCE THIS IS SUBJECT TO,Run of the House
34510,"WALMART STORES INCORPORATED|GOLD 1 KING OR 2 QUEEN WHEN YOU ARRIVE, WE WILL DO OUR BEST TO MEET YOUR BED TYPE PREFERENCE, SUBJECT TO AVAILABILITY AND",Run of the House
34511,"5000 RC BONUS INCLUDES ROOM|AND 5000 RC BONUS POINTS PER ANY CONSECUTIVE 1 KING OR 2 QUEEN WHEN YOU ARRIVE, WE WILL DO OUR BEST TO MEET YOUR BED TYPE PREFERENCE, SUBJECT TO AVAILABILITY AND",Run of the House
34512,"FEDROOMS|1 KING OR 2 QUEEN WHEN YOU ARRIVE, WE WILL DO OUR BEST TO MEET YOUR BED TYPE PREFERENCE, SUBJECT TO AVAILABILITY AND",Run of the House
34514,"GOVERNMENT RATE|1 KING OR 2 QUEEN WHEN YOU ARRIVE, WE WILL DO OUR BEST TO MEET YOUR BED TYPE PREFERENCE, SUBJECT TO AVAILABILITY AND",Run of the House
34515,"STATE GOVERNMENT|1 KING OR 2 QUEEN WHEN YOU ARRIVE, WE WILL DO OUR BEST TO MEET YOUR BED TYPE PREFERENCE, SUBJECT TO AVAILABILITY AND",Run of the House
34516,"ADVANCE SAVER|1 KING OR 2 QUEEN WHEN YOU ARRIVE, WE WILL DO OUR BEST TO MEET YOUR BED TYPE PREFERENCE, SUBJECT TO AVAILABILITY AND",Run of the House
34521,AAA MEMBERSHIP RATE|DELUXE ROOM AN UPGRADE FROM OUR STANDARD ROOMS. BED TYPE CANNOT BE GUARANTEED AS IT WILL BE ALLOCATED ON ARRIVAL,Run of the House
34523,STAY LONGER SAVE|SPECIALTY ROOM WHEN YOU ARRIVE AT THE HOTEL WE WILL DO OUR BEST TO MEET YOUR ROOM TYPE PREFERENCE THIS IS SUBJECT TO,Run of the House
34525,ADVANCE SAVER|SPECIALTY ROOM WHEN YOU ARRIVE AT THE HOTEL WE WILL DO OUR BEST TO MEET YOUR ROOM TYPE PREFERENCE THIS IS SUBJECT TO,Run of the House
34529,"STAY LONGER SAVE SPECIAL|SAVINGS WHEN YOU STAY LONGER AND RESERVE IN 1 KING OR 2 QUEEN WHEN YOU ARRIVE, WE WILL DO OUR BEST TO MEET YOUR BED TYPE PREFERENCE, SUBJECT TO AVAILABILITY AND",Run of the House
34531,"WALMART STORES INCORPORATED|GOLD 1 KING OR 2 QUEEN WHEN YOU ARRIVE, WE WILL DO OUR BEST TO MEET YOUR BED TYPE PREFERENCE, SUBJECT TO AVAILABILITY AND",Run of the House
34533,WALMART STORES INCORPORATED|GOLD SPECIALTY ROOM WHEN YOU ARRIVE AT THE HOTEL WE WILL DO OUR BEST TO MEET YOUR ROOM TYPE PREFERENCE THIS IS SUBJECT TO,Run of the House
34535,"WALMART STORES INCORPORATED|1 KING OR 2 QUEEN WHEN YOU ARRIVE, WE WILL DO OUR BEST TO MEET YOUR BED TYPE PREFERENCE, SUBJECT TO AVAILABILITY AND",Run of the House
34536,WALMART STORES INCOR|SPECIALTY ROOM WHEN YOU ARRIVE AT THE HOTEL WE WILL DO OUR BEST TO MEET YOUR ROOM TYPE PREFERENCE THIS IS SUBJECT TO,Run of the House
34539,"ADVANCE SAVER|1 KING OR 2 QUEEN WHEN YOU ARRIVE, WE WILL DO OUR BEST TO MEET YOUR BED TYPE PREFERENCE, SUBJECT TO AVAILABILITY AND",Run of the House
34542,ADVANCE SAVER|SPECIALTY ROOM WHEN YOU ARRIVE AT THE HOTEL WE WILL DO OUR BEST TO MEET YOUR ROOM TYPE PREFERENCE THIS IS SUBJECT TO,Run of the House
34544,"BOOK NOW, PAY LATER|1 KING OR 2 QUEEN WHEN YOU ARRIVE, WE WILL DO OUR BEST TO MEET YOUR BED TYPE PREFERENCE, SUBJECT TO AVAILABILITY AND",Run of the House
34545,"2000 POINTS PER STAY PACKAGE|INCLUDES 2000 IHG REWARDS CLUB BONUS POINTS 1 KING OR 2 QUEEN WHEN YOU ARRIVE, WE WILL DO OUR BEST TO MEET YOUR BED TYPE PREFERENCE, SUBJECT TO AVAILABILITY AND",Run of the House
34547,"ADVANCE SAVER|1 KING OR 2 QUEEN WHEN YOU ARRIVE, WE WILL DO OUR BEST TO MEET YOUR BED TYPE PREFERENCE, SUBJECT TO AVAILABILITY AND",Run of the House
34554,"WALMART STORES INCORPORATED|GOLD 1 KING OR 2 QUEEN WHEN YOU ARRIVE, WE WILL DO OUR BEST TO MEET YOUR BED TYPE PREFERENCE, SUBJECT TO AVAILABILITY AND",Run of the House
34558,"WALMART STORES INCORPORATED|1 KING OR 2 QUEEN WHEN YOU ARRIVE, WE WILL DO OUR BEST TO MEET YOUR BED TYPE PREFERENCE, SUBJECT TO AVAILABILITY AND",Run of the House
34559,1000 BONUS POINTS NT INCLUDES|ROOM AND 1000 REWARDS CLUB BONUS POINTS PER SPECIALTY ROOM WHEN YOU ARRIVE AT THE HOTEL WE WILL DO OUR BEST TO MEET YOUR ROOM TYPE PREFERENCE THIS IS SUBJECT TO,Run of the House
34562,"STAY LONGER SAVE SPECIAL|SAVINGS WHEN YOU STAY LONGER AND RESERVE IN 1 KING OR 2 QUEEN WHEN YOU ARRIVE, WE WILL DO OUR BEST TO MEET YOUR BED TYPE PREFERENCE, SUBJECT TO AVAILABILITY AND",Run of the House
34563,"STAY LONGER SAVE SPECIAL|SAVINGS WHEN YOU STAY LONGER AND RESERVE IN 1 KING OR 2 QUEEN WHEN YOU ARRIVE, WE WILL DO OUR BEST TO MEET YOUR BED TYPE PREFERENCE, SUBJECT TO AVAILABILITY AND",Run of the House
34565,ADVANCE SAVER|DELUXE ROOM AN UPGRADE FROM OUR STANDARD ROOMS. BED TYPE CANNOT BE GUARANTEED AS IT WILL BE ALLOCATED ON ARRIVAL,Run of the House
34570,ADVANCE SAVER|1 KING OR 2 QUEEN WHEN YOU ARRIVE WE WILL DO OUR BEST TO MEET YOUR BED TYPE PREFERENCE SUBJECT TO AVAILABILITY AND,Run of the House
34572,CWT|SPECIALTY ROOM WHEN YOU ARRIVE AT THE HOTEL WE WILL DO OUR BEST TO MEET YOUR ROOM TYPE PREFERENCE THIS IS SUBJECT TO,Run of the House
34574,WALMART STORES INCORPORATED|GOLD SPECIALTY ROOM WHEN YOU ARRIVE AT THE HOTEL WE WILL DO OUR BEST TO MEET YOUR ROOM TYPE PREFERENCE THIS IS SUBJECT TO,Run of the House
34575,"5000 RC BONUS INCLUDES ROOM|AND 5000 RC BONUS POINTS PER ANY CONSECUTIVE 1 KING OR 2 QUEEN WHEN YOU ARRIVE, WE WILL DO OUR BEST TO MEET YOUR BED TYPE PREFERENCE, SUBJECT TO AVAILABILITY AND",Run of the House
34578,"ADVANCE SAVER|1 KING OR 2 QUEEN WHEN YOU ARRIVE, WE WILL DO OUR BEST TO MEET YOUR BED TYPE PREFERENCE, SUBJECT TO AVAILABILITY AND",Run of the House
34583,TYSON FOODS INCORPORATED GOLD|SPECIALTY ROOM WHEN YOU ARRIVE AT THE HOTEL WE WILL DO OUR BEST TO MEET YOUR ROOM TYPE PREFERENCE THIS IS SUBJECT TO,Run of the House
34584,RADIUS TRAVEL|SPECIALTY ROOM WHEN YOU ARRIVE AT THE HOTEL WE WILL DO OUR BEST TO MEET YOUR ROOM TYPE PREFERENCE THIS IS SUBJECT TO,Run of the House
34586,"5000 RC BONUS INCLUDES ROOM|AND 5000 RC BONUS POINTS PER ANY CONSECUTIVE 1 KING OR 2 QUEEN WHEN YOU ARRIVE, WE WILL DO OUR BEST TO MEET YOUR BED TYPE PREFERENCE, SUBJECT TO AVAILABILITY AND",Run of the House
34588,"5000 RC BONUS INCLUDES ROOM|AND 5000 RC BONUS POINTS PER ANY CONSECUTIVE 1 KING OR 2 QUEEN WHEN YOU ARRIVE, WE WILL DO OUR BEST TO MEET YOUR BED TYPE PREFERENCE, SUBJECT TO AVAILABILITY AND",Run of the House
34590,"WALMART STORES INCORPORATED|GOLD 1 KING OR 2 QUEEN WHEN YOU ARRIVE, WE WILL DO OUR BEST TO MEET YOUR BED TYPE PREFERENCE, SUBJECT TO AVAILABILITY AND",Run of the House
34591,"WALMART STORES INCOR|1 KING OR 2 QUEEN WHEN YOU ARRIVE, WE WILL DO OUR BEST TO MEET YOUR BED TYPE PREFERENCE, SUBJECT TO AVAILABILITY AND",Run of the House
34601,BEST FLEXIBLE RATE|SPECIALTY ROOM BED TYPE CANNOT BE GUARANTEED AS IT WILL BE ALLOCATED UPON ARRIVAL BASED ON AVAILABILITY BREAKFAST AND,Run of the House
34603,"BOOK NOW, PAY LATER|SPECIALTY ROOM WHEN YOU ARRIVE AT THE HOTEL WE WILL DO OUR BEST TO MEET YOUR ROOM TYPE PREFERENCE THIS IS SUBJECT TO",Run of the House
34604,"BOOK NOW, PAY LATER|1 KING OR 2 QUEEN WHEN YOU ARRIVE, WE WILL DO OUR BEST TO MEET YOUR BED TYPE PREFERENCE, SUBJECT TO AVAILABILITY AND",Run of the House
34605,"TYSON FOODS INCORPORATED GOLD|1 KING OR 2 QUEEN WHEN YOU ARRIVE, WE WILL DO OUR BEST TO MEET YOUR BED TYPE PREFERENCE, SUBJECT TO AVAILABILITY AND",Run of the House
34611,"MILITARY APPRECIATIO LEISURE|RATE FOR U.S. AND CANADIAN ACTIVE DUTY 1 KING OR 2 QUEEN WHEN YOU ARRIVE, WE WILL DO OUR BEST TO MEET YOUR BED TYPE PREFERENCE, SUBJECT TO AVAILABILITY AND",Run of the House
34615,"GOVERNMENT RATE|1 KING OR 2 QUEEN WHEN YOU ARRIVE, WE WILL DO OUR BEST TO MEET YOUR BED TYPE PREFERENCE, SUBJECT TO AVAILABILITY AND",Run of the House
34617,BREAKFAST FOR 2 ADULTS FULL|BREAKFAST DAILY FOR UP TO TWO ADULTS SHARING A DELUXE ROOM AN UPGRADE FROM OUR STANDARD ROOMS. BED TYPE CANNOT BE GUARANTEED AS IT WILL BE ALLOCATED ON ARRIVAL,Run of the House
34618,"BOOK NOW, PAY LATER|SPECIALTY ROOM WHEN YOU ARRIVE AT THE HOTEL WE WILL DO OUR BEST TO MEET YOUR ROOM TYPE PREFERENCE THIS IS SUBJECT TO",Run of the House
34626,WALMART STORES INCORPORATED|GOLD SPECIALTY ROOM WHEN YOU ARRIVE AT THE HOTEL WE WILL DO OUR BEST TO MEET YOUR ROOM TYPE PREFERENCE THIS IS SUBJECT TO,Run of the House
34628,BEST FLEXIBLE RATE|SPECIALTY ROOM BED TYPE CANNOT BE GUARANTEED AS IT WILL BE ALLOCATED UPON ARRIVAL BASED ON AVAILABILITY BREAKFAST AND,Run of the House
34629,"SPRING GETAWAY PACKAGE|INCLUDES 2000 IHG REWARDS CLUB BONUS POINTS 1 KING OR 2 QUEEN WHEN YOU ARRIVE, WE WILL DO OUR BEST TO MEET YOUR BED TYPE PREFERENCE, SUBJECT TO AVAILABILITY AND",Run of the House
34631,BEST FLEXIBLE RATE|SPECIALTY ROOM WHEN YOU ARRIVE AT THE HOTEL WE WILL DO OUR BEST TO MEET YOUR ROOM TYPE PREFERENCE THIS IS SUBJECT TO,Run of the House
34632,"STATE GOVERNMENT|1 KING OR 2 QUEEN WHEN YOU ARRIVE, WE WILL DO OUR BEST TO MEET YOUR BED TYPE PREFERENCE, SUBJECT TO AVAILABILITY AND",Run of the House
34634,1000 BONUS POINTS NT INCLUDES|ROOM AND 1000 REWARDS CLUB BONUS POINTS PER SPECIALTY ROOM BED TYPE CANNOT BE GUARANTEED AS IT WILL BE ALLOCATED UPON ARRIVAL BASED ON AVAILABILITY BREAKFAST AND,Run of the House
34635,1000 BONUS POINTS NT INCLUDES|ROOM AND 1000 REWARDS CLUB BONUS POINTS PER SPECIALTY ROOM BED TYPE CANNOT BE GUARANTEED AS IT WILL BE ALLOCATED UPON ARRIVAL BASED ON AVAILABILITY BREAKFAST AND,Run of the House
34636,BEST FLEXIBLE RATE|SPECIALTY ROOM BED TYPE CANNOT BE GUARANTEED AS IT WILL BE ALLOCATED UPON ARRIVAL BASED ON AVAILABILITY BREAKFAST AND,Run of the House
34638,5000 RC BONUS INCLUDES ROOM|AND 5000 RC BONUS POINTS PER ANY CONSECUTIVE SPECIALTY ROOM WHEN YOU ARRIVE AT THE HOTEL WE WILL DO OUR BEST TO MEET YOUR ROOM TYPE PREFERENCE THIS IS SUBJECT TO,Run of the House
34639,"FEDROOMS|1 KING OR 2 QUEEN WHEN YOU ARRIVE, WE WILL DO OUR BEST TO MEET YOUR BED TYPE PREFERENCE, SUBJECT TO AVAILABILITY AND",Run of the House
34643,TMC 7 LRA|SPECIALTY ROOM WHEN YOU ARRIVE AT THE HOTEL WE WILL DO OUR BEST TO MEET YOUR ROOM TYPE PREFERENCE THIS IS SUBJECT TO,Run of the House
34646,"5000 RC BONUS INCLUDES ROOM|AND 5000 RC BONUS POINTS PER ANY CONSECUTIVE 1 KING OR 2 QUEEN WHEN YOU ARRIVE, WE WILL DO OUR BEST TO MEET YOUR BED TYPE PREFERENCE, SUBJECT TO AVAILABILITY AND",Run of the House
34649,BEST FLEXIBLE RATE|SPECIALTY ROOM WHEN YOU ARRIVE AT THE HOTEL WE WILL DO OUR BEST TO MEET YOUR ROOM TYPE PREFERENCE THIS IS SUBJECT TO,Run of the House
34650,AAA-CAA RATE|RUN OF HOUSE-NON-SMOKING -SPECIAL RATE FOR AAA-CAA MEMBERS-ID REQUIRED,Run of the House
34652,"BOOK NOW, PAY LATER|1 KING OR 2 QUEEN WHEN YOU ARRIVE, WE WILL DO OUR BEST TO MEET YOUR BED TYPE PREFERENCE, SUBJECT TO AVAILABILITY AND",Run of the House
34653,1000 BONUS POINTS NT INCLUDES|ROOM AND 1000 REWARDS CLUB BONUS POINTS PER SPECIALTY ROOM WHEN YOU ARRIVE AT THE HOTEL WE WILL DO OUR BEST TO MEET YOUR ROOM TYPE PREFERENCE THIS IS SUBJECT TO,Run of the House
34654,GENERAL RATES|RUN OF HOUSE-NON-SMOKING,Run of the House
34656,"5000 RC BONUS INCLUDES ROOM|AND 5000 RC BONUS POINTS PER ANY CONSECUTIVE 1 KING OR 2 QUEEN WHEN YOU ARRIVE, WE WILL DO OUR BEST TO MEET YOUR BED TYPE PREFERENCE, SUBJECT TO AVAILABILITY AND",Run of the House
34658,CWT|SPECIALTY ROOM WHEN YOU ARRIVE AT THE HOTEL WE WILL DO OUR BEST TO MEET YOUR ROOM TYPE PREFERENCE THIS IS SUBJECT TO,Run of the House
34661,5000 RC BONUS INCLUDES ROOM|AND 5000 RC BONUS POINTS PER ANY CONSECUTIVE SPECIALTY ROOM WHEN YOU ARRIVE AT THE HOTEL WE WILL DO OUR BEST TO MEET YOUR ROOM TYPE PREFERENCE THIS IS SUBJECT TO,Run of the House
34664,BEST FLEXIBLE RATE|SPECIALTY ROOM BED TYPE CANNOT BE GUARANTEED AS IT WILL BE ALLOCATED UPON ARRIVAL BASED ON AVAILABILITY. BREAKFAST AND,Run of the House
34666,1000 BONUS POINTS NT INCLUDES|ROOM AND 1000 REWARDS CLUB BONUS POINTS PER SPECIALTY ROOM BED TYPE CANNOT BE GUARANTEED AS IT WILL BE ALLOCATED UPON ARRIVAL BASED ON AVAILABILITY. BREAKFAST AND,Run of the House
34667,"WALMART STORES INCORPORATED|1 KING OR 2 QUEEN WHEN YOU ARRIVE, WE WILL DO OUR BEST TO MEET YOUR BED TYPE PREFERENCE, SUBJECT TO AVAILABILITY AND",Run of the House
34668,"5000 RC BONUS INCLUDES ROOM|AND 5000 RC BONUS POINTS PER ANY CONSECUTIVE 1 KING OR 2 QUEEN WHEN YOU ARRIVE, WE WILL DO OUR BEST TO MEET YOUR BED TYPE PREFERENCE, SUBJECT TO AVAILABILITY AND",Run of the House
34670,"STATE GOVERNMENT|1 KING OR 2 QUEEN WHEN YOU ARRIVE, WE WILL DO OUR BEST TO MEET YOUR BED TYPE PREFERENCE, SUBJECT TO AVAILABILITY AND",Run of the House
34680,"5000 RC BONUS INCLUDES ROOM|AND 5000 RC BONUS POINTS PER ANY CONSECUTIVE 1 KING OR 2 QUEEN WHEN YOU ARRIVE, WE WILL DO OUR BEST TO MEET YOUR BED TYPE PREFERENCE, SUBJECT TO AVAILABILITY AND",Run of the House
34681,"WALMART STORES INCORPORATED|GOLD 1 KING OR 2 QUEEN WHEN YOU ARRIVE, WE WILL DO OUR BEST TO MEET YOUR BED TYPE PREFERENCE, SUBJECT TO AVAILABILITY AND",Run of the House
34682,"ADVANCE SAVER|1 KING OR 2 QUEEN WHEN YOU ARRIVE, WE WILL DO OUR BEST TO MEET YOUR BED TYPE PREFERENCE, SUBJECT TO AVAILABILITY AND",Run of the House
34683,1000 BONUS POINTS NT INCLUDES|ROOM AND 1000 REWARDS CLUB BONUS POINTS PER SPECIALTY ROOM WHEN YOU ARRIVE AT THE HOTEL WE WILL DO OUR BEST TO MEET YOUR ROOM TYPE PREFERENCE THIS IS SUBJECT TO,Run of the House
34684,"STAY LONGER SAVE SPECIAL|SAVINGS WHEN YOU STAY LONGER AND RESERVE IN 1 KING OR 2 QUEEN WHEN YOU ARRIVE, WE WILL DO OUR BEST TO MEET YOUR BED TYPE PREFERENCE, SUBJECT TO AVAILABILITY AND",Run of the House
34685,5000 RC BONUS INCLUDES ROOM|AND 5000 RC BONUS POINTS PER ANY CONSECUTIVE 1 KING OR 2 QUEEN WHEN YOU ARRIVE WE WILL DO OUR BEST TO MEET YOUR BED TYPE PREFERENCE SUBJECT TO AVAILABILITY AND,Run of the House
34687,"WALMART STORES INCORPORATED|1 KING OR 2 QUEEN WHEN YOU ARRIVE, WE WILL DO OUR BEST TO MEET YOUR BED TYPE PREFERENCE, SUBJECT TO AVAILABILITY AND",Run of the House
34689,BEST FLEXIBLE RATE|SPECIALTY ROOM WHEN YOU ARRIVE AT THE HOTEL WE WILL DO OUR BEST TO MEET YOUR ROOM TYPE PREFERENCE THIS IS SUBJECT TO,Run of the House
34690,ADVANCE SAVER|SPECIALTY ROOM WHEN YOU ARRIVE AT THE HOTEL WE WILL DO OUR BEST TO MEET YOUR ROOM TYPE PREFERENCE THIS IS SUBJECT TO,Run of the House
34693,5000 RC BONUS INCLUDES ROOM|AND 5000 RC BONUS POINTS PER ANY CONSECUTIVE SPECIALTY ROOM WHEN YOU ARRIVE AT THE HOTEL WE WILL DO OUR BEST TO MEET YOUR ROOM TYPE PREFERENCE THIS IS SUBJECT TO,Run of the House
34699,BEST FLEXIBLE RATE|SPECIALTY ROOM BED TYPE CANNOT BE GUARANTEED AS IT WILL BE ALLOCATED UPON ARRIVAL BASED ON AVAILABILITY BREAKFAST AND,Run of the House
34700,BEST FLEXIBLE RATE|SPECIALTY ROOM BED TYPE CANNOT BE GUARANTEED AS IT WILL BE ALLOCATED UPON ARRIVAL BASED ON AVAILABILITY BREAKFAST AND,Run of the House
34702,1000 BONUS POINTS NT INCLUDES|ROOM AND 1000 REWARDS CLUB BONUS POINTS PER SPECIALTY ROOM BED TYPE CANNOT BE GUARANTEED AS IT WILL BE ALLOCATED UPON ARRIVAL BASED ON AVAILABILITY BREAKFAST AND,Run of the House
34705,ADVANCE SAVER|SPECIALTY ROOM WHEN YOU ARRIVE AT THE HOTEL WE WILL DO OUR BEST TO MEET YOUR ROOM TYPE PREFERENCE THIS IS SUBJECT TO,Run of the House
34707,KOCH INDUSTRIES INCORPORATED|GOLD SPECIALTY ROOM WHEN YOU ARRIVE AT THE HOTEL WE WILL DO OUR BEST TO MEET YOUR ROOM TYPE PREFERENCE THIS IS SUBJECT TO,Run of the House
34709,"STAY LONGER SAVE SPECIAL|SAVINGS WHEN YOU STAY LONGER AND RESERVE IN 1 KING OR 2 QUEEN WHEN YOU ARRIVE, WE WILL DO OUR BEST TO MEET YOUR BED TYPE PREFERENCE, SUBJECT TO AVAILABILITY AND",Run of the House
34710,1000 BONUS POINTS NT INCLUDES|ROOM AND 1000 REWARDS CLUB BONUS POINTS PER SPECIALTY ROOM BED TYPE CANNOT BE GUARANTEED AS IT WILL BE ALLOCATED UPON ARRIVAL BASED ON AVAILABILITY BREAKFAST AND,Run of the House
34712,WALMART STORES INCORPORATED|1 KING OR 2 QUEEN WHEN YOU ARRIVE WE WILL DO OUR BEST TO MEET YOUR BED TYPE PREFERENCE SUBJECT TO AVAILABILITY AND,Run of the House
34713,WALMART STORES INCORPORATED|GOLD 1 KING OR 2 QUEEN WHEN YOU ARRIVE WE WILL DO OUR BEST TO MEET YOUR BED TYPE PREFERENCE SUBJECT TO AVAILABILITY AND,Run of the House
34716,STAY LONGER SAVE SPECIAL|SAVINGS WHEN YOU STAY LONGER AND RESERVE IN 1 KING OR 2 QUEEN WHEN YOU ARRIVE WE WILL DO OUR BEST TO MEET YOUR BED TYPE PREFERENCE SUBJECT TO AVAILABILITY AND,Run of the House
34723,BEST FLEXIBLE RATE|SPECIALTY ROOM WHEN YOU ARRIVE AT THE HOTEL WE WILL DO OUR BEST TO MEET YOUR ROOM TYPE PREFERENCE THIS IS SUBJECT TO,Run of the House
34724,"BOOK NOW, PAY LATER|SPECIALTY ROOM WHEN YOU ARRIVE AT THE HOTEL WE WILL DO OUR BEST TO MEET YOUR ROOM TYPE PREFERENCE THIS IS SUBJECT TO",Run of the House
34725,1000 BONUS POINTS NT INCLUDES|ROOM AND 1000 REWARDS CLUB BONUS POINTS PER SPECIALTY ROOM WHEN YOU ARRIVE AT THE HOTEL WE WILL DO OUR BEST TO MEET YOUR ROOM TYPE PREFERENCE THIS IS SUBJECT TO,Run of the House
34729,MILITARY APPRECIATIO LEISURE|RATE FOR U.S. AND CANADIAN ACTIVE DUTY SPECIALTY ROOM WHEN YOU ARRIVE AT THE HOTEL WE WILL DO OUR BEST TO MEET YOUR ROOM TYPE PREFERENCE THIS IS SUBJECT TO,Run of the House
34733,BEST FLEXIBLE RATE|SPECIALTY ROOM WHEN YOU ARRIVE AT THE HOTEL WE WILL DO OUR BEST TO MEET YOUR ROOM TYPE PREFERENCE THIS IS SUBJECT TO,Run of the House
34737,BEST AVAILABLE RATE|RUN OF HOUSE ROOM ASSIGNED ON ARRIVAL,Run of the House
34740,ADVANCE SAVER|SPECIALTY ROOM WHEN YOU ARRIVE AT THE HOTEL WE WILL DO OUR BEST TO MEET YOUR ROOM TYPE PREFERENCE THIS IS SUBJECT TO,Run of the House
34741,"BOOK NOW, PAY LATER|1 KING OR 2 QUEEN WHEN YOU ARRIVE, WE WILL DO OUR BEST TO MEET YOUR BED TYPE PREFERENCE, SUBJECT TO AVAILABILITY AND",Run of the House
34742,5000 RC BONUS INCLUDES ROOM|AND 5000 RC BONUS POINTS PER ANY CONSECUTIVE SPECIALTY ROOM WHEN YOU ARRIVE AT THE HOTEL WE WILL DO OUR BEST TO MEET YOUR ROOM TYPE PREFERENCE THIS IS SUBJECT TO,Run of the House
34743,1000 BONUS POINTS NT INCLUDES|ROOM AND 1000 REWARDS CLUB BONUS POINTS PER SPECIALTY ROOM WHEN YOU ARRIVE AT THE HOTEL WE WILL DO OUR BEST TO MEET YOUR ROOM TYPE PREFERENCE THIS IS SUBJECT TO,Run of the House
34753,1000 BONUS POINTS NT INCLUDES|ROOM AND 1000 REWARDS CLUB BONUS POINTS PER SPECIALTY ROOM BED TYPE CANNOT BE GUARANTEED AS IT WILL BE ALLOCATED UPON ARRIVAL BASED ON AVAILABILITY BREAKFAST AND,Run of the House
34755,BEST FLEXIBLE RATE|SPECIALTY ROOM BED TYPE CANNOT BE GUARANTEED AS IT WILL BE ALLOCATED UPON ARRIVAL BASED ON AVAILABILITY BREAKFAST AND,Run of the House
34756,"BOOK NOW, PAY LATER|SPECIALTY ROOM WHEN YOU ARRIVE AT THE HOTEL WE WILL DO OUR BEST TO MEET YOUR ROOM TYPE PREFERENCE THIS IS SUBJECT TO",Run of the House
34757,"STAY LONGER SAVE|1 KING OR 2 QUEEN WHEN YOU ARRIVE, WE WILL DO OUR BEST TO MEET YOUR BED TYPE PREFERENCE, SUBJECT TO AVAILABILITY AND",Run of the House
34758,"BOOK NOW, PAY LATER|SPECIALTY ROOM WHEN YOU ARRIVE AT THE HOTEL WE WILL DO OUR BEST TO MEET YOUR ROOM TYPE PREFERENCE THIS IS SUBJECT TO",Run of the House
34759,TMC 7 LRA|SPECIALTY ROOM WHEN YOU ARRIVE AT THE HOTEL WE WILL DO OUR BEST TO MEET YOUR ROOM TYPE PREFERENCE THIS IS SUBJECT TO,Run of the House
34760,1000 BONUS POINTS NT INCLUDES|ROOM AND 1000 REWARDS CLUB BONUS POINTS PER SPECIALTY ROOM BED TYPE CANNOT BE GUARANTEED AS IT WILL BE ALLOCATED UPON ARRIVAL BASED ON AVAILABILITY BREAKFAST AND,Run of the House
34761,1000 BONUS POINTS NT INCLUDES|ROOM AND 1000 REWARDS CLUB BONUS POINTS PER SPECIALTY ROOM BED TYPE CANNOT BE GUARANTEED AS IT WILL BE ALLOCATED UPON ARRIVAL BASED ON AVAILABILITY BREAKFAST AND,Run of the House
34762,BEST FLEXIBLE RATE|SPECIALTY ROOM BED TYPE CANNOT BE GUARANTEED AS IT WILL BE ALLOCATED UPON ARRIVAL BASED ON AVAILABILITY BREAKFAST AND,Run of the House
34763,BEST FLEXIBLE RATE|SPECIALTY ROOM BED TYPE CANNOT BE GUARANTEED AS IT WILL BE ALLOCATED UPON ARRIVAL BASED ON AVAILABILITY BREAKFAST AND,Run of the House
34764,1000 BONUS POINTS NT INCLUDES|ROOM AND 1000 REWARDS CLUB BONUS POINTS PER SPECIALTY ROOM BED TYPE CANNOT BE GUARANTEED AS IT WILL BE ALLOCATED UPON ARRIVAL BASED ON AVAILABILITY BREAKFAST AND,Run of the House
34768,EVERY DAY IS A WEEKEND TIVEGA|RUN OF HOUSE-NON-SMOKING,Run of the House
34769,"BOOK NOW, PAY LATER|1 KING OR 2 QUEEN WHEN YOU ARRIVE, WE WILL DO OUR BEST TO MEET YOUR BED TYPE PREFERENCE, SUBJECT TO AVAILABILITY AND",Run of the House
34777,LATEGETAWAYS LAST MIN. DEAL|RUN OF HOUSE ROOM ASSIGNED ON ARRIVAL,Run of the House
34778,WALMART STORES INCORPORATED|GOLD SPECIALTY ROOM WHEN YOU ARRIVE AT THE HOTEL WE WILL DO OUR BEST TO MEET YOUR ROOM TYPE PREFERENCE THIS IS SUBJECT TO,Run of the House
34780,"WALMART STORES INCORPORATED|GOLD 1 KING OR 2 QUEEN WHEN YOU ARRIVE, WE WILL DO OUR BEST TO MEET YOUR BED TYPE PREFERENCE, SUBJECT TO AVAILABILITY AND",Run of the House
34781,TMC 7 LRA|SPECIALTY ROOM WHEN YOU ARRIVE AT THE HOTEL WE WILL DO OUR BEST TO MEET YOUR ROOM TYPE PREFERENCE THIS IS SUBJECT TO,Run of the House
34782,"WALMART STORES INCORPORATED|1 KING OR 2 QUEEN WHEN YOU ARRIVE, WE WILL DO OUR BEST TO MEET YOUR BED TYPE PREFERENCE, SUBJECT TO AVAILABILITY AND",Run of the House
34785,STAY LONGER SAVE|SPECIALTY ROOM WHEN YOU ARRIVE AT THE HOTEL WE WILL DO OUR BEST TO MEET YOUR ROOM TYPE PREFERENCE THIS IS SUBJECT TO,Run of the House
34786,TRAVEL LEADERS WORLDWIDE|HOTEL SPECIALTY ROOM WHEN YOU ARRIVE AT THE HOTEL WE WILL DO OUR BEST TO MEET YOUR ROOM TYPE PREFERENCE THIS IS SUBJECT TO,Run of the House
34787,WALMART STORES INCORPORATED|GOLD SPECIALTY ROOM WHEN YOU ARRIVE AT THE HOTEL WE WILL DO OUR BEST TO MEET YOUR ROOM TYPE PREFERENCE THIS IS SUBJECT TO,Run of the House
34789,1000 BONUS POINTS NT INCLUDES|ROOM AND 1000 REWARDS CLUB BONUS POINTS PER SPECIALTY ROOM BED TYPE CANNOT BE GUARANTEED AS IT WILL BE ALLOCATED UPON ARRIVAL BASED ON AVAILABILITY BREAKFAST AND,Run of the House
34790,1000 BONUS POINTS NT INCLUDES|ROOM AND 1000 REWARDS CLUB BONUS POINTS PER SPECIALTY ROOM BED TYPE CANNOT BE GUARANTEED AS IT WILL BE ALLOCATED UPON ARRIVAL BASED ON AVAILABILITY BREAKFAST AND,Run of the House
34791,TRAVEL LEADERS WORLDWIDE|HOTEL SPECIALTY ROOM WHEN YOU ARRIVE AT THE HOTEL WE WILL DO OUR BEST TO MEET YOUR ROOM TYPE PREFERENCE THIS IS SUBJECT TO,Run of the House
34792,BEST FLEXIBLE RATE|SPECIALTY ROOM BED TYPE CANNOT BE GUARANTEED AS IT WILL BE ALLOCATED UPON ARRIVAL BASED ON AVAILABILITY BREAKFAST AND,Run of the House
34793,1000 BONUS POINTS NT INCLUDES|ROOM AND 1000 REWARDS CLUB BONUS POINTS PER SPECIALTY ROOM BED TYPE CANNOT BE GUARANTEED AS IT WILL BE ALLOCATED UPON ARRIVAL BASED ON AVAILABILITY BREAKFAST AND,Run of the House
34794,BEST FLEXIBLE RATE|SPECIALTY ROOM BED TYPE CANNOT BE GUARANTEED AS IT WILL BE ALLOCATED UPON ARRIVAL BASED ON AVAILABILITY BREAKFAST AND,Run of the House
34795,BEST FLEXIBLE RATE|SPECIALTY ROOM BED TYPE CANNOT BE GUARANTEED AS IT WILL BE ALLOCATED UPON ARRIVAL BASED ON AVAILABILITY BREAKFAST AND,Run of the House
34797,5000 RC BONUS INCLUDES ROOM|AND 5000 RC BONUS POINTS PER ANY CONSECUTIVE SPECIALTY ROOM WHEN YOU ARRIVE AT THE HOTEL WE WILL DO OUR BEST TO MEET YOUR ROOM TYPE PREFERENCE THIS IS SUBJECT TO,Run of the House
34799,BEST AVAILABLE RATE|RUN OF HOUSE ROOM ASSIGNED ON ARRIVAL,Run of the House
34801,"BCD TRAVEL|1 KING OR 2 QUEEN WHEN YOU ARRIVE, WE WILL DO OUR BEST TO MEET YOUR BED TYPE PREFERENCE, SUBJECT TO AVAILABILITY AND",Run of the House
34803,"BCD TRAVEL|1 KING OR 2 QUEEN WHEN YOU ARRIVE, WE WILL DO OUR BEST TO MEET YOUR BED TYPE PREFERENCE, SUBJECT TO AVAILABILITY AND",Run of the House
34805,1000 BONUS POINTS NT INCLUDES|ROOM AND 1000 REWARDS CLUB BONUS POINTS PER SPECIALTY ROOM BED TYPE CANNOT BE GUARANTEED AS IT WILL BE ALLOCATED UPON ARRIVAL BASED ON AVAILABILITY BREAKFAST AND,Run of the House
34808,BEST FLEXIBLE RATE|SPECIALTY ROOM BED TYPE CANNOT BE GUARANTEED AS IT WILL BE ALLOCATED UPON ARRIVAL BASED ON AVAILABILITY BREAKFAST AND,Run of the House
34810,"BOOK NOW, PAY LATER|SPECIALTY ROOM WHEN YOU ARRIVE AT THE HOTEL WE WILL DO OUR BEST TO MEET YOUR ROOM TYPE PREFERENCE THIS IS SUBJECT TO",Run of the House
34812,STAY LONGER SAVE|SPECIALTY ROOM WHEN YOU ARRIVE AT THE HOTEL WE WILL DO OUR BEST TO MEET YOUR ROOM TYPE PREFERENCE THIS IS SUBJECT TO,Run of the House
34813,ADVANCE SAVER|SPECIALTY ROOM WHEN YOU ARRIVE AT THE HOTEL WE WILL DO OUR BEST TO MEET YOUR ROOM TYPE PREFERENCE THIS IS SUBJECT TO,Run of the House
34814,BEST AVAILABLE RATE|RUN OF HOUSE ROOM ASSIGNED ON ARRIVAL,Run of the House
34817,SUMMER JOY WITH BKFT|SPECIALTY ROOM BED TYPE CANNOT BE GUARANTEED AS IT WILL BE ALLOCATED UPON ARRIVAL BASED ON AVAILABILITY BREAKFAST AND,Run of the House
34819,1000 BONUS POINTS NT INCLUDES|ROOM AND 1000 REWARDS CLUB BONUS POINTS PER SPECIALTY ROOM BED TYPE CANNOT BE GUARANTEED AS IT WILL BE ALLOCATED UPON ARRIVAL BASED ON AVAILABILITY BREAKFAST AND,Run of the House
34823,BEST FLEXIBLE RATE|SPECIALTY ROOM BED TYPE CANNOT BE GUARANTEED AS IT WILL BE ALLOCATED UPON ARRIVAL BASED ON AVAILABILITY BREAKFAST AND,Run of the House
34826,"GOVERNMENT RATE|1 KING OR 2 QUEEN WHEN YOU ARRIVE, WE WILL DO OUR BEST TO MEET YOUR BED TYPE PREFERENCE, SUBJECT TO AVAILABILITY AND",Run of the House
34828,"MILITARY APPRECIATIO LEISURE|RATE FOR U.S. AND CANADIAN ACTIVE DUTY 1 KING OR 2 QUEEN WHEN YOU ARRIVE, WE WILL DO OUR BEST TO MEET YOUR BED TYPE PREFERENCE, SUBJECT TO AVAILABILITY AND",Run of the House
34829,1000 BONUS POINTS NT INCLUDES|ROOM AND 1000 REWARDS CLUB BONUS POINTS PER SPECIALTY ROOM WHEN YOU ARRIVE AT THE HOTEL WE WILL DO OUR BEST TO MEET YOUR ROOM TYPE PREFERENCE THIS IS SUBJECT TO,Run of the House
34830,"STATE GOVERNMENT|1 KING OR 2 QUEEN WHEN YOU ARRIVE, WE WILL DO OUR BEST TO MEET YOUR BED TYPE PREFERENCE, SUBJECT TO AVAILABILITY AND",Run of the House
34834,"BOOK NOW, PAY LATER|1 KING OR 2 QUEEN WHEN YOU ARRIVE, WE WILL DO OUR BEST TO MEET YOUR BED TYPE PREFERENCE, SUBJECT TO AVAILABILITY AND",Run of the House
34839,BEST FLEXIBLE RATE|SPECIALTY ROOM WHEN YOU ARRIVE AT THE HOTEL WE WILL DO OUR BEST TO MEET YOUR ROOM TYPE PREFERENCE THIS IS SUBJECT TO,Run of the House
34840,1000 BONUS POINTS NT INCLUDES|ROOM AND 1000 REWARDS CLUB BONUS POINTS PER SPECIALTY ROOM BED TYPE CANNOT BE GUARANTEED AS IT WILL BE ALLOCATED UPON ARRIVAL BASED ON AVAILABILITY BREAKFAST AND,Run of the House
34842,5000 RC BONUS INCLUDES ROOM|AND 5000 RC BONUS POINTS PER ANY CONSECUTIVE SPECIALTY ROOM WHEN YOU ARRIVE AT THE HOTEL WE WILL DO OUR BEST TO MEET YOUR ROOM TYPE PREFERENCE THIS IS SUBJECT TO,Run of the House
34843,BEST FLEXIBLE RATE|SPECIALTY ROOM BED TYPE CANNOT BE GUARANTEED AS IT WILL BE ALLOCATED UPON ARRIVAL BASED ON AVAILABILITY BREAKFAST AND,Run of the House
34848,1000 BONUS POINTS NT INCLUDES|ROOM AND 1000 REWARDS CLUB BONUS POINTS PER SPECIALTY ROOM WHEN YOU ARRIVE AT THE HOTEL WE WILL DO OUR BEST TO MEET YOUR ROOM TYPE PREFERENCE THIS IS SUBJECT TO,Run of the House
34849,BEST FLEXIBLE RATE|SPECIALTY ROOM BED TYPE CANNOT BE GUARANTEED AS IT WILL BE ALLOCATED UPON ARRIVAL BASED ON AVAILABILITY BREAKFAST AND,Run of the House
34850,"STAY LONGER SAVE SPECIAL|SAVINGS WHEN YOU STAY LONGER AND RESERVE IN 1 KING OR 2 QUEEN WHEN YOU ARRIVE, WE WILL DO OUR BEST TO MEET YOUR BED TYPE PREFERENCE, SUBJECT TO AVAILABILITY AND",Run of the House
34855,SUMMER JOY WITH BKFT|SPECIALTY ROOM BED TYPE CANNOT BE GUARANTEED AS IT WILL BE ALLOCATED UPON ARRIVAL BASED ON AVAILABILITY BREAKFAST AND,Run of the House
34859,"AAA MEMBERSHIP RATE|1 KING OR 2 QUEEN WHEN YOU ARRIVE, WE WILL DO OUR BEST TO MEET YOUR BED TYPE PREFERENCE, SUBJECT TO AVAILABILITY AND",Run of the House
34865,"MILITARY APPRECIATIO LEISURE|RATE FOR U.S. AND CANADIAN ACTIVE DUTY 1 KING OR 2 QUEEN WHEN YOU ARRIVE, WE WILL DO OUR BEST TO MEET YOUR BED TYPE PREFERENCE, SUBJECT TO AVAILABILITY AND",Run of the House
34867,MILITARY APPRECIATIO LEISURE|RATE FOR U.S. AND CANADIAN ACTIVE DUTY SPECIALTY ROOM WHEN YOU ARRIVE AT THE HOTEL WE WILL DO OUR BEST TO MEET YOUR ROOM TYPE PREFERENCE THIS IS SUBJECT TO,Run of the House
34870,"GOVERNMENT RATE|1 KING OR 2 QUEEN WHEN YOU ARRIVE, WE WILL DO OUR BEST TO MEET YOUR BED TYPE PREFERENCE, SUBJECT TO AVAILABILITY AND",Run of the House
34871,SUMMER JOY WITH BKFT|SPECIALTY ROOM BED TYPE CANNOT BE GUARANTEED AS IT WILL BE ALLOCATED UPON ARRIVAL BASED ON AVAILABILITY BREAKFAST AND,Run of the House
34875,"STATE GOVERNMENT|1 KING OR 2 QUEEN WHEN YOU ARRIVE, WE WILL DO OUR BEST TO MEET YOUR BED TYPE PREFERENCE, SUBJECT TO AVAILABILITY AND",Run of the House
34881,5000 RC BONUS INCLUDES ROOM|AND 5000 RC BONUS POINTS PER ANY CONSECUTIVE SPECIALTY ROOM WHEN YOU ARRIVE AT THE HOTEL WE WILL DO OUR BEST TO MEET YOUR ROOM TYPE PREFERENCE THIS IS SUBJECT TO,Run of the House
34882,BEST FLEXIBLE RATE|SPECIALTY ROOM BED TYPE CANNOT BE GUARANTEED AS IT WILL BE ALLOCATED UPON ARRIVAL BASED ON AVAILABILITY BREAKFAST AND,Run of the House
34883,SUMMER JOY WITH BKFT|SPECIALTY ROOM BED TYPE CANNOT BE GUARANTEED AS IT WILL BE ALLOCATED UPON ARRIVAL BASED ON AVAILABILITY BREAKFAST AND,Run of the House
34884,1000 BONUS POINTS NT INCLUDES|ROOM AND 1000 REWARDS CLUB BONUS POINTS PER SPECIALTY ROOM BED TYPE CANNOT BE GUARANTEED AS IT WILL BE ALLOCATED UPON ARRIVAL BASED ON AVAILABILITY BREAKFAST AND,Run of the House
34889,"FEDROOMS|1 KING OR 2 QUEEN WHEN YOU ARRIVE, WE WILL DO OUR BEST TO MEET YOUR BED TYPE PREFERENCE, SUBJECT TO AVAILABILITY AND",Run of the House
34890,"WALMART STORES INCORPORATED|1 KING OR 2 QUEEN WHEN YOU ARRIVE, WE WILL DO OUR BEST TO MEET YOUR BED TYPE PREFERENCE, SUBJECT TO AVAILABILITY AND",Run of the House
34894,TMC 7 LRA|SPECIALTY ROOM BED TYPE CANNOT BE GUARANTEED AS IT WILL BE ALLOCATED UPON ARRIVAL BASED ON AVAILABILITY BREAKFAST AND,Run of the House
34895,STAY LONGER SAVE|SPECIALTY ROOM WHEN YOU ARRIVE AT THE HOTEL WE WILL DO OUR BEST TO MEET YOUR ROOM TYPE PREFERENCE THIS IS SUBJECT TO,Run of the House
34896,"WALMART STORES INCORPORATED|GOLD 1 KING OR 2 QUEEN WHEN YOU ARRIVE, WE WILL DO OUR BEST TO MEET YOUR BED TYPE PREFERENCE, SUBJECT TO AVAILABILITY AND",Run of the House
34897,1000 BONUS POINTS NT INCLUDES|ROOM AND 1000 REWARDS CLUB BONUS POINTS PER SPECIALTY ROOM BED TYPE CANNOT BE GUARANTEED AS IT WILL BE ALLOCATED UPON ARRIVAL BASED ON AVAILABILITY BREAKFAST AND,Run of the House
34900,TMC 7 LRA|SPECIALTY ROOM WHEN YOU ARRIVE AT THE HOTEL WE WILL DO OUR BEST TO MEET YOUR ROOM TYPE PREFERENCE THIS IS SUBJECT TO,Run of the House
34902,BEST FLEXIBLE RATE|SPECIALTY ROOM BED TYPE CANNOT BE GUARANTEED AS IT WILL BE ALLOCATED UPON ARRIVAL BASED ON AVAILABILITY BREAKFAST AND,Run of the House
34903,5000 RC BONUS INCLUDES ROOM|AND 5000 RC BONUS POINTS PER ANY CONSECUTIVE SPECIALTY ROOM BED TYPE CANNOT BE GUARANTEED AS IT WILL BE ALLOCATED UPON ARRIVAL BASED ON AVAILABILITY BREAKFAST AND,Run of the House
34905,BEST FLEXIBLE RATE|SPECIALTY ROOM BED TYPE CANNOT BE GUARANTEED AS IT WILL BE ALLOCATED UPON ARRIVAL BASED ON AVAILABILITY BREAKFAST AND,Run of the House
34908,1000 BONUS POINTS NT INCLUDES|ROOM AND 1000 REWARDS CLUB BONUS POINTS PER SPECIALTY ROOM BED TYPE CANNOT BE GUARANTEED AS IT WILL BE ALLOCATED UPON ARRIVAL BASED ON AVAILABILITY BREAKFAST AND,Run of the House
34912,1000 BONUS POINTS NT INCLUDES|ROOM AND 1000 REWARDS CLUB BONUS POINTS PER SPECIALTY ROOM BED TYPE CANNOT BE GUARANTEED AS IT WILL BE ALLOCATED UPON ARRIVAL BASED ON AVAILABILITY BREAKFAST AND,Run of the House
34913,"BOOK NOW, PAY LATER|SPECIALTY ROOM WHEN YOU ARRIVE AT THE HOTEL WE WILL DO OUR BEST TO MEET YOUR ROOM TYPE PREFERENCE THIS IS SUBJECT TO",Run of the House
34914,SUMMER JOY WITH BKFT|SPECIALTY ROOM BED TYPE CANNOT BE GUARANTEED AS IT WILL BE ALLOCATED UPON ARRIVAL BASED ON AVAILABILITY BREAKFAST AND,Run of the House
34915,1000 BONUS POINTS NT INCLUDES|ROOM AND 1000 REWARDS CLUB BONUS POINTS PER SPECIALTY ROOM BED TYPE CANNOT BE GUARANTEED AS IT WILL BE ALLOCATED UPON ARRIVAL BASED ON AVAILABILITY BREAKFAST AND,Run of the House
34917,"BOOK NOW, PAY LATER|SPECIALTY ROOM WHEN YOU ARRIVE AT THE HOTEL WE WILL DO OUR BEST TO MEET YOUR ROOM TYPE PREFERENCE THIS IS SUBJECT TO",Run of the House
34918,BEST FLEXIBLE RATE|SPECIALTY ROOM BED TYPE CANNOT BE GUARANTEED AS IT WILL BE ALLOCATED UPON ARRIVAL BASED ON AVAILABILITY BREAKFAST AND,Run of the House
34919,TMC 7 LRA|SPECIALTY ROOM WHEN YOU ARRIVE AT THE HOTEL WE WILL DO OUR BEST TO MEET YOUR ROOM TYPE PREFERENCE THIS IS SUBJECT TO,Run of the House
34920,AARP RATE|RUN OF HOUSE-NON-SMOKING -EXCLUSIVE RATE FOR AARP MEMBERS,Run of the House
34927,"BCD TRAVEL|1 KING OR 2 QUEEN WHEN YOU ARRIVE, WE WILL DO OUR BEST TO MEET YOUR BED TYPE PREFERENCE, SUBJECT TO AVAILABILITY AND",Run of the House
34928,"GOVERNMENT RATE|1 KING OR 2 QUEEN WHEN YOU ARRIVE, WE WILL DO OUR BEST TO MEET YOUR BED TYPE PREFERENCE, SUBJECT TO AVAILABILITY AND",Run of the House
34931,1000 BONUS POINTS NT INCLUDES|ROOM AND 1000 REWARDS CLUB BONUS POINTS PER SPECIALTY ROOM BED TYPE CANNOT BE GUARANTEED AS IT WILL BE ALLOCATED UPON ARRIVAL BASED ON AVAILABILITY BREAKFAST AND,Run of the House
34932,ADVANCE SAVER|SPECIALTY ROOM WHEN YOU ARRIVE AT THE HOTEL WE WILL DO OUR BEST TO MEET YOUR ROOM TYPE PREFERENCE THIS IS SUBJECT TO,Run of the House
34934,"STATE GOVERNMENT|1 KING OR 2 QUEEN WHEN YOU ARRIVE, WE WILL DO OUR BEST TO MEET YOUR BED TYPE PREFERENCE, SUBJECT TO AVAILABILITY AND",Run of the House
34936,TMC 7 LRA|SPECIALTY ROOM WHEN YOU ARRIVE AT THE HOTEL WE WILL DO OUR BEST TO MEET YOUR ROOM TYPE PREFERENCE. THIS IS SUBJECT TO,Run of the House
34940,"MILITARY APPRECIATIO LEISURE|RATE FOR U.S. AND CANADIAN ACTIVE DUTY 1 KING OR 2 QUEEN WHEN YOU ARRIVE, WE WILL DO OUR BEST TO MEET YOUR BED TYPE PREFERENCE, SUBJECT TO AVAILABILITY AND",Run of the House
34941,BEST FLEXIBLE RATE|SPECIALTY ROOM BED TYPE CANNOT BE GUARANTEED AS IT WILL BE ALLOCATED UPON ARRIVAL BASED ON AVAILABILITY BREAKFAST AND,Run of the House
34945,WALMART STORES INCORPORATED|GOLD SPECIALTY ROOM WHEN YOU ARRIVE AT THE HOTEL WE WILL DO OUR BEST TO MEET YOUR ROOM TYPE PREFERENCE THIS IS SUBJECT TO,Run of the House
34949,"FEDROOMS|1 KING OR 2 QUEEN WHEN YOU ARRIVE, WE WILL DO OUR BEST TO MEET YOUR BED TYPE PREFERENCE, SUBJECT TO AVAILABILITY AND",Run of the House
34954,"STAY LONGER SAVE SPECIAL|SAVINGS WHEN YOU STAY LONGER AND RESERVE IN 1 KING OR 2 QUEEN WHEN YOU ARRIVE, WE WILL DO OUR BEST TO MEET YOUR BED TYPE PREFERENCE, SUBJECT TO AVAILABILITY AND",Run of the House
34956,TMC 7 LRA|SPECIALTY ROOM WHEN YOU ARRIVE AT THE HOTEL WE WILL DO OUR BEST TO MEET YOUR ROOM TYPE PREFERENCE THIS IS SUBJECT TO,Run of the House
34960,GREATRATE DISCOUNTED STAYS. 2|RUN OF HOUSE ROOM ASSIGNED ON ARRIVAL,Run of the House
34961,BEST AVAILABLE RATE|RUN OF HOUSE ROOM ASSIGNED ON ARRIVAL,Run of the House
34963,"WALMART STORES INCORPORATED|1 KING OR 2 QUEEN WHEN YOU ARRIVE, WE WILL DO OUR BEST TO MEET YOUR BED TYPE PREFERENCE, SUBJECT TO AVAILABILITY AND",Run of the House
34967,"FEDROOMS|1 KING OR 2 QUEEN WHEN YOU ARRIVE, WE WILL DO OUR BEST TO MEET YOUR BED TYPE PREFERENCE, SUBJECT TO AVAILABILITY AND",Run of the House
34968,1000 BONUS POINTS NT INCLUDES|ROOM AND 1000 REWARDS CLUB BONUS POINTS PER SPECIALTY ROOM WHEN YOU ARRIVE AT THE HOTEL WE WILL DO OUR BEST TO MEET YOUR ROOM TYPE PREFERENCE THIS IS SUBJECT TO,Run of the House
34970,"WALMART STORES INCOR|1 KING OR 2 QUEEN WHEN YOU ARRIVE, WE WILL DO OUR BEST TO MEET YOUR BED TYPE PREFERENCE, SUBJECT TO AVAILABILITY AND",Run of the House
34971,TRAVEL LEADERS WORLDWIDE|HOTEL SPECIALTY ROOM WHEN YOU ARRIVE AT THE HOTEL WE WILL DO OUR BEST TO MEET YOUR ROOM TYPE PREFERENCE THIS IS SUBJECT TO,Run of the House
34972,BEST FLEXIBLE RATE|SPECIALTY ROOM BED TYPE CANNOT BE GUARANTEED AS IT WILL BE ALLOCATED UPON ARRIVAL BASED ON AVAILABILITY BREAKFAST AND,Run of the House
34974,"WALMART STORES INCORPORATED|GOLD 1 KING OR 2 QUEEN WHEN YOU ARRIVE, WE WILL DO OUR BEST TO MEET YOUR BED TYPE PREFERENCE, SUBJECT TO AVAILABILITY AND",Run of the House
34975,5000 RC BONUS INCLUDES ROOM|AND 5000 RC BONUS POINTS PER ANY CONSECUTIVE SPECIALTY ROOM WHEN YOU ARRIVE AT THE HOTEL WE WILL DO OUR BEST TO MEET YOUR ROOM TYPE PREFERENCE THIS IS SUBJECT TO,Run of the House
34977,"WALMART STORES INCORPORATED|GOLD 1 KING OR 2 QUEEN WHEN YOU ARRIVE, WE WILL DO OUR BEST TO MEET YOUR BED TYPE PREFERENCE, SUBJECT TO AVAILABILITY AND",Run of the House
34979,ADVANCE SAVER|SPECIALTY ROOM WHEN YOU ARRIVE AT THE HOTEL WE WILL DO OUR BEST TO MEET YOUR ROOM TYPE PREFERENCE THIS IS SUBJECT TO,Run of the House
34981,BEST FLEXIBLE RATE|SPECIALTY ROOM BED TYPE CANNOT BE GUARANTEED AS IT WILL BE ALLOCATED UPON ARRIVAL BASED ON AVAILABILITY BREAKFAST AND,Run of the House
34983,1000 BONUS POINTS NT INCLUDES|ROOM AND 1000 REWARDS CLUB BONUS POINTS PER SPECIALTY ROOM BED TYPE CANNOT BE GUARANTEED AS IT WILL BE ALLOCATED UPON ARRIVAL BASED ON AVAILABILITY BREAKFAST AND,Run of the House
34988,KOCH INDUSTRIES INCORPORATED|GOLD SPECIALTY ROOM WHEN YOU ARRIVE AT THE HOTEL WE WILL DO OUR BEST TO MEET YOUR ROOM TYPE PREFERENCE THIS IS SUBJECT TO,Run of the House
34994,"ABB INC GOLD|1 KING OR 2 QUEEN WHEN YOU ARRIVE, WE WILL DO OUR BEST TO MEET YOUR BED TYPE PREFERENCE, SUBJECT TO AVAILABILITY AND",Run of the House
34996,STAY LONGER SAVE|SPECIALTY ROOM WHEN YOU ARRIVE AT THE HOTEL WE WILL DO OUR BEST TO MEET YOUR ROOM TYPE PREFERENCE THIS IS SUBJECT TO,Run of the House
34997,CWT|SPECIALTY ROOM WHEN YOU ARRIVE AT THE HOTEL WE WILL DO OUR BEST TO MEET YOUR ROOM TYPE PREFERENCE THIS IS SUBJECT TO,Run of the House
34998,"BOOK NOW, PAY LATER|DELUXE ROOM AN UPGRADE FROM OUR STANDARD ROOMS. BED TYPE CANNOT BE GUARANTEED AS IT WILL BE ALLOCATED ON ARRIVAL",Run of the House
34999,BEST FLEXIBLE RATE|SPECIALTY ROOM BED TYPE CANNOT BE GUARANTEED AS IT WILL BE ALLOCATED UPON ARRIVAL BASED ON AVAILABILITY. BREAKFAST AND,Run of the House
